"Time","A4261046"
"and","Tide/Estuary Lev (m)"
"Date","Mean"
01/10/2002 00:00,""
02/10/2002 00:00,       0.307
03/10/2002 00:00,       0.380
04/10/2002 00:00,       0.540
05/10/2002 00:00,       0.471
06/10/2002 00:00,       0.386
07/10/2002 00:00,       0.353
08/10/2002 00:00,       0.436
09/10/2002 00:00,       0.506
10/10/2002 00:00,       0.603
11/10/2002 00:00,       0.470
12/10/2002 00:00,       0.384
13/10/2002 00:00,       0.374
14/10/2002 00:00,       0.431
15/10/2002 00:00,       0.378
16/10/2002 00:00,       0.456
17/10/2002 00:00,       0.409
18/10/2002 00:00,       0.201
19/10/2002 00:00,       0.189
20/10/2002 00:00,       0.257
21/10/2002 00:00,       0.287
22/10/2002 00:00,       0.292
23/10/2002 00:00,       0.473
24/10/2002 00:00,       0.419
25/10/2002 00:00,       0.559
26/10/2002 00:00,       0.674
27/10/2002 00:00,       0.617
28/10/2002 00:00,       0.444
29/10/2002 00:00,""
30/10/2002 00:00,""
31/10/2002 00:00,""
01/11/2002 00:00,""
02/11/2002 00:00,""
03/11/2002 00:00,""
04/11/2002 00:00,""
05/11/2002 00:00,""
06/11/2002 00:00,""
07/11/2002 00:00,""
08/11/2002 00:00,""
09/11/2002 00:00,""
10/11/2002 00:00,""
11/11/2002 00:00,""
12/11/2002 00:00,""
13/11/2002 00:00,""
14/11/2002 00:00,""
15/11/2002 00:00,""
16/11/2002 00:00,""
17/11/2002 00:00,""
18/11/2002 00:00,""
19/11/2002 00:00,""
20/11/2002 00:00,""
21/11/2002 00:00,""
22/11/2002 00:00,       0.167
23/11/2002 00:00,       0.122
24/11/2002 00:00,       0.140
25/11/2002 00:00,       0.197
26/11/2002 00:00,       0.255
27/11/2002 00:00,       0.171
28/11/2002 00:00,       0.189
29/11/2002 00:00,       0.211
30/11/2002 00:00,       0.204
01/12/2002 00:00,       0.127
02/12/2002 00:00,       0.109
03/12/2002 00:00,       0.098
04/12/2002 00:00,       0.107
05/12/2002 00:00,       0.175
06/12/2002 00:00,       0.312
07/12/2002 00:00,       0.235
08/12/2002 00:00,       0.264
09/12/2002 00:00,       0.375
10/12/2002 00:00,       0.363
11/12/2002 00:00,       0.242
12/12/2002 00:00,       0.240
13/12/2002 00:00,       0.229
14/12/2002 00:00,       0.181
15/12/2002 00:00,       0.167
16/12/2002 00:00,       0.160
17/12/2002 00:00,       0.150
18/12/2002 00:00,       0.181
19/12/2002 00:00,       0.170
20/12/2002 00:00,       0.167
21/12/2002 00:00,       0.156
22/12/2002 00:00,       0.392
23/12/2002 00:00,       0.338
24/12/2002 00:00,       0.228
25/12/2002 00:00,       0.194
26/12/2002 00:00,       0.100
27/12/2002 00:00,       0.072
28/12/2002 00:00,       0.058
29/12/2002 00:00,       0.061
30/12/2002 00:00,       0.064
31/12/2002 00:00,       0.076
01/01/2003 00:00,       0.176
02/01/2003 00:00,       0.172
03/01/2003 00:00,       0.213
04/01/2003 00:00,       0.248
05/01/2003 00:00,       0.185
06/01/2003 00:00,       0.151
07/01/2003 00:00,       0.167
08/01/2003 00:00,       0.228
09/01/2003 00:00,       0.207
10/01/2003 00:00,       0.201
11/01/2003 00:00,       0.154
12/01/2003 00:00,       0.136
13/01/2003 00:00,       0.130
14/01/2003 00:00,       0.190
15/01/2003 00:00,       0.219
16/01/2003 00:00,       0.163
17/01/2003 00:00,       0.129
18/01/2003 00:00,       0.150
19/01/2003 00:00,       0.143
20/01/2003 00:00,       0.129
21/01/2003 00:00,       0.181
22/01/2003 00:00,       0.218
23/01/2003 00:00,       0.151
24/01/2003 00:00,       0.123
25/01/2003 00:00,       0.115
26/01/2003 00:00,       0.177
27/01/2003 00:00,       0.180
28/01/2003 00:00,       0.129
29/01/2003 00:00,       0.102
30/01/2003 00:00,       0.118
31/01/2003 00:00,       0.160
01/02/2003 00:00,       0.178
02/02/2003 00:00,       0.187
03/02/2003 00:00,       0.140
04/02/2003 00:00,       0.123
05/02/2003 00:00,       0.183
06/02/2003 00:00,       0.174
07/02/2003 00:00,       0.174
08/02/2003 00:00,       0.210
09/02/2003 00:00,       0.155
10/02/2003 00:00,       0.148
11/02/2003 00:00,       0.137
12/02/2003 00:00,       0.116
13/02/2003 00:00,       0.111
14/02/2003 00:00,       0.099
15/02/2003 00:00,       0.098
16/02/2003 00:00,       0.111
17/02/2003 00:00,       0.200
18/02/2003 00:00,       0.146
19/02/2003 00:00,       0.097
20/02/2003 00:00,      -0.006
21/02/2003 00:00,      -0.018
22/02/2003 00:00,       0.009
23/02/2003 00:00,       0.054
24/02/2003 00:00,       0.114
25/02/2003 00:00,       0.172
26/02/2003 00:00,       0.183
27/02/2003 00:00,       0.157
28/02/2003 00:00,       0.183
01/03/2003 00:00,       0.278
02/03/2003 00:00,       0.197
03/03/2003 00:00,       0.174
04/03/2003 00:00,       0.204
05/03/2003 00:00,       0.197
06/03/2003 00:00,       0.142
07/03/2003 00:00,       0.141
08/03/2003 00:00,       0.261
09/03/2003 00:00,       0.257
10/03/2003 00:00,       0.195
11/03/2003 00:00,       0.137
12/03/2003 00:00,       0.120
13/03/2003 00:00,       0.144
14/03/2003 00:00,       0.170
15/03/2003 00:00,       0.152
16/03/2003 00:00,       0.150
17/03/2003 00:00,       0.118
18/03/2003 00:00,       0.116
19/03/2003 00:00,       0.186
20/03/2003 00:00,       0.228
21/03/2003 00:00,       0.244
22/03/2003 00:00,       0.232
23/03/2003 00:00,       0.231
24/03/2003 00:00,       0.188
25/03/2003 00:00,       0.175
26/03/2003 00:00,       0.176
27/03/2003 00:00,       0.188
28/03/2003 00:00,       0.217
29/03/2003 00:00,       0.194
30/03/2003 00:00,       0.192
31/03/2003 00:00,       0.178
01/04/2003 00:00,       0.173
02/04/2003 00:00,       0.211
03/04/2003 00:00,       0.280
04/04/2003 00:00,       0.214
05/04/2003 00:00,       0.188
06/04/2003 00:00,       0.181
07/04/2003 00:00,       0.178
08/04/2003 00:00,       0.227
09/04/2003 00:00,       0.214
10/04/2003 00:00,       0.194
11/04/2003 00:00,       0.190
12/04/2003 00:00,       0.189
13/04/2003 00:00,       0.160
14/04/2003 00:00,       0.168
15/04/2003 00:00,       0.244
16/04/2003 00:00,       0.292
17/04/2003 00:00,       0.289
18/04/2003 00:00,       0.218
19/04/2003 00:00,       0.202
20/04/2003 00:00,       0.199
21/04/2003 00:00,       0.191
22/04/2003 00:00,       0.180
23/04/2003 00:00,       0.183
24/04/2003 00:00,       0.201
25/04/2003 00:00,       0.208
26/04/2003 00:00,       0.191
27/04/2003 00:00,       0.185
28/04/2003 00:00,       0.181
29/04/2003 00:00,       0.175
30/04/2003 00:00,       0.187
01/05/2003 00:00,       0.190
02/05/2003 00:00,       0.177
03/05/2003 00:00,       0.194
04/05/2003 00:00,       0.217
05/05/2003 00:00,       0.184
06/05/2003 00:00,       0.182
07/05/2003 00:00,       0.174
08/05/2003 00:00,       0.170
09/05/2003 00:00,""
10/05/2003 00:00,       0.215
11/05/2003 00:00,       0.216
12/05/2003 00:00,""
13/05/2003 00:00,""
14/05/2003 00:00,""
15/05/2003 00:00,""
16/05/2003 00:00,""
17/05/2003 00:00,""
18/05/2003 00:00,""
19/05/2003 00:00,""
20/05/2003 00:00,       0.424
21/05/2003 00:00,       0.471
22/05/2003 00:00,       0.368
23/05/2003 00:00,       0.313
24/05/2003 00:00,       0.333
25/05/2003 00:00,       0.303
26/05/2003 00:00,       0.292
27/05/2003 00:00,       0.296
28/05/2003 00:00,       0.261
29/05/2003 00:00,       0.230
30/05/2003 00:00,       0.214
31/05/2003 00:00,       0.193
01/06/2003 00:00,       0.221
02/06/2003 00:00,       0.238
03/06/2003 00:00,       0.308
04/06/2003 00:00,       0.345
05/06/2003 00:00,       0.413
06/06/2003 00:00,       0.449
07/06/2003 00:00,       0.569
08/06/2003 00:00,       0.571
09/06/2003 00:00,       0.526
10/06/2003 00:00,       0.485
11/06/2003 00:00,       0.457
12/06/2003 00:00,       0.437
13/06/2003 00:00,       0.481
14/06/2003 00:00,       0.532
15/06/2003 00:00,       0.564
16/06/2003 00:00,       0.582
17/06/2003 00:00,       0.580
18/06/2003 00:00,       0.579
19/06/2003 00:00,       0.570
20/06/2003 00:00,       0.524
21/06/2003 00:00,       0.400
22/06/2003 00:00,       0.493
23/06/2003 00:00,       0.467
24/06/2003 00:00,       0.433
25/06/2003 00:00,       0.416
26/06/2003 00:00,       0.339
27/06/2003 00:00,       0.370
28/06/2003 00:00,       0.430
29/06/2003 00:00,       0.476
30/06/2003 00:00,       0.583
01/07/2003 00:00,       0.590
02/07/2003 00:00,       0.555
03/07/2003 00:00,       0.497
04/07/2003 00:00,       0.427
05/07/2003 00:00,       0.368
06/07/2003 00:00,       0.318
07/07/2003 00:00,       0.325
08/07/2003 00:00,       0.371
09/07/2003 00:00,       0.366
10/07/2003 00:00,       0.346
11/07/2003 00:00,       0.302
12/07/2003 00:00,       0.266
13/07/2003 00:00,       0.363
14/07/2003 00:00,       0.334
15/07/2003 00:00,       0.331
16/07/2003 00:00,       0.384
17/07/2003 00:00,       0.387
18/07/2003 00:00,       0.398
19/07/2003 00:00,       0.378
20/07/2003 00:00,       0.341
21/07/2003 00:00,       0.281
22/07/2003 00:00,       0.226
23/07/2003 00:00,       0.287
24/07/2003 00:00,       0.384
25/07/2003 00:00,       0.466
26/07/2003 00:00,       0.415
27/07/2003 00:00,       0.346
28/07/2003 00:00,       0.305
29/07/2003 00:00,       0.420
30/07/2003 00:00,       0.506
31/07/2003 00:00,       0.423
01/08/2003 00:00,       0.351
02/08/2003 00:00,       0.320
03/08/2003 00:00,       0.282
04/08/2003 00:00,       0.287
05/08/2003 00:00,       0.353
06/08/2003 00:00,       0.468
07/08/2003 00:00,       0.494
08/08/2003 00:00,       0.508
09/08/2003 00:00,       0.616
10/08/2003 00:00,       0.572
11/08/2003 00:00,       0.506
12/08/2003 00:00,       0.494
13/08/2003 00:00,       0.537
14/08/2003 00:00,       0.589
15/08/2003 00:00,       0.508
16/08/2003 00:00,       0.455
17/08/2003 00:00,       0.427
18/08/2003 00:00,       0.495
19/08/2003 00:00,       0.447
20/08/2003 00:00,       0.380
21/08/2003 00:00,       0.265
22/08/2003 00:00,       0.376
23/08/2003 00:00,       0.426
24/08/2003 00:00,       0.460
25/08/2003 00:00,       0.480
26/08/2003 00:00,       0.457
27/08/2003 00:00,       0.395
28/08/2003 00:00,       0.344
29/08/2003 00:00,       0.310
30/08/2003 00:00,       0.226
31/08/2003 00:00,       0.449
01/09/2003 00:00,       0.506
02/09/2003 00:00,       0.436
03/09/2003 00:00,       0.487
04/09/2003 00:00,       0.374
05/09/2003 00:00,       0.439
06/09/2003 00:00,       0.492
07/09/2003 00:00,       0.537
08/09/2003 00:00,       0.581
09/09/2003 00:00,       0.496
10/09/2003 00:00,       0.540
11/09/2003 00:00,       0.559
12/09/2003 00:00,       0.539
13/09/2003 00:00,       0.538
14/09/2003 00:00,       0.604
15/09/2003 00:00,       0.642
16/09/2003 00:00,       0.643
17/09/2003 00:00,       0.618
18/09/2003 00:00,       0.683
19/09/2003 00:00,       0.727
20/09/2003 00:00,       0.751
21/09/2003 00:00,       0.741
22/09/2003 00:00,       0.716
23/09/2003 00:00,       0.641
24/09/2003 00:00,       0.518
25/09/2003 00:00,       0.615
26/09/2003 00:00,       0.733
27/09/2003 00:00,       0.850
28/09/2003 00:00,       0.746
29/09/2003 00:00,       0.804
30/09/2003 00:00,       0.716
01/10/2003 00:00,       0.678
02/10/2003 00:00,       0.847
03/10/2003 00:00,       0.660
04/10/2003 00:00,       0.584
05/10/2003 00:00,       0.539
06/10/2003 00:00,       0.509
07/10/2003 00:00,       0.428
08/10/2003 00:00,       0.570
09/10/2003 00:00,       0.501
10/10/2003 00:00,       0.596
11/10/2003 00:00,       0.532
12/10/2003 00:00,       0.418
13/10/2003 00:00,       0.316
14/10/2003 00:00,       0.256
15/10/2003 00:00,       0.280
16/10/2003 00:00,       0.285
17/10/2003 00:00,       0.274
18/10/2003 00:00,       0.217
19/10/2003 00:00,       0.259
20/10/2003 00:00,       0.285
21/10/2003 00:00,       0.385
22/10/2003 00:00,       0.377
23/10/2003 00:00,       0.366
24/10/2003 00:00,       0.365
25/10/2003 00:00,       0.374
26/10/2003 00:00,       0.313
27/10/2003 00:00,       0.284
28/10/2003 00:00,       0.338
29/10/2003 00:00,       0.271
30/10/2003 00:00,       0.217
31/10/2003 00:00,       0.360
01/11/2003 00:00,       0.364
02/11/2003 00:00,       0.392
03/11/2003 00:00,       0.260
04/11/2003 00:00,       0.178
05/11/2003 00:00,       0.172
06/11/2003 00:00,       0.190
07/11/2003 00:00,       0.179
08/11/2003 00:00,       0.164
09/11/2003 00:00,       0.139
10/11/2003 00:00,       0.123
11/11/2003 00:00,       0.099
12/11/2003 00:00,       0.107
13/11/2003 00:00,       0.003
14/11/2003 00:00,      -0.047
15/11/2003 00:00,       0.038
16/11/2003 00:00,       0.216
17/11/2003 00:00,      -0.066
18/11/2003 00:00,      -0.050
19/11/2003 00:00,       0.061
20/11/2003 00:00,       0.100
21/11/2003 00:00,       0.174
22/11/2003 00:00,       0.204
23/11/2003 00:00,       0.129
24/11/2003 00:00,       0.077
25/11/2003 00:00,       0.036
26/11/2003 00:00,      -0.017
27/11/2003 00:00,      -0.021
28/11/2003 00:00,      -0.020
29/11/2003 00:00,      -0.004
30/11/2003 00:00,       0.098
01/12/2003 00:00,       0.140
02/12/2003 00:00,       0.052
03/12/2003 00:00,      -0.015
04/12/2003 00:00,       0.014
05/12/2003 00:00,       0.095
06/12/2003 00:00,       0.045
07/12/2003 00:00,      -0.043
08/12/2003 00:00,      -0.053
09/12/2003 00:00,      -0.054
10/12/2003 00:00,       0.059
11/12/2003 00:00,       0.197
12/12/2003 00:00,       0.217
13/12/2003 00:00,       0.287
14/12/2003 00:00,       0.274
15/12/2003 00:00,       0.170
16/12/2003 00:00,       0.145
17/12/2003 00:00,       0.197
18/12/2003 00:00,       0.107
19/12/2003 00:00,       0.105
20/12/2003 00:00,       0.085
21/12/2003 00:00,       0.105
22/12/2003 00:00,       0.325
23/12/2003 00:00,       0.239
24/12/2003 00:00,""
25/12/2003 00:00,       0.179
26/12/2003 00:00,       0.252
27/12/2003 00:00,       0.239
28/12/2003 00:00,       0.102
29/12/2003 00:00,       0.053
30/12/2003 00:00,       0.096
31/12/2003 00:00,       0.120
01/01/2004 00:00,       0.121
02/01/2004 00:00,       0.113
03/01/2004 00:00,       0.096
04/01/2004 00:00,       0.118
05/01/2004 00:00,       0.091
06/01/2004 00:00,       0.030
07/01/2004 00:00,       0.225
08/01/2004 00:00,       0.305
09/01/2004 00:00,       0.216
10/01/2004 00:00,       0.207
11/01/2004 00:00,       0.235
12/01/2004 00:00,       0.216
13/01/2004 00:00,       0.139
14/01/2004 00:00,       0.166
15/01/2004 00:00,       0.113
16/01/2004 00:00,       0.114
17/01/2004 00:00,       0.155
18/01/2004 00:00,       0.146
19/01/2004 00:00,       0.040
20/01/2004 00:00,       0.074
21/01/2004 00:00,       0.108
22/01/2004 00:00,       0.121
23/01/2004 00:00,       0.129
24/01/2004 00:00,       0.115
25/01/2004 00:00,       0.097
26/01/2004 00:00,       0.076
27/01/2004 00:00,       0.050
28/01/2004 00:00,       0.015
29/01/2004 00:00,       0.035
30/01/2004 00:00,       0.045
31/01/2004 00:00,       0.022
01/02/2004 00:00,       0.047
02/02/2004 00:00,       0.060
03/02/2004 00:00,       0.054
04/02/2004 00:00,       0.016
05/02/2004 00:00,       0.002
06/02/2004 00:00,       0.030
07/02/2004 00:00,       0.041
08/02/2004 00:00,       0.063
09/02/2004 00:00,       0.087
10/02/2004 00:00,       0.072
11/02/2004 00:00,       0.075
12/02/2004 00:00,       0.064
13/02/2004 00:00,       0.085
14/02/2004 00:00,       0.056
15/02/2004 00:00,       0.089
16/02/2004 00:00,       0.106
17/02/2004 00:00,       0.078
18/02/2004 00:00,       0.066
19/02/2004 00:00,       0.036
20/02/2004 00:00,       0.035
21/02/2004 00:00,       0.044
22/02/2004 00:00,       0.094
23/02/2004 00:00,       0.103
24/02/2004 00:00,       0.104
25/02/2004 00:00,       0.031
26/02/2004 00:00,""
27/02/2004 00:00,       0.066
28/02/2004 00:00,       0.072
29/02/2004 00:00,       0.122
01/03/2004 00:00,       0.068
02/03/2004 00:00,       0.046
03/03/2004 00:00,       0.039
04/03/2004 00:00,       0.047
05/03/2004 00:00,       0.095
06/03/2004 00:00,       0.103
07/03/2004 00:00,       0.090
08/03/2004 00:00,       0.079
09/03/2004 00:00,       0.167
10/03/2004 00:00,       0.133
11/03/2004 00:00,       0.099
12/03/2004 00:00,       0.070
13/03/2004 00:00,       0.066
14/03/2004 00:00,       0.105
15/03/2004 00:00,       0.089
16/03/2004 00:00,       0.095
17/03/2004 00:00,       0.109
18/03/2004 00:00,       0.088
19/03/2004 00:00,       0.072
20/03/2004 00:00,       0.101
21/03/2004 00:00,       0.111
22/03/2004 00:00,       0.086
23/03/2004 00:00,       0.088
24/03/2004 00:00,       0.076
25/03/2004 00:00,       0.054
26/03/2004 00:00,       0.063
27/03/2004 00:00,       0.077
28/03/2004 00:00,       0.103
29/03/2004 00:00,       0.157
30/03/2004 00:00,       0.101
31/03/2004 00:00,       0.088
01/04/2004 00:00,       0.108
02/04/2004 00:00,       0.123
03/04/2004 00:00,       0.109
04/04/2004 00:00,       0.074
05/04/2004 00:00,       0.068
06/04/2004 00:00,       0.096
07/04/2004 00:00,       0.068
08/04/2004 00:00,       0.046
09/04/2004 00:00,       0.044
10/04/2004 00:00,       0.063
11/04/2004 00:00,       0.079
12/04/2004 00:00,       0.062
13/04/2004 00:00,       0.061
14/04/2004 00:00,       0.126
15/04/2004 00:00,       0.154
16/04/2004 00:00,       0.177
17/04/2004 00:00,       0.168
18/04/2004 00:00,       0.121
19/04/2004 00:00,       0.076
20/04/2004 00:00,       0.094
21/04/2004 00:00,""
22/04/2004 00:00,""
23/04/2004 00:00,       0.161
24/04/2004 00:00,       0.352
25/04/2004 00:00,       0.202
26/04/2004 00:00,       0.093
27/04/2004 00:00,       0.060
28/04/2004 00:00,       0.103
29/04/2004 00:00,       0.088
30/04/2004 00:00,       0.122
01/05/2004 00:00,       0.201
02/05/2004 00:00,       0.408
03/05/2004 00:00,       0.260
04/05/2004 00:00,       0.201
05/05/2004 00:00,       0.265
06/05/2004 00:00,       0.232
07/05/2004 00:00,       0.194
08/05/2004 00:00,       0.177
09/05/2004 00:00,       0.163
10/05/2004 00:00,       0.174
11/05/2004 00:00,       0.117
12/05/2004 00:00,       0.094
13/05/2004 00:00,       0.097
14/05/2004 00:00,       0.134
15/05/2004 00:00,       0.216
16/05/2004 00:00,       0.269
17/05/2004 00:00,       0.270
18/05/2004 00:00,       0.177
19/05/2004 00:00,       0.273
20/05/2004 00:00,       0.209
21/05/2004 00:00,       0.185
22/05/2004 00:00,       0.173
23/05/2004 00:00,       0.152
24/05/2004 00:00,       0.186
25/05/2004 00:00,       0.264
26/05/2004 00:00,       0.282
27/05/2004 00:00,       0.282
28/05/2004 00:00,       0.221
29/05/2004 00:00,       0.240
30/05/2004 00:00,       0.185
31/05/2004 00:00,       0.164
01/06/2004 00:00,       0.209
02/06/2004 00:00,       0.234
03/06/2004 00:00,       0.236
04/06/2004 00:00,       0.342
05/06/2004 00:00,       0.286
06/06/2004 00:00,       0.237
07/06/2004 00:00,       0.203
08/06/2004 00:00,       0.203
09/06/2004 00:00,       0.210
10/06/2004 00:00,       0.271
11/06/2004 00:00,       0.278
12/06/2004 00:00,       0.214
13/06/2004 00:00,       0.213
14/06/2004 00:00,       0.375
15/06/2004 00:00,       0.601
16/06/2004 00:00,       0.579
17/06/2004 00:00,       0.426
18/06/2004 00:00,       0.319
19/06/2004 00:00,       0.579
20/06/2004 00:00,       0.728
21/06/2004 00:00,       0.540
22/06/2004 00:00,       0.426
23/06/2004 00:00,       0.271
24/06/2004 00:00,       0.213
25/06/2004 00:00,       0.366
26/06/2004 00:00,       0.400
27/06/2004 00:00,       0.203
28/06/2004 00:00,       0.150
29/06/2004 00:00,       0.248
30/06/2004 00:00,       0.335
01/07/2004 00:00,       0.358
02/07/2004 00:00,       0.381
03/07/2004 00:00,       0.361
04/07/2004 00:00,       0.368
05/07/2004 00:00,       0.436
06/07/2004 00:00,       0.405
07/07/2004 00:00,       0.374
08/07/2004 00:00,       0.260
09/07/2004 00:00,       0.175
10/07/2004 00:00,       0.242
11/07/2004 00:00,       0.292
12/07/2004 00:00,       0.248
13/07/2004 00:00,       0.204
14/07/2004 00:00,       0.148
15/07/2004 00:00,       0.110
16/07/2004 00:00,       0.325
17/07/2004 00:00,       0.311
18/07/2004 00:00,       0.201
19/07/2004 00:00,       0.092
20/07/2004 00:00,       0.073
21/07/2004 00:00,       0.062
22/07/2004 00:00,       0.029
23/07/2004 00:00,       0.024
24/07/2004 00:00,       0.099
25/07/2004 00:00,       0.175
26/07/2004 00:00,       0.294
27/07/2004 00:00,       0.198
28/07/2004 00:00,       0.253
29/07/2004 00:00,       0.208
30/07/2004 00:00,       0.174
31/07/2004 00:00,       0.166
01/08/2004 00:00,       0.139
02/08/2004 00:00,       0.187
03/08/2004 00:00,       0.411
04/08/2004 00:00,       0.446
05/08/2004 00:00,       0.358
06/08/2004 00:00,       0.257
07/08/2004 00:00,       0.209
08/08/2004 00:00,       0.221
09/08/2004 00:00,       0.198
10/08/2004 00:00,       0.195
11/08/2004 00:00,       0.153
12/08/2004 00:00,       0.116
13/08/2004 00:00,       0.368
14/08/2004 00:00,       0.384
15/08/2004 00:00,       0.311
16/08/2004 00:00,       0.264
17/08/2004 00:00,       0.237
18/08/2004 00:00,       0.175
19/08/2004 00:00,       0.147
20/08/2004 00:00,       0.159
21/08/2004 00:00,       0.181
22/08/2004 00:00,       0.155
23/08/2004 00:00,       0.131
24/08/2004 00:00,       0.113
25/08/2004 00:00,       0.133
26/08/2004 00:00,       0.178
27/08/2004 00:00,       0.195
28/08/2004 00:00,       0.210
29/08/2004 00:00,       0.208
30/08/2004 00:00,       0.405
31/08/2004 00:00,""
01/09/2004 00:00,""
02/09/2004 00:00,       0.283
03/09/2004 00:00,       0.240
04/09/2004 00:00,       0.270
05/09/2004 00:00,       0.207
06/09/2004 00:00,       0.184
07/09/2004 00:00,       0.222
08/09/2004 00:00,       0.370
09/09/2004 00:00,       0.326
10/09/2004 00:00,       0.360
11/09/2004 00:00,       0.485
12/09/2004 00:00,       0.366
13/09/2004 00:00,       0.288
14/09/2004 00:00,       0.255
15/09/2004 00:00,       0.275
16/09/2004 00:00,       0.283
17/09/2004 00:00,       0.283
18/09/2004 00:00,       0.270
19/09/2004 00:00,       0.253
20/09/2004 00:00,       0.242
21/09/2004 00:00,       0.232
22/09/2004 00:00,       0.296
23/09/2004 00:00,       0.315
24/09/2004 00:00,       0.305
25/09/2004 00:00,       0.327
26/09/2004 00:00,       0.317
27/09/2004 00:00,       0.322
28/09/2004 00:00,       0.268
29/09/2004 00:00,       0.248
30/09/2004 00:00,       0.299
01/10/2004 00:00,       0.223
02/10/2004 00:00,       0.233
03/10/2004 00:00,       0.211
04/10/2004 00:00,       0.236
05/10/2004 00:00,       0.216
06/10/2004 00:00,       0.202
07/10/2004 00:00,       0.293
08/10/2004 00:00,       0.262
09/10/2004 00:00,       0.209
10/10/2004 00:00,       0.154
11/10/2004 00:00,       0.154
12/10/2004 00:00,       0.172
13/10/2004 00:00,       0.195
14/10/2004 00:00,       0.289
15/10/2004 00:00,       0.268
16/10/2004 00:00,       0.214
17/10/2004 00:00,       0.231
18/10/2004 00:00,       0.217
19/10/2004 00:00,       0.166
20/10/2004 00:00,       0.162
21/10/2004 00:00,       0.170
22/10/2004 00:00,       0.204
23/10/2004 00:00,       0.294
24/10/2004 00:00,       0.235
25/10/2004 00:00,       0.204
26/10/2004 00:00,       0.244
27/10/2004 00:00,       0.340
28/10/2004 00:00,       0.248
29/10/2004 00:00,       0.240
30/10/2004 00:00,       0.206
31/10/2004 00:00,       0.194
01/11/2004 00:00,       0.211
02/11/2004 00:00,       0.338
03/11/2004 00:00,       0.279
04/11/2004 00:00,       0.258
05/11/2004 00:00,       0.470
06/11/2004 00:00,       0.419
07/11/2004 00:00,       0.302
08/11/2004 00:00,       0.218
09/11/2004 00:00,       0.219
10/11/2004 00:00,       0.209
11/11/2004 00:00,       0.229
12/11/2004 00:00,       0.305
13/11/2004 00:00,       0.401
14/11/2004 00:00,       0.428
15/11/2004 00:00,       0.407
16/11/2004 00:00,       0.377
17/11/2004 00:00,       0.313
18/11/2004 00:00,       0.371
19/11/2004 00:00,       0.415
20/11/2004 00:00,       0.365
21/11/2004 00:00,       0.284
22/11/2004 00:00,       0.286
23/11/2004 00:00,       0.262
24/11/2004 00:00,       0.248
25/11/2004 00:00,       0.216
26/11/2004 00:00,       0.213
27/11/2004 00:00,       0.244
28/11/2004 00:00,       0.273
29/11/2004 00:00,       0.290
30/11/2004 00:00,       0.388
01/12/2004 00:00,       0.431
02/12/2004 00:00,       0.339
03/12/2004 00:00,       0.337
04/12/2004 00:00,       0.317
05/12/2004 00:00,       0.324
06/12/2004 00:00,       0.328
07/12/2004 00:00,       0.580
08/12/2004 00:00,       0.490
09/12/2004 00:00,       0.362
10/12/2004 00:00,       0.366
11/12/2004 00:00,       0.383
12/12/2004 00:00,       0.427
13/12/2004 00:00,       0.455
14/12/2004 00:00,       0.493
15/12/2004 00:00,       0.453
16/12/2004 00:00,       0.407
17/12/2004 00:00,       0.386
18/12/2004 00:00,       0.375
19/12/2004 00:00,       0.490
20/12/2004 00:00,       0.422
21/12/2004 00:00,       0.395
22/12/2004 00:00,       0.390
23/12/2004 00:00,       0.405
24/12/2004 00:00,       0.484
25/12/2004 00:00,       0.443
26/12/2004 00:00,       0.436
27/12/2004 00:00,       0.483
28/12/2004 00:00,       0.434
29/12/2004 00:00,       0.406
30/12/2004 00:00,       0.371
31/12/2004 00:00,       0.377
01/01/2005 00:00,       0.413
02/01/2005 00:00,       0.399
03/01/2005 00:00,       0.392
04/01/2005 00:00,       0.700
05/01/2005 00:00,       0.642
06/01/2005 00:00,       0.536
07/01/2005 00:00,       0.470
08/01/2005 00:00,       0.460
09/01/2005 00:00,       0.407
10/01/2005 00:00,       0.408
11/01/2005 00:00,       0.424
12/01/2005 00:00,       0.478
13/01/2005 00:00,       0.494
14/01/2005 00:00,       0.480
15/01/2005 00:00,       0.502
16/01/2005 00:00,       0.475
17/01/2005 00:00,       0.447
18/01/2005 00:00,       0.431
19/01/2005 00:00,       0.445
20/01/2005 00:00,       0.547
21/01/2005 00:00,       0.486
22/01/2005 00:00,       0.482
23/01/2005 00:00,       0.501
24/01/2005 00:00,       0.493
25/01/2005 00:00,       0.445
26/01/2005 00:00,       0.481
27/01/2005 00:00,       0.489
28/01/2005 00:00,       0.482
29/01/2005 00:00,       0.487
30/01/2005 00:00,       0.477
31/01/2005 00:00,       0.525
01/02/2005 00:00,       0.794
02/02/2005 00:00,       0.893
03/02/2005 00:00,       0.779
04/02/2005 00:00,       0.599
05/02/2005 00:00,       0.496
06/02/2005 00:00,       0.486
07/02/2005 00:00,       0.555
08/02/2005 00:00,       0.513
09/02/2005 00:00,       0.596
10/02/2005 00:00,       0.674
11/02/2005 00:00,       0.609
12/02/2005 00:00,       0.595
13/02/2005 00:00,       0.526
14/02/2005 00:00,       0.500
15/02/2005 00:00,       0.541
16/02/2005 00:00,       0.517
17/02/2005 00:00,       0.495
18/02/2005 00:00,       0.511
19/02/2005 00:00,       0.611
20/02/2005 00:00,       0.586
21/02/2005 00:00,       0.551
22/02/2005 00:00,       0.501
23/02/2005 00:00,       0.490
24/02/2005 00:00,       0.606
25/02/2005 00:00,       0.532
26/02/2005 00:00,       0.499
27/02/2005 00:00,       0.455
28/02/2005 00:00,       0.442
01/03/2005 00:00,       0.457
02/03/2005 00:00,       0.478
03/03/2005 00:00,       0.448
04/03/2005 00:00,       0.493
05/03/2005 00:00,       0.609
06/03/2005 00:00,       0.479
07/03/2005 00:00,       0.463
08/03/2005 00:00,       0.461
09/03/2005 00:00,       0.461
10/03/2005 00:00,       0.440
11/03/2005 00:00,       0.399
12/03/2005 00:00,       0.420
13/03/2005 00:00,       0.451
14/03/2005 00:00,       0.452
15/03/2005 00:00,       0.473
16/03/2005 00:00,       0.466
17/03/2005 00:00,       0.421
18/03/2005 00:00,       0.380
19/03/2005 00:00,       0.377
20/03/2005 00:00,       0.373
21/03/2005 00:00,       0.379
22/03/2005 00:00,       0.382
23/03/2005 00:00,       0.372
24/03/2005 00:00,       0.353
25/03/2005 00:00,       0.341
26/03/2005 00:00,       0.304
27/03/2005 00:00,       0.316
28/03/2005 00:00,       0.318
29/03/2005 00:00,       0.278
30/03/2005 00:00,       0.256
31/03/2005 00:00,       0.443
01/04/2005 00:00,       0.347
02/04/2005 00:00,       0.283
03/04/2005 00:00,       0.296
04/04/2005 00:00,""
05/04/2005 00:00,""
06/04/2005 00:00,""
07/04/2005 00:00,""
08/04/2005 00:00,       0.066
09/04/2005 00:00,       0.058
10/04/2005 00:00,       0.103
11/04/2005 00:00,       0.127
12/04/2005 00:00,       0.131
13/04/2005 00:00,       0.135
14/04/2005 00:00,       0.253
15/04/2005 00:00,       0.120
16/04/2005 00:00,       0.131
17/04/2005 00:00,       0.134
18/04/2005 00:00,       0.196
19/04/2005 00:00,       0.153
20/04/2005 00:00,       0.137
21/04/2005 00:00,       0.132
22/04/2005 00:00,       0.115
23/04/2005 00:00,       0.109
24/04/2005 00:00,       0.125
25/04/2005 00:00,       0.149
26/04/2005 00:00,       0.142
27/04/2005 00:00,       0.143
28/04/2005 00:00,       0.137
29/04/2005 00:00,       0.181
30/04/2005 00:00,       0.187
01/05/2005 00:00,       0.208
02/05/2005 00:00,       0.146
03/05/2005 00:00,       0.106
04/05/2005 00:00,       0.089
05/05/2005 00:00,       0.203
06/05/2005 00:00,       0.171
07/05/2005 00:00,       0.146
08/05/2005 00:00,       0.140
09/05/2005 00:00,       0.145
10/05/2005 00:00,       0.158
11/05/2005 00:00,       0.164
12/05/2005 00:00,       0.170
13/05/2005 00:00,       0.141
14/05/2005 00:00,       0.149
15/05/2005 00:00,       0.184
16/05/2005 00:00,       0.133
17/05/2005 00:00,       0.124
18/05/2005 00:00,       0.117
19/05/2005 00:00,       0.118
20/05/2005 00:00,       0.109
21/05/2005 00:00,       0.132
22/05/2005 00:00,       0.156
23/05/2005 00:00,       0.175
24/05/2005 00:00,       0.216
25/05/2005 00:00,       0.226
26/05/2005 00:00,       0.197
27/05/2005 00:00,       0.247
28/05/2005 00:00,       0.214
29/05/2005 00:00,       0.184
30/05/2005 00:00,       0.164
31/05/2005 00:00,       0.155
01/06/2005 00:00,       0.128
02/06/2005 00:00,       0.120
03/06/2005 00:00,       0.128
04/06/2005 00:00,       0.141
05/06/2005 00:00,       0.160
06/06/2005 00:00,       0.206
07/06/2005 00:00,       0.228
08/06/2005 00:00,       0.232
09/06/2005 00:00,       0.256
10/06/2005 00:00,       0.286
11/06/2005 00:00,       0.383
12/06/2005 00:00,       0.453
13/06/2005 00:00,       0.520
14/06/2005 00:00,       0.617
15/06/2005 00:00,       0.567
16/06/2005 00:00,       0.502
17/06/2005 00:00,       0.296
18/06/2005 00:00,       0.231
19/06/2005 00:00,       0.349
20/06/2005 00:00,       0.524
21/06/2005 00:00,       0.571
22/06/2005 00:00,       0.861
23/06/2005 00:00,       0.623
24/06/2005 00:00,       0.389
25/06/2005 00:00,       0.280
26/06/2005 00:00,       0.263
27/06/2005 00:00,       0.237
28/06/2005 00:00,       0.224
29/06/2005 00:00,       0.212
30/06/2005 00:00,       0.203
01/07/2005 00:00,       0.251
02/07/2005 00:00,       0.400
03/07/2005 00:00,       0.289
04/07/2005 00:00,       0.263
05/07/2005 00:00,       0.309
06/07/2005 00:00,       0.372
07/07/2005 00:00,       0.389
08/07/2005 00:00,       0.374
09/07/2005 00:00,       0.364
10/07/2005 00:00,       0.280
11/07/2005 00:00,       0.243
12/07/2005 00:00,       0.224
13/07/2005 00:00,       0.237
14/07/2005 00:00,       0.263
15/07/2005 00:00,       0.349
16/07/2005 00:00,       0.435
17/07/2005 00:00,       0.394
18/07/2005 00:00,       0.290
19/07/2005 00:00,       0.272
20/07/2005 00:00,       0.267
21/07/2005 00:00,       0.253
22/07/2005 00:00,       0.245
23/07/2005 00:00,       0.266
24/07/2005 00:00,       0.330
25/07/2005 00:00,       0.385
26/07/2005 00:00,       0.465
27/07/2005 00:00,       0.377
28/07/2005 00:00,       0.336
29/07/2005 00:00,       0.366
30/07/2005 00:00,       0.354
31/07/2005 00:00,       0.348
01/08/2005 00:00,       0.318
02/08/2005 00:00,       0.295
03/08/2005 00:00,       0.352
04/08/2005 00:00,       0.440
05/08/2005 00:00,       0.312
06/08/2005 00:00,       0.306
07/08/2005 00:00,       0.322
08/08/2005 00:00,       0.372
09/08/2005 00:00,       0.449
10/08/2005 00:00,       0.516
11/08/2005 00:00,       0.456
12/08/2005 00:00,       0.335
13/08/2005 00:00,       0.254
14/08/2005 00:00,       0.272
15/08/2005 00:00,       0.435
16/08/2005 00:00,       0.391
17/08/2005 00:00,       0.342
18/08/2005 00:00,       0.358
19/08/2005 00:00,       0.402
20/08/2005 00:00,       0.463
21/08/2005 00:00,       0.488
22/08/2005 00:00,       0.504
23/08/2005 00:00,       0.407
24/08/2005 00:00,       0.309
25/08/2005 00:00,       0.242
26/08/2005 00:00,       0.206
27/08/2005 00:00,       0.205
28/08/2005 00:00,       0.190
29/08/2005 00:00,       0.231
30/08/2005 00:00,       0.364
31/08/2005 00:00,       0.687
01/09/2005 00:00,       0.498
02/09/2005 00:00,       0.369
03/09/2005 00:00,       0.293
04/09/2005 00:00,       0.265
05/09/2005 00:00,       0.236
06/09/2005 00:00,       0.231
07/09/2005 00:00,       0.233
08/09/2005 00:00,       0.283
09/09/2005 00:00,       0.372
10/09/2005 00:00,       0.465
11/09/2005 00:00,       0.775
12/09/2005 00:00,       0.541
13/09/2005 00:00,       0.275
14/09/2005 00:00,       0.261
15/09/2005 00:00,       0.342
16/09/2005 00:00,       0.397
17/09/2005 00:00,       0.422
18/09/2005 00:00,       0.357
19/09/2005 00:00,       0.339
20/09/2005 00:00,       0.307
21/09/2005 00:00,       0.225
22/09/2005 00:00,       0.213
23/09/2005 00:00,       0.280
24/09/2005 00:00,       0.236
25/09/2005 00:00,       0.197
26/09/2005 00:00,       0.225
27/09/2005 00:00,       0.171
28/09/2005 00:00,       0.254
29/09/2005 00:00,       0.481
30/09/2005 00:00,       0.398
01/10/2005 00:00,       0.349
02/10/2005 00:00,       0.342
03/10/2005 00:00,       0.359
04/10/2005 00:00,""
05/10/2005 00:00,""
06/10/2005 00:00,       0.310
07/10/2005 00:00,       0.321
08/10/2005 00:00,       0.404
09/10/2005 00:00,       0.504
10/10/2005 00:00,       0.380
11/10/2005 00:00,       0.446
12/10/2005 00:00,       0.364
13/10/2005 00:00,       0.343
14/10/2005 00:00,       0.306
15/10/2005 00:00,       0.256
16/10/2005 00:00,       0.218
17/10/2005 00:00,       0.219
18/10/2005 00:00,       0.226
19/10/2005 00:00,       0.244
20/10/2005 00:00,       0.307
21/10/2005 00:00,       0.368
22/10/2005 00:00,       0.354
23/10/2005 00:00,       0.352
24/10/2005 00:00,       0.547
25/10/2005 00:00,       0.415
26/10/2005 00:00,       0.472
27/10/2005 00:00,       0.534
28/10/2005 00:00,       0.379
29/10/2005 00:00,       0.327
30/10/2005 00:00,       0.303
31/10/2005 00:00,       0.235
01/11/2005 00:00,       0.214
02/11/2005 00:00,       0.257
03/11/2005 00:00,       0.344
04/11/2005 00:00,       0.356
05/11/2005 00:00,       0.313
06/11/2005 00:00,       0.271
07/11/2005 00:00,       0.397
08/11/2005 00:00,       0.435
09/11/2005 00:00,       0.470
10/11/2005 00:00,       0.590
11/11/2005 00:00,       0.462
12/11/2005 00:00,       0.344
13/11/2005 00:00,       0.297
14/11/2005 00:00,       0.303
15/11/2005 00:00,       0.466
16/11/2005 00:00,       0.262
17/11/2005 00:00,       0.219
18/11/2005 00:00,       0.245
19/11/2005 00:00,       0.309
20/11/2005 00:00,       0.255
21/11/2005 00:00,       0.240
22/11/2005 00:00,""
23/11/2005 00:00,""
24/11/2005 00:00,""
25/11/2005 00:00,""
26/11/2005 00:00,""
27/11/2005 00:00,""
28/11/2005 00:00,""
29/11/2005 00:00,""
30/11/2005 00:00,""
01/12/2005 00:00,""
02/12/2005 00:00,""
03/12/2005 00:00,""
04/12/2005 00:00,""
05/12/2005 00:00,""
06/12/2005 00:00,""
07/12/2005 00:00,""
08/12/2005 00:00,""
09/12/2005 00:00,""
10/12/2005 00:00,""
11/12/2005 00:00,""
12/12/2005 00:00,""
13/12/2005 00:00,""
14/12/2005 00:00,""
15/12/2005 00:00,""
16/12/2005 00:00,""
17/12/2005 00:00,""
18/12/2005 00:00,""
19/12/2005 00:00,""
20/12/2005 00:00,""
21/12/2005 00:00,""
22/12/2005 00:00,""
23/12/2005 00:00,""
24/12/2005 00:00,""
25/12/2005 00:00,""
26/12/2005 00:00,""
27/12/2005 00:00,""
28/12/2005 00:00,""
29/12/2005 00:00,""
30/12/2005 00:00,""
31/12/2005 00:00,""
01/01/2006 00:00,""
02/01/2006 00:00,""
03/01/2006 00:00,""
04/01/2006 00:00,""
05/01/2006 00:00,""
06/01/2006 00:00,""
07/01/2006 00:00,""
08/01/2006 00:00,""
09/01/2006 00:00,""
10/01/2006 00:00,""
11/01/2006 00:00,""
12/01/2006 00:00,""
13/01/2006 00:00,""
14/01/2006 00:00,""
15/01/2006 00:00,""
16/01/2006 00:00,""
17/01/2006 00:00,""
18/01/2006 00:00,""
19/01/2006 00:00,""
20/01/2006 00:00,""
21/01/2006 00:00,""
22/01/2006 00:00,""
23/01/2006 00:00,""
24/01/2006 00:00,""
25/01/2006 00:00,""
26/01/2006 00:00,""
27/01/2006 00:00,""
28/01/2006 00:00,""
29/01/2006 00:00,""
30/01/2006 00:00,""
31/01/2006 00:00,""
01/02/2006 00:00,""
02/02/2006 00:00,""
03/02/2006 00:00,""
04/02/2006 00:00,""
05/02/2006 00:00,""
06/02/2006 00:00,""
07/02/2006 00:00,""
08/02/2006 00:00,""
09/02/2006 00:00,       0.268
10/02/2006 00:00,       0.268
11/02/2006 00:00,       0.241
12/02/2006 00:00,       0.233
13/02/2006 00:00,       0.262
14/02/2006 00:00,       0.253
15/02/2006 00:00,       0.241
16/02/2006 00:00,       0.225
17/02/2006 00:00,       0.297
18/02/2006 00:00,       0.319
19/02/2006 00:00,       0.302
20/02/2006 00:00,       0.298
21/02/2006 00:00,       0.285
22/02/2006 00:00,       0.239
23/02/2006 00:00,       0.223
24/02/2006 00:00,       0.218
25/02/2006 00:00,       0.235
26/02/2006 00:00,       0.272
27/02/2006 00:00,       0.257
28/02/2006 00:00,       0.244
01/03/2006 00:00,       0.231
02/03/2006 00:00,       0.204
03/03/2006 00:00,       0.191
04/03/2006 00:00,       0.232
05/03/2006 00:00,       0.256
06/03/2006 00:00,       0.252
07/03/2006 00:00,       0.255
08/03/2006 00:00,       0.280
09/03/2006 00:00,       0.289
10/03/2006 00:00,       0.257
11/03/2006 00:00,       0.243
12/03/2006 00:00,       0.238
13/03/2006 00:00,       0.319
14/03/2006 00:00,       0.339
15/03/2006 00:00,       0.328
16/03/2006 00:00,       0.363
17/03/2006 00:00,       0.337
18/03/2006 00:00,       0.311
19/03/2006 00:00,       0.295
20/03/2006 00:00,       0.236
21/03/2006 00:00,       0.228
22/03/2006 00:00,       0.224
23/03/2006 00:00,       0.225
24/03/2006 00:00,       0.230
25/03/2006 00:00,       0.242
26/03/2006 00:00,       0.322
27/03/2006 00:00,       0.358
28/03/2006 00:00,       0.318
29/03/2006 00:00,       0.241
30/03/2006 00:00,       0.227
31/03/2006 00:00,       0.286
01/04/2006 00:00,       0.325
02/04/2006 00:00,       0.254
03/04/2006 00:00,       0.255
04/04/2006 00:00,       0.290
05/04/2006 00:00,       0.486
06/04/2006 00:00,       0.564
07/04/2006 00:00,       0.421
08/04/2006 00:00,       0.309
09/04/2006 00:00,       0.275
10/04/2006 00:00,       0.231
11/04/2006 00:00,       0.272
12/04/2006 00:00,       0.356
13/04/2006 00:00,       0.353
14/04/2006 00:00,       0.488
15/04/2006 00:00,       0.398
16/04/2006 00:00,       0.273
17/04/2006 00:00,       0.289
18/04/2006 00:00,       0.447
19/04/2006 00:00,       0.571
20/04/2006 00:00,       0.704
21/04/2006 00:00,       0.599
22/04/2006 00:00,       0.344
23/04/2006 00:00,       0.294
24/04/2006 00:00,""
25/04/2006 00:00,""
26/04/2006 00:00,""
27/04/2006 00:00,""
28/04/2006 00:00,""
29/04/2006 00:00,""
30/04/2006 00:00,""
01/05/2006 00:00,""
02/05/2006 00:00,""
03/05/2006 00:00,""
04/05/2006 00:00,""
05/05/2006 00:00,""
06/05/2006 00:00,""
07/05/2006 00:00,""
08/05/2006 00:00,""
09/05/2006 00:00,""
10/05/2006 00:00,""
11/05/2006 00:00,""
12/05/2006 00:00,""
13/05/2006 00:00,""
14/05/2006 00:00,""
15/05/2006 00:00,""
16/05/2006 00:00,""
17/05/2006 00:00,""
18/05/2006 00:00,""
19/05/2006 00:00,""
20/05/2006 00:00,""
21/05/2006 00:00,""
22/05/2006 00:00,""
23/05/2006 00:00,""
24/05/2006 00:00,""
25/05/2006 00:00,""
26/05/2006 00:00,""
27/05/2006 00:00,""
28/05/2006 00:00,""
29/05/2006 00:00,""
30/05/2006 00:00,""
31/05/2006 00:00,""
01/06/2006 00:00,""
02/06/2006 00:00,""
03/06/2006 00:00,""
04/06/2006 00:00,""
05/06/2006 00:00,""
06/06/2006 00:00,""
07/06/2006 00:00,""
08/06/2006 00:00,""
09/06/2006 00:00,       0.152
10/06/2006 00:00,       0.218
11/06/2006 00:00,       0.190
12/06/2006 00:00,       0.142
13/06/2006 00:00,       0.135
14/06/2006 00:00,       0.138
15/06/2006 00:00,       0.153
16/06/2006 00:00,       0.164
17/06/2006 00:00,       0.123
18/06/2006 00:00,       0.130
19/06/2006 00:00,       0.126
20/06/2006 00:00,       0.136
21/06/2006 00:00,       0.132
22/06/2006 00:00,       0.191
23/06/2006 00:00,       0.208
24/06/2006 00:00,       0.196
25/06/2006 00:00,       0.149
26/06/2006 00:00,       0.146
27/06/2006 00:00,       0.181
28/06/2006 00:00,       0.182
29/06/2006 00:00,       0.192
30/06/2006 00:00,       0.351
01/07/2006 00:00,       0.397
02/07/2006 00:00,       0.479
03/07/2006 00:00,       0.267
04/07/2006 00:00,       0.183
05/07/2006 00:00,       0.154
06/07/2006 00:00,       0.189
07/07/2006 00:00,       0.187
08/07/2006 00:00,       0.182
09/07/2006 00:00,       0.182
10/07/2006 00:00,       0.226
11/07/2006 00:00,       0.323
12/07/2006 00:00,       0.342
13/07/2006 00:00,       0.182
14/07/2006 00:00,       0.166
15/07/2006 00:00,       0.300
16/07/2006 00:00,       0.335
17/07/2006 00:00,       0.289
18/07/2006 00:00,       0.111
19/07/2006 00:00,       0.086
20/07/2006 00:00,       0.079
21/07/2006 00:00,       0.078
22/07/2006 00:00,       0.087
23/07/2006 00:00,       0.139
24/07/2006 00:00,       0.149
25/07/2006 00:00,       0.135
26/07/2006 00:00,       0.113
27/07/2006 00:00,       0.122
28/07/2006 00:00,       0.137
29/07/2006 00:00,       0.198
30/07/2006 00:00,       0.299
31/07/2006 00:00,       0.347
01/08/2006 00:00,       0.244
02/08/2006 00:00,       0.178
03/08/2006 00:00,       0.232
04/08/2006 00:00,       0.219
05/08/2006 00:00,       0.162
06/08/2006 00:00,       0.148
07/08/2006 00:00,       0.157
08/08/2006 00:00,       0.141
09/08/2006 00:00,       0.153
10/08/2006 00:00,       0.277
11/08/2006 00:00,       0.146
12/08/2006 00:00,       0.106
13/08/2006 00:00,       0.098
14/08/2006 00:00,       0.141
15/08/2006 00:00,       0.133
16/08/2006 00:00,       0.136
17/08/2006 00:00,       0.296
18/08/2006 00:00,       0.322
19/08/2006 00:00,       0.247
20/08/2006 00:00,       0.171
21/08/2006 00:00,       0.182
22/08/2006 00:00,       0.245
23/08/2006 00:00,       0.177
24/08/2006 00:00,       0.210
25/08/2006 00:00,       0.202
26/08/2006 00:00,       0.142
27/08/2006 00:00,       0.133
28/08/2006 00:00,       0.135
29/08/2006 00:00,       0.128
30/08/2006 00:00,       0.091
31/08/2006 00:00,       0.084
01/09/2006 00:00,       0.103
02/09/2006 00:00,       0.139
03/09/2006 00:00,       0.227
04/09/2006 00:00,       0.214
05/09/2006 00:00,       0.206
06/09/2006 00:00,       0.307
07/09/2006 00:00,       0.169
08/09/2006 00:00,       0.178
09/09/2006 00:00,       0.242
10/09/2006 00:00,       0.093
11/09/2006 00:00,       0.081
12/09/2006 00:00,       0.069
13/09/2006 00:00,       0.069
14/09/2006 00:00,       0.104
15/09/2006 00:00,       0.113
16/09/2006 00:00,       0.109
17/09/2006 00:00,       0.125
18/09/2006 00:00,       0.144
19/09/2006 00:00,       0.158
20/09/2006 00:00,       0.232
21/09/2006 00:00,       0.266
22/09/2006 00:00,       0.378
23/09/2006 00:00,       0.425
24/09/2006 00:00,       0.586
25/09/2006 00:00,       0.457
26/09/2006 00:00,       0.315
27/09/2006 00:00,       0.300
28/09/2006 00:00,       0.261
29/09/2006 00:00,       0.230
30/09/2006 00:00,       0.185
01/10/2006 00:00,       0.168
02/10/2006 00:00,       0.172
03/10/2006 00:00,""
04/10/2006 00:00,""
05/10/2006 00:00,       0.254
06/10/2006 00:00,       0.207
07/10/2006 00:00,       0.202
08/10/2006 00:00,       0.320
09/10/2006 00:00,""
10/10/2006 00:00,""
11/10/2006 00:00,""
12/10/2006 00:00,""
13/10/2006 00:00,       0.238
14/10/2006 00:00,       0.277
15/10/2006 00:00,""
16/10/2006 00:00,""
17/10/2006 00:00,""
18/10/2006 00:00,""
19/10/2006 00:00,       0.244
20/10/2006 00:00,       0.288
21/10/2006 00:00,       0.205
22/10/2006 00:00,""
23/10/2006 00:00,""
24/10/2006 00:00,""
25/10/2006 00:00,""
26/10/2006 00:00,       0.220
27/10/2006 00:00,       0.215
28/10/2006 00:00,       0.230
29/10/2006 00:00,""
30/10/2006 00:00,""
31/10/2006 00:00,""
01/11/2006 00:00,""
02/11/2006 00:00,""
03/11/2006 00:00,       0.222
04/11/2006 00:00,       0.245
05/11/2006 00:00,       0.267
06/11/2006 00:00,       0.249
07/11/2006 00:00,       0.222
08/11/2006 00:00,""
09/11/2006 00:00,""
10/11/2006 00:00,""
11/11/2006 00:00,""
12/11/2006 00:00,""
13/11/2006 00:00,       0.290
14/11/2006 00:00,       0.280
15/11/2006 00:00,       0.485
16/11/2006 00:00,""
17/11/2006 00:00,""
18/11/2006 00:00,""
19/11/2006 00:00,""
20/11/2006 00:00,""
21/11/2006 00:00,       0.253
22/11/2006 00:00,       0.273
23/11/2006 00:00,       0.249
24/11/2006 00:00,       0.245
25/11/2006 00:00,       0.236
26/11/2006 00:00,""
27/11/2006 00:00,""
28/11/2006 00:00,""
29/11/2006 00:00,""
30/11/2006 00:00,""
01/12/2006 00:00,""
02/12/2006 00:00,       0.320
03/12/2006 00:00,       0.291
04/12/2006 00:00,       0.265
05/12/2006 00:00,       0.241
06/12/2006 00:00,       0.337
07/12/2006 00:00,       0.276
08/12/2006 00:00,       0.229
09/12/2006 00:00,       0.218
10/12/2006 00:00,       0.233
11/12/2006 00:00,""
12/12/2006 00:00,""
13/12/2006 00:00,""
14/12/2006 00:00,""
15/12/2006 00:00,       0.224
16/12/2006 00:00,""
17/12/2006 00:00,""
18/12/2006 00:00,""
19/12/2006 00:00,""
20/12/2006 00:00,""
21/12/2006 00:00,""
22/12/2006 00:00,""
23/12/2006 00:00,""
24/12/2006 00:00,""
25/12/2006 00:00,""
26/12/2006 00:00,""
27/12/2006 00:00,""
28/12/2006 00:00,""
29/12/2006 00:00,""
30/12/2006 00:00,""
31/12/2006 00:00,""
01/01/2007 00:00,""
02/01/2007 00:00,""
03/01/2007 00:00,""
04/01/2007 00:00,""
05/01/2007 00:00,""
06/01/2007 00:00,""
07/01/2007 00:00,""
08/01/2007 00:00,""
09/01/2007 00:00,""
10/01/2007 00:00,""
11/01/2007 00:00,""
12/01/2007 00:00,""
13/01/2007 00:00,""
14/01/2007 00:00,""
15/01/2007 00:00,""
16/01/2007 00:00,""
17/01/2007 00:00,""
18/01/2007 00:00,""
19/01/2007 00:00,""
20/01/2007 00:00,""
21/01/2007 00:00,""
22/01/2007 00:00,""
23/01/2007 00:00,""
24/01/2007 00:00,""
25/01/2007 00:00,""
26/01/2007 00:00,""
27/01/2007 00:00,""
28/01/2007 00:00,""
29/01/2007 00:00,""
30/01/2007 00:00,""
31/01/2007 00:00,""
01/02/2007 00:00,""
02/02/2007 00:00,""
03/02/2007 00:00,""
04/02/2007 00:00,""
05/02/2007 00:00,""
06/02/2007 00:00,""
07/02/2007 00:00,""
08/02/2007 00:00,""
09/02/2007 00:00,""
10/02/2007 00:00,""
11/02/2007 00:00,""
12/02/2007 00:00,""
13/02/2007 00:00,""
14/02/2007 00:00,""
15/02/2007 00:00,       0.150
16/02/2007 00:00,       0.171
17/02/2007 00:00,       0.177
18/02/2007 00:00,       0.201
19/02/2007 00:00,       0.202
20/02/2007 00:00,       0.184
21/02/2007 00:00,       0.154
22/02/2007 00:00,       0.153
23/02/2007 00:00,       0.184
24/02/2007 00:00,       0.229
25/02/2007 00:00,       0.210
26/02/2007 00:00,       0.173
27/02/2007 00:00,       0.162
28/02/2007 00:00,       0.161
01/03/2007 00:00,       0.175
02/03/2007 00:00,       0.164
03/03/2007 00:00,       0.273
04/03/2007 00:00,       0.307
05/03/2007 00:00,       0.349
06/03/2007 00:00,       0.269
07/03/2007 00:00,       0.199
08/03/2007 00:00,       0.187
09/03/2007 00:00,       0.177
10/03/2007 00:00,       0.189
11/03/2007 00:00,       0.332
12/03/2007 00:00,       0.297
13/03/2007 00:00,       0.190
14/03/2007 00:00,       0.164
15/03/2007 00:00,       0.179
16/03/2007 00:00,       0.204
17/03/2007 00:00,       0.205
18/03/2007 00:00,       0.220
19/03/2007 00:00,       0.184
20/03/2007 00:00,       0.212
21/03/2007 00:00,       0.213
22/03/2007 00:00,       0.226
23/03/2007 00:00,       0.317
24/03/2007 00:00,       0.401
25/03/2007 00:00,       0.305
26/03/2007 00:00,       0.227
27/03/2007 00:00,       0.183
28/03/2007 00:00,       0.347
29/03/2007 00:00,       0.577
30/03/2007 00:00,       0.529
31/03/2007 00:00,       0.326
01/04/2007 00:00,       0.238
02/04/2007 00:00,       0.211
03/04/2007 00:00,       0.212
04/04/2007 00:00,       0.190
05/04/2007 00:00,       0.179
06/04/2007 00:00,       0.173
07/04/2007 00:00,       0.160
08/04/2007 00:00,       0.154
09/04/2007 00:00,       0.174
10/04/2007 00:00,       0.226
11/04/2007 00:00,       0.246
12/04/2007 00:00,       0.236
13/04/2007 00:00,       0.201
14/04/2007 00:00,       0.256
15/04/2007 00:00,       0.236
16/04/2007 00:00,       0.202
17/04/2007 00:00,       0.242
18/04/2007 00:00,       0.295
19/04/2007 00:00,       0.313
20/04/2007 00:00,       0.328
21/04/2007 00:00,       0.364
22/04/2007 00:00,       0.351
23/04/2007 00:00,       0.247
24/04/2007 00:00,       0.176
25/04/2007 00:00,       0.152
26/04/2007 00:00,       0.170
27/04/2007 00:00,       0.267
28/04/2007 00:00,       0.477
29/04/2007 00:00,       0.468
30/04/2007 00:00,       0.371
01/05/2007 00:00,       0.348
02/05/2007 00:00,       0.501
03/05/2007 00:00,       0.669
04/05/2007 00:00,       0.686
05/05/2007 00:00,       0.659
06/05/2007 00:00,       0.568
07/05/2007 00:00,       0.478
08/05/2007 00:00,       0.464
09/05/2007 00:00,       0.425
10/05/2007 00:00,       0.342
11/05/2007 00:00,       0.241
12/05/2007 00:00,       0.199
13/05/2007 00:00,       0.219
14/05/2007 00:00,       0.265
15/05/2007 00:00,       0.361
16/05/2007 00:00,       0.421
17/05/2007 00:00,       0.410
18/05/2007 00:00,       0.453
19/05/2007 00:00,       0.421
20/05/2007 00:00,       0.525
21/05/2007 00:00,       0.543
22/05/2007 00:00,       0.444
23/05/2007 00:00,       0.410
24/05/2007 00:00,       0.405
25/05/2007 00:00,       0.353
26/05/2007 00:00,       0.362
27/05/2007 00:00,       0.413
28/05/2007 00:00,       0.595
29/05/2007 00:00,       0.637
30/05/2007 00:00,       0.568
31/05/2007 00:00,       0.548
01/06/2007 00:00,       0.511
02/06/2007 00:00,       0.482
03/06/2007 00:00,       0.482
04/06/2007 00:00,       0.319
05/06/2007 00:00,       0.257
06/06/2007 00:00,       0.272
07/06/2007 00:00,       0.207
08/06/2007 00:00,       0.170
09/06/2007 00:00,       0.182
10/06/2007 00:00,       0.295
11/06/2007 00:00,       0.236
12/06/2007 00:00,       0.212
13/06/2007 00:00,       0.167
14/06/2007 00:00,       0.141
15/06/2007 00:00,       0.175
16/06/2007 00:00,       0.213
17/06/2007 00:00,       0.220
18/06/2007 00:00,       0.169
19/06/2007 00:00,       0.146
20/06/2007 00:00,       0.155
21/06/2007 00:00,       0.089
22/06/2007 00:00,       0.087
23/06/2007 00:00,       0.095
24/06/2007 00:00,       0.195
25/06/2007 00:00,       0.245
26/06/2007 00:00,       0.307
27/06/2007 00:00,       0.272
28/06/2007 00:00,       0.267
29/06/2007 00:00,       0.316
30/06/2007 00:00,       0.312
01/07/2007 00:00,       0.315
02/07/2007 00:00,       0.368
03/07/2007 00:00,       0.556
04/07/2007 00:00,       0.813
05/07/2007 00:00,       0.723
06/07/2007 00:00,       0.823
07/07/2007 00:00,       0.577
08/07/2007 00:00,       0.338
09/07/2007 00:00,""
10/07/2007 00:00,""
11/07/2007 00:00,""
12/07/2007 00:00,""
13/07/2007 00:00,""
14/07/2007 00:00,""
15/07/2007 00:00,""
16/07/2007 00:00,""
17/07/2007 00:00,""
18/07/2007 00:00,""
19/07/2007 00:00,""
20/07/2007 00:00,""
21/07/2007 00:00,""
22/07/2007 00:00,""
23/07/2007 00:00,""
24/07/2007 00:00,""
25/07/2007 00:00,""
26/07/2007 00:00,""
27/07/2007 00:00,""
28/07/2007 00:00,""
29/07/2007 00:00,""
30/07/2007 00:00,""
31/07/2007 00:00,""
01/08/2007 00:00,""
02/08/2007 00:00,""
03/08/2007 00:00,""
04/08/2007 00:00,""
05/08/2007 00:00,""
06/08/2007 00:00,""
07/08/2007 00:00,""
08/08/2007 00:00,""
09/08/2007 00:00,""
10/08/2007 00:00,""
11/08/2007 00:00,""
12/08/2007 00:00,""
13/08/2007 00:00,""
14/08/2007 00:00,""
15/08/2007 00:00,""
16/08/2007 00:00,""
17/08/2007 00:00,""
18/08/2007 00:00,""
19/08/2007 00:00,""
20/08/2007 00:00,""
21/08/2007 00:00,""
22/08/2007 00:00,""
23/08/2007 00:00,""
24/08/2007 00:00,""
25/08/2007 00:00,""
26/08/2007 00:00,""
27/08/2007 00:00,""
28/08/2007 00:00,""
29/08/2007 00:00,""
30/08/2007 00:00,""
31/08/2007 00:00,""
01/09/2007 00:00,""
02/09/2007 00:00,""
03/09/2007 00:00,""
04/09/2007 00:00,""
05/09/2007 00:00,""
06/09/2007 00:00,""
07/09/2007 00:00,""
08/09/2007 00:00,""
09/09/2007 00:00,""
10/09/2007 00:00,""
11/09/2007 00:00,""
12/09/2007 00:00,""
13/09/2007 00:00,""
14/09/2007 00:00,""
15/09/2007 00:00,""
16/09/2007 00:00,""
17/09/2007 00:00,""
18/09/2007 00:00,""
19/09/2007 00:00,""
20/09/2007 00:00,""
21/09/2007 00:00,""
22/09/2007 00:00,""
23/09/2007 00:00,""
24/09/2007 00:00,""
25/09/2007 00:00,""
26/09/2007 00:00,""
27/09/2007 00:00,""
28/09/2007 00:00,""
29/09/2007 00:00,""
30/09/2007 00:00,""
01/10/2007 00:00,""
02/10/2007 00:00,""
03/10/2007 00:00,""
04/10/2007 00:00,""
05/10/2007 00:00,""
06/10/2007 00:00,""
07/10/2007 00:00,""
08/10/2007 00:00,""
09/10/2007 00:00,""
10/10/2007 00:00,""
11/10/2007 00:00,""
12/10/2007 00:00,""
13/10/2007 00:00,""
14/10/2007 00:00,""
15/10/2007 00:00,""
16/10/2007 00:00,""
17/10/2007 00:00,""
18/10/2007 00:00,""
19/10/2007 00:00,""
20/10/2007 00:00,""
21/10/2007 00:00,""
22/10/2007 00:00,""
23/10/2007 00:00,""
24/10/2007 00:00,""
25/10/2007 00:00,""
26/10/2007 00:00,""
27/10/2007 00:00,""
28/10/2007 00:00,""
29/10/2007 00:00,""
30/10/2007 00:00,""
31/10/2007 00:00,""
01/11/2007 00:00,""
02/11/2007 00:00,""
03/11/2007 00:00,""
04/11/2007 00:00,""
05/11/2007 00:00,""
06/11/2007 00:00,""
07/11/2007 00:00,""
08/11/2007 00:00,""
09/11/2007 00:00,""
10/11/2007 00:00,""
11/11/2007 00:00,""
12/11/2007 00:00,""
13/11/2007 00:00,""
14/11/2007 00:00,""
15/11/2007 00:00,""
16/11/2007 00:00,""
17/11/2007 00:00,""
18/11/2007 00:00,""
19/11/2007 00:00,""
20/11/2007 00:00,""
21/11/2007 00:00,""
22/11/2007 00:00,""
23/11/2007 00:00,""
24/11/2007 00:00,""
25/11/2007 00:00,""
26/11/2007 00:00,""
27/11/2007 00:00,""
28/11/2007 00:00,""
29/11/2007 00:00,""
30/11/2007 00:00,""
01/12/2007 00:00,""
02/12/2007 00:00,""
03/12/2007 00:00,""
04/12/2007 00:00,""
05/12/2007 00:00,""
06/12/2007 00:00,""
07/12/2007 00:00,""
08/12/2007 00:00,""
09/12/2007 00:00,""
10/12/2007 00:00,""
11/12/2007 00:00,""
12/12/2007 00:00,""
13/12/2007 00:00,""
14/12/2007 00:00,""
15/12/2007 00:00,""
16/12/2007 00:00,""
17/12/2007 00:00,""
18/12/2007 00:00,      -0.175
19/12/2007 00:00,      -0.170
20/12/2007 00:00,      -0.057
21/12/2007 00:00,      -0.015
22/12/2007 00:00,       0.216
23/12/2007 00:00,       0.111
24/12/2007 00:00,       0.081
25/12/2007 00:00,       0.041
26/12/2007 00:00,      -0.042
27/12/2007 00:00,      -0.069
28/12/2007 00:00,      -0.068
29/12/2007 00:00,      -0.042
30/12/2007 00:00,      -0.046
31/12/2007 00:00,      -0.040
01/01/2008 00:00,       0.023
02/01/2008 00:00,       0.049
03/01/2008 00:00,      -0.039
04/01/2008 00:00,      -0.065
05/01/2008 00:00,      -0.046
06/01/2008 00:00,       0.003
07/01/2008 00:00,       0.020
08/01/2008 00:00,       0.029
09/01/2008 00:00,       0.010
10/01/2008 00:00,      -0.023
11/01/2008 00:00,       0.090
12/01/2008 00:00,       0.045
13/01/2008 00:00,       0.135
14/01/2008 00:00,       0.108
15/01/2008 00:00,       0.026
16/01/2008 00:00,       0.038
17/01/2008 00:00,       0.001
18/01/2008 00:00,      -0.037
19/01/2008 00:00,      -0.021
20/01/2008 00:00,       0.007
21/01/2008 00:00,       0.003
22/01/2008 00:00,      -0.017
23/01/2008 00:00,      -0.038
24/01/2008 00:00,      -0.036
25/01/2008 00:00,      -0.073
26/01/2008 00:00,      -0.032
27/01/2008 00:00,      -0.015
28/01/2008 00:00,       0.005
29/01/2008 00:00,       0.010
30/01/2008 00:00,       0.005
31/01/2008 00:00,       0.005
01/02/2008 00:00,      -0.022
02/02/2008 00:00,      -0.039
03/02/2008 00:00,      -0.028
04/02/2008 00:00,      -0.022
05/02/2008 00:00,      -0.029
06/02/2008 00:00,      -0.016
07/02/2008 00:00,      -0.032
08/02/2008 00:00,      -0.013
09/02/2008 00:00,      -0.041
10/02/2008 00:00,      -0.033
11/02/2008 00:00,      -0.039
12/02/2008 00:00,      -0.019
13/02/2008 00:00,      -0.014
14/02/2008 00:00,      -0.038
15/02/2008 00:00,      -0.046
16/02/2008 00:00,      -0.051
17/02/2008 00:00,      -0.074
18/02/2008 00:00,      -0.066
19/02/2008 00:00,      -0.032
20/02/2008 00:00,       0.140
21/02/2008 00:00,       0.046
22/02/2008 00:00,       0.048
23/02/2008 00:00,       0.093
24/02/2008 00:00,       0.082
25/02/2008 00:00,       0.074
26/02/2008 00:00,       0.054
27/02/2008 00:00,       0.087
28/02/2008 00:00,       0.069
29/02/2008 00:00,       0.030
01/03/2008 00:00,      -0.017
02/03/2008 00:00,      -0.033
03/03/2008 00:00,      -0.012
04/03/2008 00:00,       0.012
05/03/2008 00:00,      -0.008
06/03/2008 00:00,       0.000
07/03/2008 00:00,      -0.017
08/03/2008 00:00,      -0.012
09/03/2008 00:00,      -0.023
10/03/2008 00:00,       0.045
11/03/2008 00:00,       0.059
12/03/2008 00:00,       0.042
13/03/2008 00:00,       0.072
14/03/2008 00:00,       0.145
15/03/2008 00:00,       0.179
16/03/2008 00:00,       0.168
17/03/2008 00:00,       0.109
18/03/2008 00:00,       0.206
19/03/2008 00:00,       0.102
20/03/2008 00:00,       0.137
21/03/2008 00:00,       0.198
22/03/2008 00:00,       0.093
23/03/2008 00:00,       0.075
24/03/2008 00:00,       0.128
25/03/2008 00:00,       0.251
26/03/2008 00:00,       0.363
27/03/2008 00:00,       0.210
28/03/2008 00:00,       0.136
29/03/2008 00:00,       0.180
30/03/2008 00:00,       0.207
31/03/2008 00:00,       0.249
01/04/2008 00:00,       0.189
02/04/2008 00:00,       0.302
03/04/2008 00:00,       0.428
04/04/2008 00:00,       0.291
05/04/2008 00:00,       0.226
06/04/2008 00:00,       0.163
07/04/2008 00:00,       0.124
08/04/2008 00:00,       0.089
09/04/2008 00:00,       0.120
10/04/2008 00:00,       0.176
11/04/2008 00:00,       0.219
12/04/2008 00:00,       0.296
13/04/2008 00:00,       0.306
14/04/2008 00:00,       0.209
15/04/2008 00:00,""
16/04/2008 00:00,""
17/04/2008 00:00,""
18/04/2008 00:00,""
19/04/2008 00:00,""
20/04/2008 00:00,""
21/04/2008 00:00,""
22/04/2008 00:00,""
23/04/2008 00:00,""
24/04/2008 00:00,""
25/04/2008 00:00,       0.046
26/04/2008 00:00,       0.221
27/04/2008 00:00,       0.310
28/04/2008 00:00,       0.288
29/04/2008 00:00,       0.099
30/04/2008 00:00,      -0.012
01/05/2008 00:00,       0.095
02/05/2008 00:00,       0.139
03/05/2008 00:00,       0.092
04/05/2008 00:00,       0.044
05/05/2008 00:00,       0.106
06/05/2008 00:00,       0.137
07/05/2008 00:00,       0.129
08/05/2008 00:00,       0.073
09/05/2008 00:00,       0.027
10/05/2008 00:00,       0.012
11/05/2008 00:00,       0.004
12/05/2008 00:00,      -0.007
13/05/2008 00:00,       0.009
14/05/2008 00:00,       0.026
15/05/2008 00:00,       0.087
16/05/2008 00:00,       0.327
17/05/2008 00:00,       0.495
18/05/2008 00:00,       0.460
19/05/2008 00:00,       0.306
20/05/2008 00:00,       0.249
21/05/2008 00:00,       0.187
22/05/2008 00:00,       0.104
23/05/2008 00:00,       0.031
24/05/2008 00:00,      -0.025
25/05/2008 00:00,       0.055
26/05/2008 00:00,       0.087
27/05/2008 00:00,       0.035
28/05/2008 00:00,      -0.019
29/05/2008 00:00,      -0.059
30/05/2008 00:00,      -0.033
31/05/2008 00:00,      -0.028
01/06/2008 00:00,      -0.030
02/06/2008 00:00,      -0.027
03/06/2008 00:00,       0.034
04/06/2008 00:00,       0.054
05/06/2008 00:00,       0.066
06/06/2008 00:00,       0.064
07/06/2008 00:00,      -0.004
08/06/2008 00:00,      -0.030
09/06/2008 00:00,      -0.006
10/06/2008 00:00,       0.024
11/06/2008 00:00,       0.176
12/06/2008 00:00,       0.340
13/06/2008 00:00,       0.400
14/06/2008 00:00,       0.210
15/06/2008 00:00,       0.064
16/06/2008 00:00,       0.005
17/06/2008 00:00,       0.045
18/06/2008 00:00,       0.144
19/06/2008 00:00,       0.199
20/06/2008 00:00,       0.098
21/06/2008 00:00,       0.104
22/06/2008 00:00,       0.061
23/06/2008 00:00,       0.014
24/06/2008 00:00,      -0.015
25/06/2008 00:00,       0.035
26/06/2008 00:00,       0.254
27/06/2008 00:00,       0.234
28/06/2008 00:00,       0.169
29/06/2008 00:00,       0.179
30/06/2008 00:00,       0.395
01/07/2008 00:00,       0.546
02/07/2008 00:00,       0.474
03/07/2008 00:00,       0.378
04/07/2008 00:00,       0.251
05/07/2008 00:00,       0.153
06/07/2008 00:00,       0.152
07/07/2008 00:00,       0.336
08/07/2008 00:00,       0.373
09/07/2008 00:00,       0.220
10/07/2008 00:00,       0.408
11/07/2008 00:00,       0.324
12/07/2008 00:00,       0.178
13/07/2008 00:00,       0.330
14/07/2008 00:00,       0.403
15/07/2008 00:00,       0.323
16/07/2008 00:00,       0.250
17/07/2008 00:00,       0.306
18/07/2008 00:00,       0.353
19/07/2008 00:00,       0.325
20/07/2008 00:00,       0.402
21/07/2008 00:00,       0.539
22/07/2008 00:00,       0.299
23/07/2008 00:00,       0.182
24/07/2008 00:00,       0.170
25/07/2008 00:00,       0.257
26/07/2008 00:00,       0.330
27/07/2008 00:00,       0.326
28/07/2008 00:00,       0.266
29/07/2008 00:00,       0.217
30/07/2008 00:00,       0.296
31/07/2008 00:00,       0.318
01/08/2008 00:00,       0.458
02/08/2008 00:00,       0.452
03/08/2008 00:00,       0.371
04/08/2008 00:00,       0.439
05/08/2008 00:00,       0.424
06/08/2008 00:00,       0.370
07/08/2008 00:00,       0.451
08/08/2008 00:00,       0.360
09/08/2008 00:00,       0.340
10/08/2008 00:00,       0.498
11/08/2008 00:00,       0.362
12/08/2008 00:00,       0.297
13/08/2008 00:00,       0.326
14/08/2008 00:00,       0.311
15/08/2008 00:00,       0.324
16/08/2008 00:00,       0.352
17/08/2008 00:00,       0.285
18/08/2008 00:00,       0.236
19/08/2008 00:00,       0.210
20/08/2008 00:00,       0.247
21/08/2008 00:00,       0.401
22/08/2008 00:00,       0.327
23/08/2008 00:00,       0.211
24/08/2008 00:00,       0.192
25/08/2008 00:00,       0.188
26/08/2008 00:00,       0.222
27/08/2008 00:00,       0.215
28/08/2008 00:00,       0.185
29/08/2008 00:00,       0.179
30/08/2008 00:00,       0.205
31/08/2008 00:00,       0.316
01/09/2008 00:00,       0.282
02/09/2008 00:00,       0.324
03/09/2008 00:00,       0.304
04/09/2008 00:00,       0.200
05/09/2008 00:00,       0.147
06/09/2008 00:00,       0.152
07/09/2008 00:00,       0.171
08/09/2008 00:00,       0.173
09/09/2008 00:00,       0.153
10/09/2008 00:00,       0.154
11/09/2008 00:00,       0.168
12/09/2008 00:00,       0.213
13/09/2008 00:00,       0.292
14/09/2008 00:00,       0.426
15/09/2008 00:00,       0.648
16/09/2008 00:00,       0.593
17/09/2008 00:00,       0.366
18/09/2008 00:00,       0.225
19/09/2008 00:00,       0.286
20/09/2008 00:00,       0.385
21/09/2008 00:00,       0.366
22/09/2008 00:00,       0.459
23/09/2008 00:00,       0.410
24/09/2008 00:00,       0.315
25/09/2008 00:00,       0.169
26/09/2008 00:00,       0.165
27/09/2008 00:00,       0.186
28/09/2008 00:00,       0.166
29/09/2008 00:00,       0.202
30/09/2008 00:00,       0.155
01/10/2008 00:00,       0.134
02/10/2008 00:00,       0.218
03/10/2008 00:00,       0.225
04/10/2008 00:00,       0.232
05/10/2008 00:00,       0.218
06/10/2008 00:00,       0.328
07/10/2008 00:00,       0.268
08/10/2008 00:00,       0.184
09/10/2008 00:00,       0.123
10/10/2008 00:00,       0.089
11/10/2008 00:00,       0.082
12/10/2008 00:00,       0.055
13/10/2008 00:00,       0.109
14/10/2008 00:00,       0.112
15/10/2008 00:00,       0.099
16/10/2008 00:00,       0.078
17/10/2008 00:00,       0.070
18/10/2008 00:00,       0.058
19/10/2008 00:00,       0.110
20/10/2008 00:00,       0.083
21/10/2008 00:00,       0.067
22/10/2008 00:00,       0.046
23/10/2008 00:00,       0.040
24/10/2008 00:00,       0.036
25/10/2008 00:00,       0.030
26/10/2008 00:00,       0.050
27/10/2008 00:00,       0.101
28/10/2008 00:00,       0.094
29/10/2008 00:00,       0.075
30/10/2008 00:00,""
31/10/2008 00:00,""
01/11/2008 00:00,""
02/11/2008 00:00,""
03/11/2008 00:00,""
04/11/2008 00:00,""
05/11/2008 00:00,""
06/11/2008 00:00,""
07/11/2008 00:00,""
08/11/2008 00:00,""
09/11/2008 00:00,""
10/11/2008 00:00,""
11/11/2008 00:00,""
12/11/2008 00:00,""
13/11/2008 00:00,""
14/11/2008 00:00,""
15/11/2008 00:00,""
16/11/2008 00:00,""
17/11/2008 00:00,""
18/11/2008 00:00,""
19/11/2008 00:00,""
20/11/2008 00:00,""
21/11/2008 00:00,""
22/11/2008 00:00,""
23/11/2008 00:00,""
24/11/2008 00:00,""
25/11/2008 00:00,""
26/11/2008 00:00,""
27/11/2008 00:00,""
28/11/2008 00:00,""
29/11/2008 00:00,""
30/11/2008 00:00,""
01/12/2008 00:00,""
02/12/2008 00:00,""
03/12/2008 00:00,""
04/12/2008 00:00,""
05/12/2008 00:00,""
06/12/2008 00:00,""
07/12/2008 00:00,""
08/12/2008 00:00,""
09/12/2008 00:00,""
10/12/2008 00:00,""
11/12/2008 00:00,""
12/12/2008 00:00,""
13/12/2008 00:00,""
14/12/2008 00:00,""
15/12/2008 00:00,""
16/12/2008 00:00,""
17/12/2008 00:00,""
18/12/2008 00:00,""
19/12/2008 00:00,""
20/12/2008 00:00,""
21/12/2008 00:00,""
22/12/2008 00:00,""
23/12/2008 00:00,""
24/12/2008 00:00,""
25/12/2008 00:00,""
26/12/2008 00:00,""
27/12/2008 00:00,""
28/12/2008 00:00,""
29/12/2008 00:00,""
30/12/2008 00:00,""
31/12/2008 00:00,""
01/01/2009 00:00,""
02/01/2009 00:00,""
03/01/2009 00:00,""
04/01/2009 00:00,""
05/01/2009 00:00,""
06/01/2009 00:00,""
07/01/2009 00:00,""
08/01/2009 00:00,""
09/01/2009 00:00,""
10/01/2009 00:00,""
11/01/2009 00:00,""
12/01/2009 00:00,""
13/01/2009 00:00,""
14/01/2009 00:00,""
15/01/2009 00:00,""
16/01/2009 00:00,""
17/01/2009 00:00,""
18/01/2009 00:00,""
19/01/2009 00:00,""
20/01/2009 00:00,""
21/01/2009 00:00,""
22/01/2009 00:00,""
23/01/2009 00:00,""
24/01/2009 00:00,""
25/01/2009 00:00,""
26/01/2009 00:00,""
27/01/2009 00:00,""
28/01/2009 00:00,""
29/01/2009 00:00,""
30/01/2009 00:00,""
31/01/2009 00:00,""
01/02/2009 00:00,""
02/02/2009 00:00,""
03/02/2009 00:00,""
04/02/2009 00:00,""
05/02/2009 00:00,""
06/02/2009 00:00,""
07/02/2009 00:00,""
08/02/2009 00:00,""
09/02/2009 00:00,""
10/02/2009 00:00,""
11/02/2009 00:00,""
12/02/2009 00:00,""
13/02/2009 00:00,""
14/02/2009 00:00,""
15/02/2009 00:00,""
16/02/2009 00:00,""
17/02/2009 00:00,""
18/02/2009 00:00,""
19/02/2009 00:00,""
20/02/2009 00:00,""
21/02/2009 00:00,""
22/02/2009 00:00,""
23/02/2009 00:00,""
24/02/2009 00:00,""
25/02/2009 00:00,""
26/02/2009 00:00,""
27/02/2009 00:00,""
28/02/2009 00:00,""
01/03/2009 00:00,""
02/03/2009 00:00,""
03/03/2009 00:00,""
04/03/2009 00:00,""
05/03/2009 00:00,""
06/03/2009 00:00,      -0.129
07/03/2009 00:00,      -0.111
08/03/2009 00:00,      -0.038
09/03/2009 00:00,      -0.114
10/03/2009 00:00,      -0.024
11/03/2009 00:00,      -0.126
12/03/2009 00:00,      -0.027
13/03/2009 00:00,      -0.012
14/03/2009 00:00,       0.080
15/03/2009 00:00,      -0.093
16/03/2009 00:00,      -0.107
17/03/2009 00:00,      -0.083
18/03/2009 00:00,      -0.119
19/03/2009 00:00,      -0.096
20/03/2009 00:00,      -0.014
21/03/2009 00:00,      -0.109
22/03/2009 00:00,      -0.058
23/03/2009 00:00,      -0.095
24/03/2009 00:00,      -0.042
25/03/2009 00:00,      -0.085
26/03/2009 00:00,      -0.109
27/03/2009 00:00,      -0.084
28/03/2009 00:00,      -0.024
29/03/2009 00:00,      -0.135
30/03/2009 00:00,      -0.073
31/03/2009 00:00,      -0.095
01/04/2009 00:00,      -0.143
02/04/2009 00:00,      -0.074
03/04/2009 00:00,      -0.048
04/04/2009 00:00,      -0.082
05/04/2009 00:00,      -0.043
06/04/2009 00:00,      -0.099
07/04/2009 00:00,      -0.039
08/04/2009 00:00,      -0.108
09/04/2009 00:00,      -0.083
10/04/2009 00:00,      -0.077
11/04/2009 00:00,      -0.131
12/04/2009 00:00,      -0.104
13/04/2009 00:00,      -0.089
14/04/2009 00:00,      -0.047
15/04/2009 00:00,      -0.068
16/04/2009 00:00,      -0.037
17/04/2009 00:00,       0.037
18/04/2009 00:00,      -0.030
19/04/2009 00:00,      -0.009
20/04/2009 00:00,       0.010
21/04/2009 00:00,       0.046
22/04/2009 00:00,      -0.013
23/04/2009 00:00,      -0.071
24/04/2009 00:00,      -0.098
25/04/2009 00:00,       0.147
26/04/2009 00:00,       0.519
27/04/2009 00:00,       0.162
28/04/2009 00:00,       0.000
29/04/2009 00:00,      -0.025
30/04/2009 00:00,      -0.065
01/05/2009 00:00,      -0.064
02/05/2009 00:00,       0.188
03/05/2009 00:00,       0.308
04/05/2009 00:00,       0.266
05/05/2009 00:00,       0.262
06/05/2009 00:00,       0.267
07/05/2009 00:00,       0.275
08/05/2009 00:00,       0.269
09/05/2009 00:00,       0.263
10/05/2009 00:00,       0.273
11/05/2009 00:00,       0.267
12/05/2009 00:00,       0.259
13/05/2009 00:00,       0.317
14/05/2009 00:00,       0.451
15/05/2009 00:00,       0.526
16/05/2009 00:00,       0.613
17/05/2009 00:00,       0.489
18/05/2009 00:00,       0.375
19/05/2009 00:00,       0.332
20/05/2009 00:00,       0.310
21/05/2009 00:00,       0.274
22/05/2009 00:00,       0.203
23/05/2009 00:00,       0.198
24/05/2009 00:00,       0.198
25/05/2009 00:00,       0.197
26/05/2009 00:00,       0.197
27/05/2009 00:00,       0.196
28/05/2009 00:00,       0.195
29/05/2009 00:00,       0.195
30/05/2009 00:00,       0.194
31/05/2009 00:00,       0.193
01/06/2009 00:00,       0.193
02/06/2009 00:00,       0.192
03/06/2009 00:00,       0.192
04/06/2009 00:00,       0.191
05/06/2009 00:00,       0.190
06/06/2009 00:00,       0.190
07/06/2009 00:00,       0.189
08/06/2009 00:00,       0.188
09/06/2009 00:00,       0.188
10/06/2009 00:00,       0.187
11/06/2009 00:00,       0.187
12/06/2009 00:00,       0.186
13/06/2009 00:00,       0.185
14/06/2009 00:00,       0.185
15/06/2009 00:00,       0.184
16/06/2009 00:00,       0.183
17/06/2009 00:00,       0.183
18/06/2009 00:00,       0.182
19/06/2009 00:00,       0.182
20/06/2009 00:00,       0.181
21/06/2009 00:00,       0.180
22/06/2009 00:00,       0.180
23/06/2009 00:00,       0.179
24/06/2009 00:00,       0.179
25/06/2009 00:00,       0.178
26/06/2009 00:00,       0.177
27/06/2009 00:00,       0.177
28/06/2009 00:00,       0.176
29/06/2009 00:00,       0.175
30/06/2009 00:00,       0.175
01/07/2009 00:00,       0.174
02/07/2009 00:00,       0.174
03/07/2009 00:00,       0.173
04/07/2009 00:00,       0.172
05/07/2009 00:00,       0.172
06/07/2009 00:00,       0.171
07/07/2009 00:00,       0.170
08/07/2009 00:00,       0.170
09/07/2009 00:00,       0.169
10/07/2009 00:00,       0.169
11/07/2009 00:00,       0.168
12/07/2009 00:00,       0.167
13/07/2009 00:00,       0.167
14/07/2009 00:00,       0.166
15/07/2009 00:00,       0.166
16/07/2009 00:00,       0.165
17/07/2009 00:00,       0.164
18/07/2009 00:00,       0.164
19/07/2009 00:00,       0.163
20/07/2009 00:00,       0.162
21/07/2009 00:00,       0.162
22/07/2009 00:00,       0.161
23/07/2009 00:00,       0.161
24/07/2009 00:00,       0.160
25/07/2009 00:00,       0.159
26/07/2009 00:00,       0.159
27/07/2009 00:00,       0.158
28/07/2009 00:00,       0.157
29/07/2009 00:00,       0.157
30/07/2009 00:00,       0.156
31/07/2009 00:00,       0.156
01/08/2009 00:00,       0.155
02/08/2009 00:00,       0.154
03/08/2009 00:00,       0.154
04/08/2009 00:00,       0.153
05/08/2009 00:00,       0.152
06/08/2009 00:00,       0.152
07/08/2009 00:00,       0.151
08/08/2009 00:00,       0.151
09/08/2009 00:00,       0.150
10/08/2009 00:00,       0.149
11/08/2009 00:00,       0.149
12/08/2009 00:00,       0.148
13/08/2009 00:00,       0.148
14/08/2009 00:00,       0.147
15/08/2009 00:00,       0.146
16/08/2009 00:00,       0.146
17/08/2009 00:00,       0.145
18/08/2009 00:00,       0.144
19/08/2009 00:00,       0.144
20/08/2009 00:00,       0.143
21/08/2009 00:00,       0.143
22/08/2009 00:00,       0.142
23/08/2009 00:00,       0.141
24/08/2009 00:00,       0.141
25/08/2009 00:00,       0.140
26/08/2009 00:00,       0.139
27/08/2009 00:00,       0.139
28/08/2009 00:00,       0.138
29/08/2009 00:00,       0.138
30/08/2009 00:00,       0.137
31/08/2009 00:00,       0.136
01/09/2009 00:00,       0.136
02/09/2009 00:00,       0.135
03/09/2009 00:00,       0.135
04/09/2009 00:00,       0.134
05/09/2009 00:00,       0.133
06/09/2009 00:00,       0.133
07/09/2009 00:00,       0.132
08/09/2009 00:00,       0.131
09/09/2009 00:00,       0.131
10/09/2009 00:00,       0.130
11/09/2009 00:00,       0.130
12/09/2009 00:00,       0.129
13/09/2009 00:00,       0.128
14/09/2009 00:00,       0.128
15/09/2009 00:00,       0.127
16/09/2009 00:00,       0.126
17/09/2009 00:00,       0.126
18/09/2009 00:00,       0.125
19/09/2009 00:00,       0.125
20/09/2009 00:00,       0.124
21/09/2009 00:00,       0.123
22/09/2009 00:00,       0.123
23/09/2009 00:00,       0.122
24/09/2009 00:00,       0.121
25/09/2009 00:00,       0.121
26/09/2009 00:00,       0.120
27/09/2009 00:00,       0.120
28/09/2009 00:00,       0.119
29/09/2009 00:00,       0.118
30/09/2009 00:00,       0.118
01/10/2009 00:00,       0.117
02/10/2009 00:00,       0.117
03/10/2009 00:00,       0.116
04/10/2009 00:00,       0.115
05/10/2009 00:00,       0.115
06/10/2009 00:00,       0.114
07/10/2009 00:00,       0.113
08/10/2009 00:00,       0.113
09/10/2009 00:00,       0.112
10/10/2009 00:00,       0.112
11/10/2009 00:00,       0.111
12/10/2009 00:00,       0.110
13/10/2009 00:00,       0.110
14/10/2009 00:00,       0.109
15/10/2009 00:00,       0.108
16/10/2009 00:00,       0.108
17/10/2009 00:00,       0.107
18/10/2009 00:00,       0.107
19/10/2009 00:00,       0.106
20/10/2009 00:00,       0.105
21/10/2009 00:00,       0.105
22/10/2009 00:00,       0.104
23/10/2009 00:00,       0.104
24/10/2009 00:00,       0.103
25/10/2009 00:00,       0.102
26/10/2009 00:00,       0.102
27/10/2009 00:00,       0.101
28/10/2009 00:00,       0.100
29/10/2009 00:00,       0.100
30/10/2009 00:00,       0.099
31/10/2009 00:00,       0.099
01/11/2009 00:00,       0.098
02/11/2009 00:00,       0.097
03/11/2009 00:00,       0.097
04/11/2009 00:00,       0.096
05/11/2009 00:00,       0.095
06/11/2009 00:00,       0.095
07/11/2009 00:00,       0.094
08/11/2009 00:00,       0.094
09/11/2009 00:00,       0.093
10/11/2009 00:00,       0.092
11/11/2009 00:00,       0.092
12/11/2009 00:00,       0.091
13/11/2009 00:00,       0.090
14/11/2009 00:00,       0.090
15/11/2009 00:00,       0.089
16/11/2009 00:00,       0.089
17/11/2009 00:00,       0.088
18/11/2009 00:00,       0.087
19/11/2009 00:00,       0.087
20/11/2009 00:00,       0.086
21/11/2009 00:00,       0.086
22/11/2009 00:00,       0.085
23/11/2009 00:00,       0.084
24/11/2009 00:00,       0.084
25/11/2009 00:00,       0.083
26/11/2009 00:00,       0.082
27/11/2009 00:00,       0.082
28/11/2009 00:00,       0.081
29/11/2009 00:00,       0.081
30/11/2009 00:00,       0.080
01/12/2009 00:00,       0.079
02/12/2009 00:00,       0.079
03/12/2009 00:00,       0.078
04/12/2009 00:00,       0.077
05/12/2009 00:00,       0.077
06/12/2009 00:00,       0.076
07/12/2009 00:00,       0.076
08/12/2009 00:00,       0.075
09/12/2009 00:00,       0.074
10/12/2009 00:00,       0.074
11/12/2009 00:00,       0.073
12/12/2009 00:00,       0.073
13/12/2009 00:00,       0.072
14/12/2009 00:00,       0.071
15/12/2009 00:00,       0.071
16/12/2009 00:00,       0.070
17/12/2009 00:00,       0.069
18/12/2009 00:00,       0.069
19/12/2009 00:00,       0.068
20/12/2009 00:00,       0.068
21/12/2009 00:00,       0.067
22/12/2009 00:00,       0.066
23/12/2009 00:00,       0.066
24/12/2009 00:00,       0.065
25/12/2009 00:00,       0.064
26/12/2009 00:00,       0.064
27/12/2009 00:00,       0.063
28/12/2009 00:00,       0.063
29/12/2009 00:00,       0.062
30/12/2009 00:00,       0.061
31/12/2009 00:00,       0.061
01/01/2010 00:00,       0.060
02/01/2010 00:00,       0.059
03/01/2010 00:00,       0.059
04/01/2010 00:00,       0.058
05/01/2010 00:00,       0.058
06/01/2010 00:00,       0.057
07/01/2010 00:00,       0.056
08/01/2010 00:00,       0.056
09/01/2010 00:00,       0.055
10/01/2010 00:00,       0.055
11/01/2010 00:00,       0.054
12/01/2010 00:00,       0.053
13/01/2010 00:00,       0.053
14/01/2010 00:00,       0.052
15/01/2010 00:00,       0.051
16/01/2010 00:00,       0.051
17/01/2010 00:00,       0.050
18/01/2010 00:00,       0.050
19/01/2010 00:00,       0.049
20/01/2010 00:00,       0.048
21/01/2010 00:00,       0.048
22/01/2010 00:00,       0.047
23/01/2010 00:00,       0.046
24/01/2010 00:00,       0.046
25/01/2010 00:00,       0.045
26/01/2010 00:00,       0.045
27/01/2010 00:00,       0.044
28/01/2010 00:00,       0.043
29/01/2010 00:00,       0.043
30/01/2010 00:00,       0.042
31/01/2010 00:00,       0.042
01/02/2010 00:00,       0.041
02/02/2010 00:00,       0.040
03/02/2010 00:00,       0.040
04/02/2010 00:00,       0.039
05/02/2010 00:00,       0.038
06/02/2010 00:00,       0.038
07/02/2010 00:00,       0.037
08/02/2010 00:00,       0.037
09/02/2010 00:00,       0.036
10/02/2010 00:00,       0.035
11/02/2010 00:00,       0.035
12/02/2010 00:00,       0.034
13/02/2010 00:00,       0.033
14/02/2010 00:00,       0.033
15/02/2010 00:00,       0.032
16/02/2010 00:00,       0.032
17/02/2010 00:00,       0.031
18/02/2010 00:00,       0.030
19/02/2010 00:00,       0.030
20/02/2010 00:00,       0.029
21/02/2010 00:00,       0.028
22/02/2010 00:00,       0.028
23/02/2010 00:00,       0.027
24/02/2010 00:00,       0.027
25/02/2010 00:00,       0.026
26/02/2010 00:00,       0.025
27/02/2010 00:00,       0.025
28/02/2010 00:00,       0.024
01/03/2010 00:00,       0.024
02/03/2010 00:00,       0.023
03/03/2010 00:00,       0.022
04/03/2010 00:00,       0.022
05/03/2010 00:00,       0.021
06/03/2010 00:00,       0.020
07/03/2010 00:00,       0.020
08/03/2010 00:00,       0.019
09/03/2010 00:00,       0.019
10/03/2010 00:00,       0.083
11/03/2010 00:00,       0.070
12/03/2010 00:00,""
13/03/2010 00:00,""
14/03/2010 00:00,""
15/03/2010 00:00,""
16/03/2010 00:00,""
17/03/2010 00:00,""
18/03/2010 00:00,""
19/03/2010 00:00,""
20/03/2010 00:00,""
21/03/2010 00:00,""
22/03/2010 00:00,       0.097
23/03/2010 00:00,""
24/03/2010 00:00,""
25/03/2010 00:00,""
26/03/2010 00:00,""
27/03/2010 00:00,""
28/03/2010 00:00,""
29/03/2010 00:00,       0.127
30/03/2010 00:00,       0.143
31/03/2010 00:00,""
01/04/2010 00:00,""
02/04/2010 00:00,""
03/04/2010 00:00,""
04/04/2010 00:00,""
05/04/2010 00:00,""
06/04/2010 00:00,""
07/04/2010 00:00,       0.198
08/04/2010 00:00,       0.159
09/04/2010 00:00,       0.125
10/04/2010 00:00,       0.200
11/04/2010 00:00,       0.332
12/04/2010 00:00,       0.248
13/04/2010 00:00,       0.161
14/04/2010 00:00,       0.094
15/04/2010 00:00,""
16/04/2010 00:00,""
17/04/2010 00:00,""
18/04/2010 00:00,       0.159
19/04/2010 00:00,       0.178
20/04/2010 00:00,       0.200
21/04/2010 00:00,       0.157
22/04/2010 00:00,""
23/04/2010 00:00,       0.168
24/04/2010 00:00,       0.321
25/04/2010 00:00,       0.356
26/04/2010 00:00,       0.249
27/04/2010 00:00,       0.267
28/04/2010 00:00,       0.260
29/04/2010 00:00,       0.326
30/04/2010 00:00,       0.265
01/05/2010 00:00,       0.183
02/05/2010 00:00,       0.235
03/05/2010 00:00,       0.220
04/05/2010 00:00,       0.331
05/05/2010 00:00,       0.427
06/05/2010 00:00,       0.353
07/05/2010 00:00,       0.336
08/05/2010 00:00,       0.307
09/05/2010 00:00,       0.306
10/05/2010 00:00,       0.329
11/05/2010 00:00,       0.424
12/05/2010 00:00,       0.359
13/05/2010 00:00,       0.272
14/05/2010 00:00,       0.221
15/05/2010 00:00,       0.220
16/05/2010 00:00,       0.249
17/05/2010 00:00,       0.242
18/05/2010 00:00,       0.250
19/05/2010 00:00,       0.236
20/05/2010 00:00,       0.207
21/05/2010 00:00,       0.186
22/05/2010 00:00,       0.117
23/05/2010 00:00,""
24/05/2010 00:00,""
25/05/2010 00:00,       0.384
26/05/2010 00:00,       0.375
27/05/2010 00:00,       0.309
28/05/2010 00:00,       0.282
29/05/2010 00:00,       0.461
30/05/2010 00:00,       0.516
31/05/2010 00:00,       0.374
01/06/2010 00:00,       0.275
02/06/2010 00:00,       0.239
03/06/2010 00:00,       0.216
04/06/2010 00:00,       0.202
05/06/2010 00:00,       0.273
06/06/2010 00:00,       0.217
07/06/2010 00:00,       0.128
08/06/2010 00:00,       0.182
09/06/2010 00:00,       0.437
10/06/2010 00:00,       0.380
11/06/2010 00:00,       0.354
12/06/2010 00:00,       0.301
13/06/2010 00:00,       0.257
14/06/2010 00:00,       0.209
15/06/2010 00:00,       0.177
16/06/2010 00:00,       0.198
17/06/2010 00:00,       0.445
18/06/2010 00:00,       0.413
19/06/2010 00:00,       0.408
20/06/2010 00:00,       0.350
21/06/2010 00:00,       0.287
22/06/2010 00:00,       0.201
23/06/2010 00:00,       0.159
24/06/2010 00:00,       0.190
25/06/2010 00:00,       0.304
26/06/2010 00:00,       0.296
27/06/2010 00:00,       0.228
28/06/2010 00:00,       0.267
29/06/2010 00:00,       0.345
30/06/2010 00:00,       0.366
01/07/2010 00:00,       0.309
02/07/2010 00:00,       0.248
03/07/2010 00:00,       0.216
04/07/2010 00:00,       0.190
05/07/2010 00:00,       0.214
06/07/2010 00:00,       0.250
07/07/2010 00:00,       0.240
08/07/2010 00:00,       0.228
09/07/2010 00:00,       0.159
10/07/2010 00:00,""
11/07/2010 00:00,       0.430
12/07/2010 00:00,       0.373
13/07/2010 00:00,       0.391
14/07/2010 00:00,       0.565
15/07/2010 00:00,       0.484
16/07/2010 00:00,       0.368
17/07/2010 00:00,       0.276
18/07/2010 00:00,       0.341
19/07/2010 00:00,       0.364
20/07/2010 00:00,       0.396
21/07/2010 00:00,       0.320
22/07/2010 00:00,       0.240
23/07/2010 00:00,       0.198
24/07/2010 00:00,       0.163
25/07/2010 00:00,       0.136
26/07/2010 00:00,""
27/07/2010 00:00,""
28/07/2010 00:00,""
29/07/2010 00:00,""
30/07/2010 00:00,       0.269
31/07/2010 00:00,       0.383
01/08/2010 00:00,       0.582
02/08/2010 00:00,       0.451
03/08/2010 00:00,       0.225
04/08/2010 00:00,       0.317
05/08/2010 00:00,       0.212
06/08/2010 00:00,       0.149
07/08/2010 00:00,       0.142
08/08/2010 00:00,       0.253
09/08/2010 00:00,       0.285
10/08/2010 00:00,       0.360
11/08/2010 00:00,       0.433
12/08/2010 00:00,       0.336
13/08/2010 00:00,       0.199
14/08/2010 00:00,       0.238
15/08/2010 00:00,       0.637
16/08/2010 00:00,       0.511
17/08/2010 00:00,       0.335
18/08/2010 00:00,""
19/08/2010 00:00,""
20/08/2010 00:00,""
21/08/2010 00:00,""
22/08/2010 00:00,""
23/08/2010 00:00,""
24/08/2010 00:00,""
25/08/2010 00:00,""
26/08/2010 00:00,""
27/08/2010 00:00,""
28/08/2010 00:00,""
29/08/2010 00:00,""
30/08/2010 00:00,""
31/08/2010 00:00,""
01/09/2010 00:00,""
02/09/2010 00:00,""
03/09/2010 00:00,""
04/09/2010 00:00,""
05/09/2010 00:00,""
06/09/2010 00:00,""
07/09/2010 00:00,""
08/09/2010 00:00,""
09/09/2010 00:00,""
10/09/2010 00:00,""
11/09/2010 00:00,""
12/09/2010 00:00,""
13/09/2010 00:00,""
14/09/2010 00:00,""
15/09/2010 00:00,""
16/09/2010 00:00,""
17/09/2010 00:00,""
18/09/2010 00:00,""
19/09/2010 00:00,""
20/09/2010 00:00,""
21/09/2010 00:00,""
22/09/2010 00:00,""
23/09/2010 00:00,""
24/09/2010 00:00,""
25/09/2010 00:00,       0.193
26/09/2010 00:00,       0.234
27/09/2010 00:00,       0.307
28/09/2010 00:00,       0.369
29/09/2010 00:00,       0.375
30/09/2010 00:00,       0.267
01/10/2010 00:00,       0.200
02/10/2010 00:00,       0.140
03/10/2010 00:00,       0.126
04/10/2010 00:00,       0.234
05/10/2010 00:00,       0.263
06/10/2010 00:00,       0.296
07/10/2010 00:00,       0.305
08/10/2010 00:00,       0.306
09/10/2010 00:00,       0.298
10/10/2010 00:00,       0.215
11/10/2010 00:00,       0.175
12/10/2010 00:00,       0.283
13/10/2010 00:00,       0.367
14/10/2010 00:00,       0.397
15/10/2010 00:00,       0.579
16/10/2010 00:00,       0.528
17/10/2010 00:00,       0.461
18/10/2010 00:00,       0.440
19/10/2010 00:00,       0.448
20/10/2010 00:00,       0.431
21/10/2010 00:00,       0.423
22/10/2010 00:00,       0.445
23/10/2010 00:00,       0.531
24/10/2010 00:00,       0.536
25/10/2010 00:00,       0.526
26/10/2010 00:00,       0.512
27/10/2010 00:00,       0.542
28/10/2010 00:00,       0.501
29/10/2010 00:00,       0.489
30/10/2010 00:00,       0.544
31/10/2010 00:00,       0.491
01/11/2010 00:00,       0.445
02/11/2010 00:00,       0.442
03/11/2010 00:00,       0.496
04/11/2010 00:00,       0.513
05/11/2010 00:00,       0.456
06/11/2010 00:00,       0.392
07/11/2010 00:00,       0.456
08/11/2010 00:00,       0.496
09/11/2010 00:00,       0.495
10/11/2010 00:00,       0.497
11/11/2010 00:00,       0.481
12/11/2010 00:00,       0.467
13/11/2010 00:00,       0.521
14/11/2010 00:00,       0.473
15/11/2010 00:00,       0.428
16/11/2010 00:00,       0.424
17/11/2010 00:00,       0.410
18/11/2010 00:00,       0.472
19/11/2010 00:00,       0.484
20/11/2010 00:00,       0.409
21/11/2010 00:00,       0.379
22/11/2010 00:00,       0.367
23/11/2010 00:00,       0.385
24/11/2010 00:00,       0.425
25/11/2010 00:00,       0.491
26/11/2010 00:00,       0.494
27/11/2010 00:00,       0.513
28/11/2010 00:00,       0.490
29/11/2010 00:00,       0.441
30/11/2010 00:00,       0.433
01/12/2010 00:00,       0.429
02/12/2010 00:00,       0.451
03/12/2010 00:00,       0.470
04/12/2010 00:00,       0.492
05/12/2010 00:00,       0.526
06/12/2010 00:00,       0.548
07/12/2010 00:00,       0.595
08/12/2010 00:00,       0.617
09/12/2010 00:00,       0.601
10/12/2010 00:00,       0.585
11/12/2010 00:00,       0.660
12/12/2010 00:00,       0.672
13/12/2010 00:00,       0.669
14/12/2010 00:00,       0.631
15/12/2010 00:00,       0.568
16/12/2010 00:00,       0.637
17/12/2010 00:00,       0.638
18/12/2010 00:00,       0.653
19/12/2010 00:00,       0.639
20/12/2010 00:00,       0.674
21/12/2010 00:00,       0.705
22/12/2010 00:00,       0.700
23/12/2010 00:00,       0.659
24/12/2010 00:00,       0.608
25/12/2010 00:00,       0.611
26/12/2010 00:00,       0.583
27/12/2010 00:00,       0.572
28/12/2010 00:00,       0.542
29/12/2010 00:00,       0.497
30/12/2010 00:00,       0.490
31/12/2010 00:00,       0.514
01/01/2011 00:00,       0.490
02/01/2011 00:00,       0.473
03/01/2011 00:00,       0.461
04/01/2011 00:00,       0.429
05/01/2011 00:00,       0.429
06/01/2011 00:00,       0.427
07/01/2011 00:00,       0.432
08/01/2011 00:00,       0.421
09/01/2011 00:00,       0.411
10/01/2011 00:00,       0.388
11/01/2011 00:00,       0.415
12/01/2011 00:00,       0.436
13/01/2011 00:00,       0.474
14/01/2011 00:00,       0.475
15/01/2011 00:00,       0.452
16/01/2011 00:00,       0.453
17/01/2011 00:00,       0.482
18/01/2011 00:00,       0.492
19/01/2011 00:00,       0.472
20/01/2011 00:00,       0.457
21/01/2011 00:00,       0.431
22/01/2011 00:00,       0.432
23/01/2011 00:00,       0.443
24/01/2011 00:00,       0.444
25/01/2011 00:00,       0.491
26/01/2011 00:00,       0.469
27/01/2011 00:00,       0.459
28/01/2011 00:00,       0.444
29/01/2011 00:00,       0.433
30/01/2011 00:00,       0.454
31/01/2011 00:00,       0.461
01/02/2011 00:00,       0.422
02/02/2011 00:00,       0.428
03/02/2011 00:00,       0.421
04/02/2011 00:00,       0.463
05/02/2011 00:00,       0.479
06/02/2011 00:00,       0.448
07/02/2011 00:00,       0.387
08/02/2011 00:00,       0.323
09/02/2011 00:00,       0.322
10/02/2011 00:00,       0.294
11/02/2011 00:00,       0.308
12/02/2011 00:00,       0.154
13/02/2011 00:00,""
14/02/2011 00:00,""
15/02/2011 00:00,""
16/02/2011 00:00,""
17/02/2011 00:00,       0.276
18/02/2011 00:00,       0.256
19/02/2011 00:00,       0.398
20/02/2011 00:00,       0.495
21/02/2011 00:00,       0.503
22/02/2011 00:00,       0.522
23/02/2011 00:00,       0.496
24/02/2011 00:00,       0.490
25/02/2011 00:00,       0.508
26/02/2011 00:00,       0.542
27/02/2011 00:00,       0.539
28/02/2011 00:00,       0.516
01/03/2011 00:00,       0.489
02/03/2011 00:00,       0.470
03/03/2011 00:00,       0.448
04/03/2011 00:00,       0.472
05/03/2011 00:00,       0.443
06/03/2011 00:00,       0.424
07/03/2011 00:00,       0.462
08/03/2011 00:00,       0.523
09/03/2011 00:00,       0.529
10/03/2011 00:00,       0.520
11/03/2011 00:00,       0.503
12/03/2011 00:00,       0.499
13/03/2011 00:00,       0.477
14/03/2011 00:00,       0.458
15/03/2011 00:00,       0.428
16/03/2011 00:00,       0.397
17/03/2011 00:00,       0.385
18/03/2011 00:00,       0.382
19/03/2011 00:00,       0.385
20/03/2011 00:00,       0.449
21/03/2011 00:00,       0.509
22/03/2011 00:00,       0.508
23/03/2011 00:00,       0.574
24/03/2011 00:00,       0.543
25/03/2011 00:00,       0.555
26/03/2011 00:00,       0.561
27/03/2011 00:00,       0.543
28/03/2011 00:00,       0.517
29/03/2011 00:00,       0.508
30/03/2011 00:00,       0.529
31/03/2011 00:00,       0.514
01/04/2011 00:00,       0.481
02/04/2011 00:00,       0.482
03/04/2011 00:00,       0.464
04/04/2011 00:00,       0.436
05/04/2011 00:00,       0.410
06/04/2011 00:00,       0.412
07/04/2011 00:00,       0.431
08/04/2011 00:00,       0.458
09/04/2011 00:00,       0.551
10/04/2011 00:00,       0.605
11/04/2011 00:00,       0.563
12/04/2011 00:00,       0.561
13/04/2011 00:00,       0.523
14/04/2011 00:00,       0.548
15/04/2011 00:00,       0.538
16/04/2011 00:00,       0.488
17/04/2011 00:00,       0.492
18/04/2011 00:00,       0.518
19/04/2011 00:00,       0.524
20/04/2011 00:00,       0.593
21/04/2011 00:00,       0.618
22/04/2011 00:00,       0.634
23/04/2011 00:00,       0.610
24/04/2011 00:00,       0.579
25/04/2011 00:00,       0.535
26/04/2011 00:00,       0.513
27/04/2011 00:00,       0.505
28/04/2011 00:00,       0.497
29/04/2011 00:00,       0.520
30/04/2011 00:00,       0.551
01/05/2011 00:00,       0.583
02/05/2011 00:00,       0.579
03/05/2011 00:00,       0.552
04/05/2011 00:00,       0.525
05/05/2011 00:00,       0.521
06/05/2011 00:00,       0.524
07/05/2011 00:00,       0.533
08/05/2011 00:00,       0.553
09/05/2011 00:00,       0.498
10/05/2011 00:00,       0.502
11/05/2011 00:00,       0.551
12/05/2011 00:00,       0.602
13/05/2011 00:00,       0.591
14/05/2011 00:00,       0.571
15/05/2011 00:00,       0.518
16/05/2011 00:00,       0.474
17/05/2011 00:00,       0.459
18/05/2011 00:00,       0.481
19/05/2011 00:00,       0.478
20/05/2011 00:00,       0.503
21/05/2011 00:00,       0.508
22/05/2011 00:00,       0.660
23/05/2011 00:00,       0.659
24/05/2011 00:00,       0.640
25/05/2011 00:00,       0.578
26/05/2011 00:00,       0.507
27/05/2011 00:00,       0.477
28/05/2011 00:00,       0.453
29/05/2011 00:00,       0.428
30/05/2011 00:00,       0.378
31/05/2011 00:00,       0.279
01/06/2011 00:00,       0.291
02/06/2011 00:00,       0.370
03/06/2011 00:00,       0.444
04/06/2011 00:00,       0.445
05/06/2011 00:00,       0.498
06/06/2011 00:00,       0.432
07/06/2011 00:00,       0.440
08/06/2011 00:00,       0.302
09/06/2011 00:00,""
10/06/2011 00:00,""
11/06/2011 00:00,""
12/06/2011 00:00,""
13/06/2011 00:00,""
14/06/2011 00:00,""
15/06/2011 00:00,""
16/06/2011 00:00,""
17/06/2011 00:00,       0.582
18/06/2011 00:00,       0.486
19/06/2011 00:00,       0.498
20/06/2011 00:00,       0.678
21/06/2011 00:00,       0.891
22/06/2011 00:00,       0.702
23/06/2011 00:00,       0.496
24/06/2011 00:00,       0.385
25/06/2011 00:00,       0.320
26/06/2011 00:00,       0.403
27/06/2011 00:00,       0.333
28/06/2011 00:00,       0.254
29/06/2011 00:00,       0.189
30/06/2011 00:00,""
01/07/2011 00:00,""
02/07/2011 00:00,       0.345
03/07/2011 00:00,       0.496
04/07/2011 00:00,       0.772
05/07/2011 00:00,       0.690
06/07/2011 00:00,       0.623
07/07/2011 00:00,       0.513
08/07/2011 00:00,       0.388
09/07/2011 00:00,       0.410
10/07/2011 00:00,       0.520
11/07/2011 00:00,       0.432
12/07/2011 00:00,       0.374
13/07/2011 00:00,       0.379
14/07/2011 00:00,       0.358
15/07/2011 00:00,       0.298
16/07/2011 00:00,       0.296
17/07/2011 00:00,       0.383
18/07/2011 00:00,       0.400
19/07/2011 00:00,       0.343
20/07/2011 00:00,       0.289
21/07/2011 00:00,       0.260
22/07/2011 00:00,       0.315
23/07/2011 00:00,       0.301
24/07/2011 00:00,       0.416
25/07/2011 00:00,       0.371
26/07/2011 00:00,       0.273
27/07/2011 00:00,       0.191
28/07/2011 00:00,       0.251
29/07/2011 00:00,       0.273
30/07/2011 00:00,       0.334
31/07/2011 00:00,       0.362
01/08/2011 00:00,       0.406
02/08/2011 00:00,       0.472
03/08/2011 00:00,       0.516
04/08/2011 00:00,       0.547
05/08/2011 00:00,       0.578
06/08/2011 00:00,       0.588
07/08/2011 00:00,       0.560
08/08/2011 00:00,       0.507
09/08/2011 00:00,       0.471
10/08/2011 00:00,       0.518
11/08/2011 00:00,       0.521
12/08/2011 00:00,       0.452
13/08/2011 00:00,       0.430
14/08/2011 00:00,       0.400
15/08/2011 00:00,       0.359
16/08/2011 00:00,       0.410
17/08/2011 00:00,       0.684
18/08/2011 00:00,       0.679
19/08/2011 00:00,       0.440
20/08/2011 00:00,       0.393
21/08/2011 00:00,       0.322
22/08/2011 00:00,       0.265
23/08/2011 00:00,       0.268
24/08/2011 00:00,       0.301
25/08/2011 00:00,       0.342
26/08/2011 00:00,       0.349
27/08/2011 00:00,       0.362
28/08/2011 00:00,       0.438
29/08/2011 00:00,       0.429
30/08/2011 00:00,       0.357
31/08/2011 00:00,       0.343
01/09/2011 00:00,       0.285
02/09/2011 00:00,       0.231
03/09/2011 00:00,       0.332
04/09/2011 00:00,       0.406
05/09/2011 00:00,       0.407
06/09/2011 00:00,       0.551
07/09/2011 00:00,       0.492
08/09/2011 00:00,       0.455
09/09/2011 00:00,       0.393
10/09/2011 00:00,       0.294
11/09/2011 00:00,       0.236
12/09/2011 00:00,       0.198
13/09/2011 00:00,       0.261
14/09/2011 00:00,       0.359
15/09/2011 00:00,       0.415
16/09/2011 00:00,       0.381
17/09/2011 00:00,       0.373
18/09/2011 00:00,       0.356
19/09/2011 00:00,       0.434
20/09/2011 00:00,       0.645
21/09/2011 00:00,       0.513
22/09/2011 00:00,       0.470
23/09/2011 00:00,       0.496
24/09/2011 00:00,       0.385
25/09/2011 00:00,       0.288
26/09/2011 00:00,       0.151
27/09/2011 00:00,       0.189
28/09/2011 00:00,       0.409
29/09/2011 00:00,       0.664
30/09/2011 00:00,       0.614
01/10/2011 00:00,       0.507
02/10/2011 00:00,       0.285
03/10/2011 00:00,       0.181
04/10/2011 00:00,       0.133
05/10/2011 00:00,       0.221
06/10/2011 00:00,       0.345
07/10/2011 00:00,       0.308
08/10/2011 00:00,       0.280
09/10/2011 00:00,       0.266
10/10/2011 00:00,       0.316
11/10/2011 00:00,       0.342
12/10/2011 00:00,       0.257
13/10/2011 00:00,""
14/10/2011 00:00,""
15/10/2011 00:00,       0.430
16/10/2011 00:00,       0.378
17/10/2011 00:00,""
18/10/2011 00:00,""
19/10/2011 00:00,""
20/10/2011 00:00,""
21/10/2011 00:00,""
22/10/2011 00:00,""
23/10/2011 00:00,""
24/10/2011 00:00,""
25/10/2011 00:00,""
26/10/2011 00:00,""
27/10/2011 00:00,""
28/10/2011 00:00,""
29/10/2011 00:00,""
30/10/2011 00:00,""
31/10/2011 00:00,""
01/11/2011 00:00,""
02/11/2011 00:00,""
03/11/2011 00:00,""
04/11/2011 00:00,""
05/11/2011 00:00,""
06/11/2011 00:00,       0.199
07/11/2011 00:00,""
08/11/2011 00:00,""
09/11/2011 00:00,       0.274
10/11/2011 00:00,       0.370
11/11/2011 00:00,       0.293
12/11/2011 00:00,       0.246
13/11/2011 00:00,       0.323
14/11/2011 00:00,       0.325
15/11/2011 00:00,       0.300
16/11/2011 00:00,""
17/11/2011 00:00,""
18/11/2011 00:00,""
19/11/2011 00:00,       0.213
20/11/2011 00:00,       0.286
21/11/2011 00:00,       0.257
22/11/2011 00:00,       0.313
23/11/2011 00:00,       0.248
24/11/2011 00:00,""
25/11/2011 00:00,""
26/11/2011 00:00,""
27/11/2011 00:00,""
28/11/2011 00:00,""
29/11/2011 00:00,       0.333
30/11/2011 00:00,       0.446
01/12/2011 00:00,       0.298
02/12/2011 00:00,       0.172
03/12/2011 00:00,""
04/12/2011 00:00,""
05/12/2011 00:00,""
06/12/2011 00:00,""
07/12/2011 00:00,""
08/12/2011 00:00,""
09/12/2011 00:00,""
10/12/2011 00:00,""
11/12/2011 00:00,""
12/12/2011 00:00,       0.262
13/12/2011 00:00,       0.300
14/12/2011 00:00,""
15/12/2011 00:00,""
16/12/2011 00:00,""
17/12/2011 00:00,""
18/12/2011 00:00,""
19/12/2011 00:00,       0.291
20/12/2011 00:00,""
21/12/2011 00:00,""
22/12/2011 00:00,""
23/12/2011 00:00,""
24/12/2011 00:00,""
25/12/2011 00:00,       0.284
26/12/2011 00:00,""
27/12/2011 00:00,       0.265
28/12/2011 00:00,       0.278
29/12/2011 00:00,       0.258
30/12/2011 00:00,       0.156
31/12/2011 00:00,""
01/01/2012 00:00,""
02/01/2012 00:00,       0.270
03/01/2012 00:00,       0.296
04/01/2012 00:00,       0.331
05/01/2012 00:00,       0.204
06/01/2012 00:00,""
07/01/2012 00:00,""
08/01/2012 00:00,       0.357
09/01/2012 00:00,       0.497
10/01/2012 00:00,       0.464
11/01/2012 00:00,       0.457
12/01/2012 00:00,       0.322
13/01/2012 00:00,       0.242
14/01/2012 00:00,       0.172
15/01/2012 00:00,""
16/01/2012 00:00,""
17/01/2012 00:00,""
18/01/2012 00:00,       0.341
19/01/2012 00:00,       0.303
20/01/2012 00:00,       0.270
21/01/2012 00:00,""
22/01/2012 00:00,""
23/01/2012 00:00,""
24/01/2012 00:00,       0.234
25/01/2012 00:00,       0.273
26/01/2012 00:00,""
27/01/2012 00:00,""
28/01/2012 00:00,""
29/01/2012 00:00,""
30/01/2012 00:00,       0.404
31/01/2012 00:00,       0.331
01/02/2012 00:00,""
02/02/2012 00:00,""
03/02/2012 00:00,""
04/02/2012 00:00,""
05/02/2012 00:00,       0.439
06/02/2012 00:00,       0.469
07/02/2012 00:00,       0.393
08/02/2012 00:00,       0.344
09/02/2012 00:00,       0.317
10/02/2012 00:00,       0.340
11/02/2012 00:00,       0.293
12/02/2012 00:00,""
13/02/2012 00:00,""
14/02/2012 00:00,""
15/02/2012 00:00,       0.357
16/02/2012 00:00,       0.322
17/02/2012 00:00,       0.237
18/02/2012 00:00,""
19/02/2012 00:00,       0.223
20/02/2012 00:00,       0.305
21/02/2012 00:00,       0.253
22/02/2012 00:00,""
23/02/2012 00:00,       0.203
24/02/2012 00:00,""
25/02/2012 00:00,       0.277
26/02/2012 00:00,       0.369
27/02/2012 00:00,       0.407
28/02/2012 00:00,       0.412
29/02/2012 00:00,       0.308
01/03/2012 00:00,       0.311
02/03/2012 00:00,       0.194
03/03/2012 00:00,       0.264
04/03/2012 00:00,       0.381
05/03/2012 00:00,       0.345
06/03/2012 00:00,       0.306
07/03/2012 00:00,       0.287
08/03/2012 00:00,       0.249
09/03/2012 00:00,       0.343
10/03/2012 00:00,       0.427
11/03/2012 00:00,       0.419
12/03/2012 00:00,       0.336
13/03/2012 00:00,       0.341
14/03/2012 00:00,       0.384
15/03/2012 00:00,       0.463
16/03/2012 00:00,       0.454
17/03/2012 00:00,       0.350
18/03/2012 00:00,       0.264
19/03/2012 00:00,       0.171
20/03/2012 00:00,       0.277
21/03/2012 00:00,       0.453
22/03/2012 00:00,       0.431
23/03/2012 00:00,       0.557
24/03/2012 00:00,       0.509
25/03/2012 00:00,       0.375
26/03/2012 00:00,       0.323
27/03/2012 00:00,       0.378
28/03/2012 00:00,       0.503
29/03/2012 00:00,       0.538
30/03/2012 00:00,       0.535
31/03/2012 00:00,       0.515
01/04/2012 00:00,       0.582
02/04/2012 00:00,       0.557
03/04/2012 00:00,       0.563
04/04/2012 00:00,       0.577
05/04/2012 00:00,       0.574
06/04/2012 00:00,       0.611
07/04/2012 00:00,       0.574
08/04/2012 00:00,       0.550
09/04/2012 00:00,       0.539
10/04/2012 00:00,       0.522
11/04/2012 00:00,       0.499
12/04/2012 00:00,       0.492
13/04/2012 00:00,       0.494
14/04/2012 00:00,       0.498
15/04/2012 00:00,       0.527
16/04/2012 00:00,       0.532
17/04/2012 00:00,       0.471
18/04/2012 00:00,       0.442
19/04/2012 00:00,       0.487
20/04/2012 00:00,       0.474
21/04/2012 00:00,       0.467
22/04/2012 00:00,       0.600
23/04/2012 00:00,       0.655
24/04/2012 00:00,       0.591
25/04/2012 00:00,       0.544
26/04/2012 00:00,       0.536
27/04/2012 00:00,       0.585
28/04/2012 00:00,       0.575
29/04/2012 00:00,       0.564
30/04/2012 00:00,       0.500
01/05/2012 00:00,       0.544
02/05/2012 00:00,       0.552
03/05/2012 00:00,       0.515
04/05/2012 00:00,       0.534
05/05/2012 00:00,       0.510
06/05/2012 00:00,       0.514
07/05/2012 00:00,       0.579
08/05/2012 00:00,       0.603
09/05/2012 00:00,       0.623
10/05/2012 00:00,       0.645
11/05/2012 00:00,       0.638
12/05/2012 00:00,       0.589
13/05/2012 00:00,       0.560
14/05/2012 00:00,       0.518
15/05/2012 00:00,       0.509
16/05/2012 00:00,       0.492
17/05/2012 00:00,       0.555
18/05/2012 00:00,       0.551
19/05/2012 00:00,       0.520
20/05/2012 00:00,       0.477
21/05/2012 00:00,       0.527
22/05/2012 00:00,       0.614
23/05/2012 00:00,       0.695
24/05/2012 00:00,       0.732
25/05/2012 00:00,       0.670
26/05/2012 00:00,       0.707
27/05/2012 00:00,       0.684
28/05/2012 00:00,       0.651
29/05/2012 00:00,       0.618
30/05/2012 00:00,       0.561
31/05/2012 00:00,       0.540
01/06/2012 00:00,       0.520
02/06/2012 00:00,       0.508
03/06/2012 00:00,       0.507
04/06/2012 00:00,       0.535
05/06/2012 00:00,       0.477
06/06/2012 00:00,       0.471
07/06/2012 00:00,       0.439
08/06/2012 00:00,       0.391
09/06/2012 00:00,       0.357
10/06/2012 00:00,       0.339
11/06/2012 00:00,       0.354
12/06/2012 00:00,       0.389
13/06/2012 00:00,       0.442
14/06/2012 00:00,       0.537
15/06/2012 00:00,       0.583
16/06/2012 00:00,       0.547
17/06/2012 00:00,       0.480
18/06/2012 00:00,       0.436
19/06/2012 00:00,       0.399
20/06/2012 00:00,       0.435
21/06/2012 00:00,       0.470
22/06/2012 00:00,       0.478
23/06/2012 00:00,       0.364
24/06/2012 00:00,       0.363
25/06/2012 00:00,       0.372
26/06/2012 00:00,       0.252
27/06/2012 00:00,       0.083
28/06/2012 00:00,       0.178
29/06/2012 00:00,       0.583
30/06/2012 00:00,       0.649
01/07/2012 00:00,       0.489
02/07/2012 00:00,       0.360
03/07/2012 00:00,       0.317
04/07/2012 00:00,       0.235
05/07/2012 00:00,       0.182
06/07/2012 00:00,       0.139
07/07/2012 00:00,       0.135
08/07/2012 00:00,       0.173
09/07/2012 00:00,       0.234
10/07/2012 00:00,       0.286
11/07/2012 00:00,       0.266
12/07/2012 00:00,       0.360
13/07/2012 00:00,       0.419
14/07/2012 00:00,       0.496
15/07/2012 00:00,       0.418
16/07/2012 00:00,       0.458
17/07/2012 00:00,       0.508
18/07/2012 00:00,       0.537
19/07/2012 00:00,       0.483
20/07/2012 00:00,       0.462
21/07/2012 00:00,       0.412
22/07/2012 00:00,       0.353
23/07/2012 00:00,       0.303
24/07/2012 00:00,       0.283
25/07/2012 00:00,       0.490
26/07/2012 00:00,       0.651
27/07/2012 00:00,       0.526
28/07/2012 00:00,       0.460
29/07/2012 00:00,       0.518
30/07/2012 00:00,       0.470
31/07/2012 00:00,       0.422
01/08/2012 00:00,       0.374
02/08/2012 00:00,       0.405
03/08/2012 00:00,       0.468
04/08/2012 00:00,       0.521
05/08/2012 00:00,       0.640
06/08/2012 00:00,       0.606
07/08/2012 00:00,       0.554
08/08/2012 00:00,       0.573
09/08/2012 00:00,       0.581
10/08/2012 00:00,       0.546
11/08/2012 00:00,       0.498
12/08/2012 00:00,       0.447
13/08/2012 00:00,       0.402
14/08/2012 00:00,       0.455
15/08/2012 00:00,       0.517
16/08/2012 00:00,       0.564
17/08/2012 00:00,       0.716
18/08/2012 00:00,       0.538
19/08/2012 00:00,       0.471
20/08/2012 00:00,       0.483
21/08/2012 00:00,       0.551
22/08/2012 00:00,       0.571
23/08/2012 00:00,       0.633
24/08/2012 00:00,       0.738
25/08/2012 00:00,       0.617
26/08/2012 00:00,       0.565
27/08/2012 00:00,       0.554
28/08/2012 00:00,       0.573
29/08/2012 00:00,       0.600
30/08/2012 00:00,       0.585
31/08/2012 00:00,       0.556
01/09/2012 00:00,       0.515
02/09/2012 00:00,       0.469
03/09/2012 00:00,       0.478
04/09/2012 00:00,       0.448
05/09/2012 00:00,       0.546
06/09/2012 00:00,       0.701
07/09/2012 00:00,       0.650
08/09/2012 00:00,       0.598
09/09/2012 00:00,       0.543
10/09/2012 00:00,       0.535
11/09/2012 00:00,       0.531
12/09/2012 00:00,       0.502
13/09/2012 00:00,       0.504
14/09/2012 00:00,       0.509
15/09/2012 00:00,       0.500
16/09/2012 00:00,       0.470
17/09/2012 00:00,       0.463
18/09/2012 00:00,       0.452
19/09/2012 00:00,       0.433
20/09/2012 00:00,       0.399
21/09/2012 00:00,       0.378
22/09/2012 00:00,       0.362
23/09/2012 00:00,       0.518
24/09/2012 00:00,       0.481
25/09/2012 00:00,       0.448
26/09/2012 00:00,       0.412
27/09/2012 00:00,       0.460
28/09/2012 00:00,       0.592
29/09/2012 00:00,       0.593
30/09/2012 00:00,       0.484
01/10/2012 00:00,       0.395
02/10/2012 00:00,       0.358
03/10/2012 00:00,       0.380
04/10/2012 00:00,       0.387
05/10/2012 00:00,       0.405
06/10/2012 00:00,       0.384
07/10/2012 00:00,       0.390
08/10/2012 00:00,       0.350
09/10/2012 00:00,       0.317
10/10/2012 00:00,       0.472
11/10/2012 00:00,       0.452
12/10/2012 00:00,       0.298
13/10/2012 00:00,       0.288
14/10/2012 00:00,       0.258
15/10/2012 00:00,       0.309
16/10/2012 00:00,       0.362
17/10/2012 00:00,       0.334
18/10/2012 00:00,       0.293
19/10/2012 00:00,       0.352
20/10/2012 00:00,       0.340
21/10/2012 00:00,       0.324
22/10/2012 00:00,       0.268
23/10/2012 00:00,       0.111
24/10/2012 00:00,       0.207
25/10/2012 00:00,       0.441
26/10/2012 00:00,       0.295
27/10/2012 00:00,       0.228
28/10/2012 00:00,       0.197
29/10/2012 00:00,""
30/10/2012 00:00,""
31/10/2012 00:00,""
01/11/2012 00:00,""
02/11/2012 00:00,""
03/11/2012 00:00,""
04/11/2012 00:00,""
05/11/2012 00:00,""
06/11/2012 00:00,       0.370
07/11/2012 00:00,       0.374
08/11/2012 00:00,       0.349
09/11/2012 00:00,       0.278
10/11/2012 00:00,""
11/11/2012 00:00,""
12/11/2012 00:00,       0.221
13/11/2012 00:00,""
14/11/2012 00:00,""
15/11/2012 00:00,""
16/11/2012 00:00,""
17/11/2012 00:00,""
18/11/2012 00:00,""
19/11/2012 00:00,""
20/11/2012 00:00,""
21/11/2012 00:00,       0.259
22/11/2012 00:00,       0.150
23/11/2012 00:00,""
24/11/2012 00:00,""
25/11/2012 00:00,""
26/11/2012 00:00,""
27/11/2012 00:00,""
28/11/2012 00:00,""
29/11/2012 00:00,""
30/11/2012 00:00,""
01/12/2012 00:00,       0.361
02/12/2012 00:00,       0.372
03/12/2012 00:00,       0.390
04/12/2012 00:00,       0.428
05/12/2012 00:00,       0.389
06/12/2012 00:00,       0.233
07/12/2012 00:00,""
08/12/2012 00:00,       0.288
09/12/2012 00:00,       0.280
10/12/2012 00:00,       0.177
11/12/2012 00:00,""
12/12/2012 00:00,""
13/12/2012 00:00,""
14/12/2012 00:00,""
15/12/2012 00:00,       0.309
16/12/2012 00:00,       0.414
17/12/2012 00:00,       0.354
18/12/2012 00:00,       0.328
19/12/2012 00:00,       0.375
20/12/2012 00:00,       0.404
21/12/2012 00:00,       0.337
22/12/2012 00:00,       0.241
23/12/2012 00:00,       0.231
24/12/2012 00:00,       0.382
25/12/2012 00:00,       0.275
26/12/2012 00:00,""
27/12/2012 00:00,""
28/12/2012 00:00,""
29/12/2012 00:00,""
30/12/2012 00:00,""
31/12/2012 00:00,""
01/01/2013 00:00,""
02/01/2013 00:00,""
03/01/2013 00:00,""
04/01/2013 00:00,       0.263
05/01/2013 00:00,       0.366
06/01/2013 00:00,       0.265
07/01/2013 00:00,""
08/01/2013 00:00,       0.278
09/01/2013 00:00,       0.284
10/01/2013 00:00,""
11/01/2013 00:00,""
12/01/2013 00:00,""
13/01/2013 00:00,""
14/01/2013 00:00,""
15/01/2013 00:00,""
16/01/2013 00:00,""
17/01/2013 00:00,""
18/01/2013 00:00,       0.332
19/01/2013 00:00,       0.330
20/01/2013 00:00,       0.293
21/01/2013 00:00,       0.315
22/01/2013 00:00,       0.285
23/01/2013 00:00,       0.216
24/01/2013 00:00,""
25/01/2013 00:00,       0.270
26/01/2013 00:00,""
27/01/2013 00:00,""
28/01/2013 00:00,       0.252
29/01/2013 00:00,""
30/01/2013 00:00,""
31/01/2013 00:00,       0.302
01/02/2013 00:00,       0.310
02/02/2013 00:00,""
03/02/2013 00:00,""
04/02/2013 00:00,""
05/02/2013 00:00,""
06/02/2013 00:00,""
07/02/2013 00:00,       0.264
08/02/2013 00:00,       0.296
09/02/2013 00:00,       0.346
10/02/2013 00:00,       0.356
11/02/2013 00:00,       0.235
12/02/2013 00:00,""
13/02/2013 00:00,""
14/02/2013 00:00,""
15/02/2013 00:00,""
16/02/2013 00:00,""
17/02/2013 00:00,""
18/02/2013 00:00,""
19/02/2013 00:00,       0.300
20/02/2013 00:00,""
21/02/2013 00:00,""
22/02/2013 00:00,""
23/02/2013 00:00,""
24/02/2013 00:00,""
25/02/2013 00:00,""
26/02/2013 00:00,""
27/02/2013 00:00,       0.228
28/02/2013 00:00,       0.244
01/03/2013 00:00,""
02/03/2013 00:00,""
03/03/2013 00:00,""
04/03/2013 00:00,""
05/03/2013 00:00,""
06/03/2013 00:00,""
07/03/2013 00:00,""
08/03/2013 00:00,       0.274
09/03/2013 00:00,       0.315
10/03/2013 00:00,       0.304
11/03/2013 00:00,       0.253
12/03/2013 00:00,       0.209
13/03/2013 00:00,       0.410
14/03/2013 00:00,       0.412
15/03/2013 00:00,       0.343
16/03/2013 00:00,       0.406
17/03/2013 00:00,       0.225
18/03/2013 00:00,""
19/03/2013 00:00,""
20/03/2013 00:00,""
21/03/2013 00:00,       0.478
22/03/2013 00:00,       0.418
23/03/2013 00:00,       0.364
24/03/2013 00:00,       0.442
25/03/2013 00:00,       0.352
26/03/2013 00:00,       0.262
27/03/2013 00:00,       0.333
28/03/2013 00:00,       0.477
29/03/2013 00:00,       0.355
30/03/2013 00:00,       0.324
31/03/2013 00:00,       0.403
01/04/2013 00:00,       0.347
02/04/2013 00:00,       0.332
03/04/2013 00:00,       0.293
04/04/2013 00:00,       0.172
05/04/2013 00:00,""
06/04/2013 00:00,""
07/04/2013 00:00,""
08/04/2013 00:00,       0.188
09/04/2013 00:00,""
10/04/2013 00:00,""
11/04/2013 00:00,""
12/04/2013 00:00,""
13/04/2013 00:00,       0.275
14/04/2013 00:00,       0.358
15/04/2013 00:00,       0.371
16/04/2013 00:00,       0.322
17/04/2013 00:00,       0.309
18/04/2013 00:00,       0.287
19/04/2013 00:00,       0.157
20/04/2013 00:00,       0.139
21/04/2013 00:00,       0.377
22/04/2013 00:00,       0.522
23/04/2013 00:00,       0.521
24/04/2013 00:00,       0.451
25/04/2013 00:00,       0.435
26/04/2013 00:00,       0.428
27/04/2013 00:00,       0.415
28/04/2013 00:00,       0.535
29/04/2013 00:00,       0.473
30/04/2013 00:00,       0.382
01/05/2013 00:00,       0.368
02/05/2013 00:00,       0.198
03/05/2013 00:00,       0.192
04/05/2013 00:00,       0.311
05/05/2013 00:00,       0.230
06/05/2013 00:00,       0.186
07/05/2013 00:00,       0.213
08/05/2013 00:00,       0.204
09/05/2013 00:00,       0.197
10/05/2013 00:00,       0.208
11/05/2013 00:00,       0.269
12/05/2013 00:00,       0.486
13/05/2013 00:00,       0.562
14/05/2013 00:00,       0.550
15/05/2013 00:00,       0.518
16/05/2013 00:00,       0.466
17/05/2013 00:00,       0.416
18/05/2013 00:00,       0.335
19/05/2013 00:00,       0.295
20/05/2013 00:00,       0.357
21/05/2013 00:00,       0.319
22/05/2013 00:00,       0.377
23/05/2013 00:00,       0.395
24/05/2013 00:00,       0.359
25/05/2013 00:00,       0.361
26/05/2013 00:00,       0.364
27/05/2013 00:00,       0.299
28/05/2013 00:00,       0.292
29/05/2013 00:00,       0.299
30/05/2013 00:00,       0.332
31/05/2013 00:00,       0.368
01/06/2013 00:00,       0.530
02/06/2013 00:00,       0.468
03/06/2013 00:00,       0.368
04/06/2013 00:00,       0.330
05/06/2013 00:00,       0.347
06/06/2013 00:00,       0.433
07/06/2013 00:00,       0.533
08/06/2013 00:00,       0.441
09/06/2013 00:00,       0.389
10/06/2013 00:00,       0.419
11/06/2013 00:00,       0.455
12/06/2013 00:00,       0.576
13/06/2013 00:00,       0.473
14/06/2013 00:00,       0.419
15/06/2013 00:00,       0.282
16/06/2013 00:00,       0.257
17/06/2013 00:00,       0.312
18/06/2013 00:00,       0.336
19/06/2013 00:00,       0.287
20/06/2013 00:00,       0.323
21/06/2013 00:00,       0.419
22/06/2013 00:00,       0.413
23/06/2013 00:00,       0.268
24/06/2013 00:00,       0.199
25/06/2013 00:00,       0.183
26/06/2013 00:00,       0.194
27/06/2013 00:00,       0.282
28/06/2013 00:00,       0.296
29/06/2013 00:00,       0.267
30/06/2013 00:00,       0.286
01/07/2013 00:00,       0.399
02/07/2013 00:00,       0.463
03/07/2013 00:00,       0.453
04/07/2013 00:00,       0.592
05/07/2013 00:00,       0.742
06/07/2013 00:00,       0.645
07/07/2013 00:00,       0.533
08/07/2013 00:00,       0.403
09/07/2013 00:00,       0.312
10/07/2013 00:00,       0.257
11/07/2013 00:00,       0.256
12/07/2013 00:00,       0.284
13/07/2013 00:00,       0.280
14/07/2013 00:00,       0.341
15/07/2013 00:00,       0.361
16/07/2013 00:00,       0.243
17/07/2013 00:00,       0.215
18/07/2013 00:00,       0.433
19/07/2013 00:00,       0.721
20/07/2013 00:00,       0.749
21/07/2013 00:00,       0.566
22/07/2013 00:00,       0.535
23/07/2013 00:00,       0.427
24/07/2013 00:00,       0.320
25/07/2013 00:00,       0.227
26/07/2013 00:00,       0.236
27/07/2013 00:00,       0.223
28/07/2013 00:00,       0.365
29/07/2013 00:00,       0.463
30/07/2013 00:00,       0.416
31/07/2013 00:00,       0.342
01/08/2013 00:00,       0.292
02/08/2013 00:00,       0.497
03/08/2013 00:00,       0.546
04/08/2013 00:00,       0.531
05/08/2013 00:00,       0.470
06/08/2013 00:00,       0.529
07/08/2013 00:00,       0.558
08/08/2013 00:00,       0.453
09/08/2013 00:00,       0.400
10/08/2013 00:00,       0.463
11/08/2013 00:00,       0.499
12/08/2013 00:00,       0.581
13/08/2013 00:00,       0.608
14/08/2013 00:00,       0.718
15/08/2013 00:00,       0.573
16/08/2013 00:00,       0.543
17/08/2013 00:00,       0.693
18/08/2013 00:00,       0.811
19/08/2013 00:00,       0.806
20/08/2013 00:00,       0.660
21/08/2013 00:00,       0.580
22/08/2013 00:00,       0.615
23/08/2013 00:00,       0.662
24/08/2013 00:00,       0.630
25/08/2013 00:00,       0.572
26/08/2013 00:00,       0.579
27/08/2013 00:00,       0.598
28/08/2013 00:00,       0.552
29/08/2013 00:00,       0.441
30/08/2013 00:00,       0.545
31/08/2013 00:00,       0.462
01/09/2013 00:00,       0.448
02/09/2013 00:00,       0.467
03/09/2013 00:00,       0.410
04/09/2013 00:00,       0.378
05/09/2013 00:00,       0.409
06/09/2013 00:00,       0.426
07/09/2013 00:00,       0.419
08/09/2013 00:00,       0.364
09/09/2013 00:00,       0.380
10/09/2013 00:00,       0.540
11/09/2013 00:00,       0.462
12/09/2013 00:00,       0.348
13/09/2013 00:00,       0.379
14/09/2013 00:00,       0.454
15/09/2013 00:00,       0.404
16/09/2013 00:00,       0.447
17/09/2013 00:00,       0.439
18/09/2013 00:00,       0.546
19/09/2013 00:00,       0.502
20/09/2013 00:00,       0.529
21/09/2013 00:00,       0.459
22/09/2013 00:00,       0.452
23/09/2013 00:00,       0.434
24/09/2013 00:00,       0.495
25/09/2013 00:00,       0.563
26/09/2013 00:00,       0.712
27/09/2013 00:00,       0.570
28/09/2013 00:00,       0.622
29/09/2013 00:00,       0.504
30/09/2013 00:00,       0.574
01/10/2013 00:00,       0.649
02/10/2013 00:00,       0.770
03/10/2013 00:00,       0.711
04/10/2013 00:00,       0.632
05/10/2013 00:00,       0.683
06/10/2013 00:00,       0.675
07/10/2013 00:00,       0.656
08/10/2013 00:00,       0.645
09/10/2013 00:00,       0.610
10/10/2013 00:00,       0.575
11/10/2013 00:00,       0.540
12/10/2013 00:00,       0.470
13/10/2013 00:00,       0.586
14/10/2013 00:00,       0.534
15/10/2013 00:00,       0.541
16/10/2013 00:00,       0.549
17/10/2013 00:00,       0.634
18/10/2013 00:00,       0.504
19/10/2013 00:00,       0.508
20/10/2013 00:00,       0.557
21/10/2013 00:00,       0.507
22/10/2013 00:00,       0.454
23/10/2013 00:00,       0.462
24/10/2013 00:00,       0.392
25/10/2013 00:00,       0.259
26/10/2013 00:00,       0.190
27/10/2013 00:00,""
28/10/2013 00:00,""
29/10/2013 00:00,""
30/10/2013 00:00,""
31/10/2013 00:00,""
01/11/2013 00:00,""
02/11/2013 00:00,""
03/11/2013 00:00,""
04/11/2013 00:00,""
05/11/2013 00:00,""
06/11/2013 00:00,""
07/11/2013 00:00,       0.267
08/11/2013 00:00,""
09/11/2013 00:00,""
10/11/2013 00:00,""
11/11/2013 00:00,""
12/11/2013 00:00,""
13/11/2013 00:00,""
14/11/2013 00:00,""
15/11/2013 00:00,""
16/11/2013 00:00,""
17/11/2013 00:00,""
18/11/2013 00:00,""
19/11/2013 00:00,       0.122
20/11/2013 00:00,       0.161
21/11/2013 00:00,""
22/11/2013 00:00,       0.146
23/11/2013 00:00,       0.175
24/11/2013 00:00,""
25/11/2013 00:00,""
26/11/2013 00:00,""
27/11/2013 00:00,       0.215
28/11/2013 00:00,       0.240
29/11/2013 00:00,       0.137
30/11/2013 00:00,""
01/12/2013 00:00,""
02/12/2013 00:00,""
03/12/2013 00:00,       0.184
04/12/2013 00:00,       0.294
05/12/2013 00:00,       0.460
06/12/2013 00:00,       0.309
07/12/2013 00:00,""
08/12/2013 00:00,       0.153
09/12/2013 00:00,       0.232
10/12/2013 00:00,       0.329
11/12/2013 00:00,       0.303
12/12/2013 00:00,       0.257
13/12/2013 00:00,       0.224
14/12/2013 00:00,       0.184
15/12/2013 00:00,""
16/12/2013 00:00,""
17/12/2013 00:00,""
18/12/2013 00:00,""
19/12/2013 00:00,""
20/12/2013 00:00,       0.234
21/12/2013 00:00,""
22/12/2013 00:00,       0.233
23/12/2013 00:00,       0.255
24/12/2013 00:00,       0.132
25/12/2013 00:00,       0.165
26/12/2013 00:00,       0.242
27/12/2013 00:00,       0.138
28/12/2013 00:00,       0.192
29/12/2013 00:00,       0.160
30/12/2013 00:00,""
31/12/2013 00:00,""
01/01/2014 00:00,""
02/01/2014 00:00,""
03/01/2014 00:00,       0.213
04/01/2014 00:00,       0.348
05/01/2014 00:00,       0.402
06/01/2014 00:00,       0.397
07/01/2014 00:00,       0.246
08/01/2014 00:00,       0.107
09/01/2014 00:00,""
10/01/2014 00:00,""
11/01/2014 00:00,       0.198
12/01/2014 00:00,""
13/01/2014 00:00,""
14/01/2014 00:00,""
15/01/2014 00:00,""
16/01/2014 00:00,""
17/01/2014 00:00,       0.197
18/01/2014 00:00,       0.218
19/01/2014 00:00,       0.180
20/01/2014 00:00,""
21/01/2014 00:00,""
22/01/2014 00:00,""
23/01/2014 00:00,""
24/01/2014 00:00,""
25/01/2014 00:00,""
26/01/2014 00:00,""
27/01/2014 00:00,""
28/01/2014 00:00,""
29/01/2014 00:00,       0.144
30/01/2014 00:00,""
31/01/2014 00:00,""
01/02/2014 00:00,""
02/02/2014 00:00,""
03/02/2014 00:00,       0.258
04/02/2014 00:00,""
05/02/2014 00:00,""
06/02/2014 00:00,""
07/02/2014 00:00,""
08/02/2014 00:00,""
09/02/2014 00:00,       0.213
10/02/2014 00:00,""
11/02/2014 00:00,""
12/02/2014 00:00,""
13/02/2014 00:00,""
14/02/2014 00:00,       0.150
15/02/2014 00:00,       0.212
16/02/2014 00:00,       0.199
17/02/2014 00:00,       0.149
18/02/2014 00:00,       0.153
19/02/2014 00:00,       0.305
20/02/2014 00:00,       0.284
21/02/2014 00:00,       0.210
22/02/2014 00:00,""
23/02/2014 00:00,""
24/02/2014 00:00,""
25/02/2014 00:00,""
26/02/2014 00:00,       0.189
27/02/2014 00:00,       0.176
28/02/2014 00:00,       0.149
01/03/2014 00:00,""
02/03/2014 00:00,""
03/03/2014 00:00,""
04/03/2014 00:00,""
05/03/2014 00:00,""
06/03/2014 00:00,""
07/03/2014 00:00,""
08/03/2014 00:00,""
09/03/2014 00:00,""
10/03/2014 00:00,""
11/03/2014 00:00,""
12/03/2014 00:00,       0.115
13/03/2014 00:00,""
14/03/2014 00:00,       0.142
15/03/2014 00:00,       0.249
16/03/2014 00:00,       0.374
17/03/2014 00:00,       0.372
18/03/2014 00:00,       0.336
19/03/2014 00:00,       0.297
20/03/2014 00:00,       0.211
21/03/2014 00:00,       0.300
22/03/2014 00:00,""
23/03/2014 00:00,""
24/03/2014 00:00,""
25/03/2014 00:00,""
26/03/2014 00:00,""
27/03/2014 00:00,""
28/03/2014 00:00,       0.125
29/03/2014 00:00,       0.163
30/03/2014 00:00,       0.150
31/03/2014 00:00,""
01/04/2014 00:00,       0.208
02/04/2014 00:00,       0.326
03/04/2014 00:00,       0.351
04/04/2014 00:00,       0.342
05/04/2014 00:00,       0.242
06/04/2014 00:00,       0.169
07/04/2014 00:00,""
08/04/2014 00:00,       0.172
09/04/2014 00:00,       0.189
10/04/2014 00:00,       0.201
11/04/2014 00:00,       0.198
12/04/2014 00:00,       0.133
13/04/2014 00:00,       0.161
14/04/2014 00:00,       0.170
15/04/2014 00:00,       0.153
16/04/2014 00:00,       0.153
17/04/2014 00:00,       0.184
18/04/2014 00:00,       0.285
19/04/2014 00:00,       0.287
20/04/2014 00:00,       0.281
21/04/2014 00:00,       0.242
22/04/2014 00:00,       0.339
23/04/2014 00:00,       0.298
24/04/2014 00:00,       0.340
25/04/2014 00:00,       0.285
26/04/2014 00:00,       0.338
27/04/2014 00:00,       0.234
28/04/2014 00:00,       0.129
29/04/2014 00:00,       0.337
30/04/2014 00:00,       0.447
01/05/2014 00:00,       0.381
02/05/2014 00:00,       0.539
03/05/2014 00:00,       0.629
04/05/2014 00:00,       0.484
05/05/2014 00:00,       0.397
06/05/2014 00:00,       0.322
07/05/2014 00:00,       0.214
08/05/2014 00:00,       0.110
09/05/2014 00:00,       0.154
10/05/2014 00:00,       0.288
11/05/2014 00:00,       0.338
12/05/2014 00:00,       0.328
13/05/2014 00:00,       0.310
14/05/2014 00:00,       0.325
15/05/2014 00:00,       0.313
16/05/2014 00:00,       0.326
17/05/2014 00:00,       0.334
18/05/2014 00:00,       0.345
19/05/2014 00:00,       0.328
20/05/2014 00:00,       0.312
21/05/2014 00:00,       0.285
22/05/2014 00:00,       0.298
23/05/2014 00:00,       0.310
24/05/2014 00:00,       0.319
25/05/2014 00:00,       0.336
26/05/2014 00:00,       0.385
27/05/2014 00:00,       0.519
28/05/2014 00:00,       0.549
29/05/2014 00:00,       0.473
30/05/2014 00:00,       0.430
31/05/2014 00:00,       0.455
01/06/2014 00:00,       0.424
02/06/2014 00:00,       0.378
03/06/2014 00:00,       0.338
04/06/2014 00:00,       0.326
05/06/2014 00:00,       0.335
06/06/2014 00:00,       0.283
07/06/2014 00:00,       0.229
08/06/2014 00:00,       0.193
09/06/2014 00:00,       0.132
10/06/2014 00:00,       0.107
11/06/2014 00:00,       0.217
12/06/2014 00:00,       0.357
13/06/2014 00:00,       0.403
14/06/2014 00:00,       0.472
15/06/2014 00:00,       0.391
16/06/2014 00:00,       0.368
17/06/2014 00:00,       0.357
18/06/2014 00:00,       0.278
19/06/2014 00:00,       0.245
20/06/2014 00:00,       0.429
21/06/2014 00:00,       0.468
22/06/2014 00:00,       0.392
23/06/2014 00:00,       0.681
24/06/2014 00:00,       0.901
25/06/2014 00:00,       0.707
26/06/2014 00:00,       0.649
27/06/2014 00:00,       0.609
28/06/2014 00:00,       0.803
29/06/2014 00:00,       0.868
30/06/2014 00:00,       0.727
01/07/2014 00:00,       0.618
02/07/2014 00:00,       0.528
03/07/2014 00:00,       0.461
04/07/2014 00:00,       0.539
05/07/2014 00:00,       0.580
06/07/2014 00:00,       0.532
07/07/2014 00:00,       0.465
08/07/2014 00:00,       0.518
09/07/2014 00:00,       0.765
10/07/2014 00:00,       0.801
11/07/2014 00:00,       0.627
12/07/2014 00:00,       0.623
13/07/2014 00:00,       0.499
14/07/2014 00:00,       0.411
15/07/2014 00:00,       0.394
16/07/2014 00:00,       0.475
17/07/2014 00:00,       0.635
18/07/2014 00:00,       0.616
19/07/2014 00:00,       0.485
20/07/2014 00:00,       0.401
21/07/2014 00:00,       0.348
22/07/2014 00:00,       0.314
23/07/2014 00:00,       0.299
24/07/2014 00:00,       0.374
25/07/2014 00:00,       0.370
26/07/2014 00:00,       0.368
27/07/2014 00:00,       0.373
28/07/2014 00:00,       0.398
29/07/2014 00:00,       0.439
30/07/2014 00:00,       0.493
31/07/2014 00:00,       0.609
01/08/2014 00:00,       0.844
02/08/2014 00:00,       0.678
03/08/2014 00:00,       0.516
04/08/2014 00:00,       0.434
05/08/2014 00:00,       0.376
06/08/2014 00:00,       0.341
07/08/2014 00:00,       0.368
08/08/2014 00:00,       0.390
09/08/2014 00:00,       0.408
10/08/2014 00:00,       0.500
11/08/2014 00:00,       0.469
12/08/2014 00:00,       0.489
13/08/2014 00:00,       0.448
14/08/2014 00:00,       0.413
15/08/2014 00:00,       0.393
16/08/2014 00:00,       0.431
17/08/2014 00:00,       0.423
18/08/2014 00:00,       0.452
19/08/2014 00:00,       0.461
20/08/2014 00:00,       0.415
21/08/2014 00:00,       0.339
22/08/2014 00:00,       0.266
23/08/2014 00:00,       0.327
24/08/2014 00:00,       0.364
25/08/2014 00:00,       0.324
26/08/2014 00:00,       0.215
27/08/2014 00:00,       0.180
28/08/2014 00:00,       0.187
29/08/2014 00:00,       0.150
30/08/2014 00:00,       0.125
31/08/2014 00:00,       0.162
01/09/2014 00:00,       0.246
02/09/2014 00:00,       0.310
03/09/2014 00:00,       0.170
04/09/2014 00:00,       0.138
05/09/2014 00:00,       0.172
06/09/2014 00:00,""
07/09/2014 00:00,""
08/09/2014 00:00,""
09/09/2014 00:00,       0.274
10/09/2014 00:00,       0.364
11/09/2014 00:00,       0.426
12/09/2014 00:00,       0.363
13/09/2014 00:00,       0.304
14/09/2014 00:00,       0.249
15/09/2014 00:00,       0.296
16/09/2014 00:00,       0.314
17/09/2014 00:00,       0.304
18/09/2014 00:00,       0.240
19/09/2014 00:00,       0.141
20/09/2014 00:00,       0.065
21/09/2014 00:00,""
22/09/2014 00:00,""
23/09/2014 00:00,""
24/09/2014 00:00,""
25/09/2014 00:00,       0.209
26/09/2014 00:00,       0.188
27/09/2014 00:00,       0.164
28/09/2014 00:00,       0.146
29/09/2014 00:00,       0.300
30/09/2014 00:00,       0.387
01/10/2014 00:00,       0.376
02/10/2014 00:00,       0.260
03/10/2014 00:00,       0.146
04/10/2014 00:00,       0.134
05/10/2014 00:00,       0.172
06/10/2014 00:00,       0.137
07/10/2014 00:00,       0.261
08/10/2014 00:00,       0.241
09/10/2014 00:00,       0.183
10/10/2014 00:00,       0.205
11/10/2014 00:00,       0.245
12/10/2014 00:00,       0.294
13/10/2014 00:00,       0.409
14/10/2014 00:00,       0.284
15/10/2014 00:00,       0.151
16/10/2014 00:00,       0.114
17/10/2014 00:00,       0.050
18/10/2014 00:00,       0.018
19/10/2014 00:00,       0.086
20/10/2014 00:00,       0.032
21/10/2014 00:00,""
22/10/2014 00:00,""
23/10/2014 00:00,       0.089
24/10/2014 00:00,       0.101
25/10/2014 00:00,       0.124
26/10/2014 00:00,       0.151
27/10/2014 00:00,       0.277
28/10/2014 00:00,       0.325
29/10/2014 00:00,       0.369
30/10/2014 00:00,       0.322
31/10/2014 00:00,       0.284
01/11/2014 00:00,       0.407
02/11/2014 00:00,       0.322
03/11/2014 00:00,       0.158
04/11/2014 00:00,       0.180
05/11/2014 00:00,       0.190
06/11/2014 00:00,       0.169
07/11/2014 00:00,       0.155
08/11/2014 00:00,       0.225
09/11/2014 00:00,       0.249
10/11/2014 00:00,       0.233
11/11/2014 00:00,       0.158
12/11/2014 00:00,       0.089
13/11/2014 00:00,       0.118
14/11/2014 00:00,       0.240
15/11/2014 00:00,       0.127
16/11/2014 00:00,       0.179
17/11/2014 00:00,       0.199
18/11/2014 00:00,       0.189
19/11/2014 00:00,       0.105
20/11/2014 00:00,       0.145
21/11/2014 00:00,       0.252
22/11/2014 00:00,       0.218
23/11/2014 00:00,       0.288
24/11/2014 00:00,       0.339
25/11/2014 00:00,       0.336
26/11/2014 00:00,       0.326
27/11/2014 00:00,       0.288
28/11/2014 00:00,       0.176
29/11/2014 00:00,       0.114
30/11/2014 00:00,       0.181
01/12/2014 00:00,       0.289
02/12/2014 00:00,       0.258
03/12/2014 00:00,       0.198
04/12/2014 00:00,       0.267
05/12/2014 00:00,       0.269
06/12/2014 00:00,       0.320
07/12/2014 00:00,       0.236
08/12/2014 00:00,       0.237
09/12/2014 00:00,       0.197
10/12/2014 00:00,       0.149
11/12/2014 00:00,       0.237
12/12/2014 00:00,       0.116
13/12/2014 00:00,       0.064
14/12/2014 00:00,       0.136
15/12/2014 00:00,       0.193
16/12/2014 00:00,       0.271
17/12/2014 00:00,       0.293
18/12/2014 00:00,       0.330
19/12/2014 00:00,       0.310
20/12/2014 00:00,       0.270
21/12/2014 00:00,       0.236
22/12/2014 00:00,       0.211
23/12/2014 00:00,       0.260
24/12/2014 00:00,       0.277
25/12/2014 00:00,       0.296
26/12/2014 00:00,       0.325
27/12/2014 00:00,       0.253
28/12/2014 00:00,       0.224
29/12/2014 00:00,       0.318
30/12/2014 00:00,       0.344
31/12/2014 00:00,       0.309
01/01/2015 00:00,       0.243
02/01/2015 00:00,       0.188
03/01/2015 00:00,       0.269
04/01/2015 00:00,       0.309
05/01/2015 00:00,       0.249
06/01/2015 00:00,       0.160
07/01/2015 00:00,       0.099
08/01/2015 00:00,       0.144
09/01/2015 00:00,       0.223
10/01/2015 00:00,       0.167
11/01/2015 00:00,       0.087
12/01/2015 00:00,       0.052
13/01/2015 00:00,       0.144
14/01/2015 00:00,       0.236
15/01/2015 00:00,       0.186
16/01/2015 00:00,       0.122
17/01/2015 00:00,       0.215
18/01/2015 00:00,       0.260
19/01/2015 00:00,       0.203
20/01/2015 00:00,       0.149
21/01/2015 00:00,       0.281
22/01/2015 00:00,       0.273
23/01/2015 00:00,       0.270
24/01/2015 00:00,       0.326
25/01/2015 00:00,       0.392
26/01/2015 00:00,       0.376
27/01/2015 00:00,       0.340
28/01/2015 00:00,       0.300
29/01/2015 00:00,       0.165
30/01/2015 00:00,       0.103
31/01/2015 00:00,       0.108
01/02/2015 00:00,       0.105
02/02/2015 00:00,       0.104
03/02/2015 00:00,""
04/02/2015 00:00,       0.059
05/02/2015 00:00,""
06/02/2015 00:00,""
07/02/2015 00:00,""
08/02/2015 00:00,       0.151
09/02/2015 00:00,       0.115
10/02/2015 00:00,""
11/02/2015 00:00,""
12/02/2015 00:00,       0.087
13/02/2015 00:00,""
14/02/2015 00:00,""
15/02/2015 00:00,""
16/02/2015 00:00,       0.216
17/02/2015 00:00,       0.217
18/02/2015 00:00,       0.188
19/02/2015 00:00,       0.107
20/02/2015 00:00,       0.123
21/02/2015 00:00,       0.125
22/02/2015 00:00,       0.198
23/02/2015 00:00,       0.325
24/02/2015 00:00,       0.289
25/02/2015 00:00,       0.158
26/02/2015 00:00,       0.114
27/02/2015 00:00,       0.152
28/02/2015 00:00,       0.196
01/03/2015 00:00,       0.251
02/03/2015 00:00,       0.157
03/03/2015 00:00,       0.190
04/03/2015 00:00,       0.202
05/03/2015 00:00,       0.316
06/03/2015 00:00,       0.298
07/03/2015 00:00,       0.297
08/03/2015 00:00,       0.287
09/03/2015 00:00,       0.325
10/03/2015 00:00,       0.350
11/03/2015 00:00,       0.314
12/03/2015 00:00,       0.323
13/03/2015 00:00,       0.252
14/03/2015 00:00,       0.207
15/03/2015 00:00,       0.249
16/03/2015 00:00,       0.151
17/03/2015 00:00,       0.249
18/03/2015 00:00,       0.375
19/03/2015 00:00,       0.380
20/03/2015 00:00,       0.416
21/03/2015 00:00,       0.399
22/03/2015 00:00,       0.294
23/03/2015 00:00,       0.380
24/03/2015 00:00,       0.414
25/03/2015 00:00,       0.324
26/03/2015 00:00,       0.399
27/03/2015 00:00,       0.311
28/03/2015 00:00,       0.184
29/03/2015 00:00,       0.129
30/03/2015 00:00,       0.144
31/03/2015 00:00,       0.143
01/04/2015 00:00,       0.183
02/04/2015 00:00,       0.260
03/04/2015 00:00,       0.140
04/04/2015 00:00,       0.127
05/04/2015 00:00,       0.176
06/04/2015 00:00,       0.394
07/04/2015 00:00,       0.470
08/04/2015 00:00,       0.273
09/04/2015 00:00,       0.211
10/04/2015 00:00,""
11/04/2015 00:00,""
12/04/2015 00:00,""
13/04/2015 00:00,       0.149
14/04/2015 00:00,       0.250
15/04/2015 00:00,       0.300
16/04/2015 00:00,       0.278
17/04/2015 00:00,       0.274
18/04/2015 00:00,       0.323
19/04/2015 00:00,       0.402
20/04/2015 00:00,       0.230
21/04/2015 00:00,       0.186
22/04/2015 00:00,       0.155
23/04/2015 00:00,       0.165
24/04/2015 00:00,       0.319
25/04/2015 00:00,       0.471
26/04/2015 00:00,       0.346
27/04/2015 00:00,       0.277
28/04/2015 00:00,       0.234
29/04/2015 00:00,       0.182
30/04/2015 00:00,       0.150
01/05/2015 00:00,       0.128
02/05/2015 00:00,       0.274
03/05/2015 00:00,       0.350
04/05/2015 00:00,       0.355
05/05/2015 00:00,       0.697
06/05/2015 00:00,       0.721
07/05/2015 00:00,       0.630
08/05/2015 00:00,       0.521
09/05/2015 00:00,       0.489
10/05/2015 00:00,       0.641
11/05/2015 00:00,       0.629
12/05/2015 00:00,       0.642
13/05/2015 00:00,       0.637
14/05/2015 00:00,       0.440
15/05/2015 00:00,       0.341
16/05/2015 00:00,       0.236
17/05/2015 00:00,       0.188
18/05/2015 00:00,       0.178
19/05/2015 00:00,       0.321
20/05/2015 00:00,       0.542
21/05/2015 00:00,       0.445
22/05/2015 00:00,       0.355
23/05/2015 00:00,       0.281
24/05/2015 00:00,       0.199
25/05/2015 00:00,       0.180
26/05/2015 00:00,       0.161
27/05/2015 00:00,       0.268
28/05/2015 00:00,       0.346
29/05/2015 00:00,       0.390
30/05/2015 00:00,       0.345
31/05/2015 00:00,       0.346
01/06/2015 00:00,       0.329
02/06/2015 00:00,       0.236
03/06/2015 00:00,       0.171
04/06/2015 00:00,       0.278
05/06/2015 00:00,       0.342
06/06/2015 00:00,       0.267
07/06/2015 00:00,       0.273
08/06/2015 00:00,       0.381
09/06/2015 00:00,       0.455
10/06/2015 00:00,       0.283
11/06/2015 00:00,       0.138
12/06/2015 00:00,       0.071
13/06/2015 00:00,       0.090
14/06/2015 00:00,""
15/06/2015 00:00,""
16/06/2015 00:00,       0.208
17/06/2015 00:00,       0.249
18/06/2015 00:00,       0.255
19/06/2015 00:00,       0.159
20/06/2015 00:00,""
21/06/2015 00:00,""
22/06/2015 00:00,""
23/06/2015 00:00,       0.345
24/06/2015 00:00,       0.396
25/06/2015 00:00,       0.223
26/06/2015 00:00,       0.131
27/06/2015 00:00,       0.127
28/06/2015 00:00,       0.129
29/06/2015 00:00,       0.132
30/06/2015 00:00,""
01/07/2015 00:00,""
02/07/2015 00:00,""
03/07/2015 00:00,""
04/07/2015 00:00,       0.176
05/07/2015 00:00,       0.247
06/07/2015 00:00,       0.316
07/07/2015 00:00,       0.310
08/07/2015 00:00,       0.242
09/07/2015 00:00,       0.226
10/07/2015 00:00,       0.330
11/07/2015 00:00,       0.622
12/07/2015 00:00,       0.779
13/07/2015 00:00,       0.509
14/07/2015 00:00,       0.457
15/07/2015 00:00,       0.483
16/07/2015 00:00,       0.342
17/07/2015 00:00,       0.293
18/07/2015 00:00,       0.238
19/07/2015 00:00,       0.193
20/07/2015 00:00,       0.157
21/07/2015 00:00,       0.249
22/07/2015 00:00,       0.403
23/07/2015 00:00,       0.375
24/07/2015 00:00,       0.429
25/07/2015 00:00,       0.562
26/07/2015 00:00,       0.671
27/07/2015 00:00,       0.469
28/07/2015 00:00,       0.337
29/07/2015 00:00,       0.298
30/07/2015 00:00,       0.360
31/07/2015 00:00,       0.362
01/08/2015 00:00,       0.349
02/08/2015 00:00,       0.338
03/08/2015 00:00,       0.439
04/08/2015 00:00,       0.361
05/08/2015 00:00,       0.421
06/08/2015 00:00,       0.459
07/08/2015 00:00,       0.393
08/08/2015 00:00,       0.340
09/08/2015 00:00,       0.288
10/08/2015 00:00,       0.530
11/08/2015 00:00,       0.538
12/08/2015 00:00,       0.646
13/08/2015 00:00,       0.473
14/08/2015 00:00,       0.368
15/08/2015 00:00,       0.292
16/08/2015 00:00,       0.227
17/08/2015 00:00,       0.258
18/08/2015 00:00,       0.233
19/08/2015 00:00,""
20/08/2015 00:00,""
21/08/2015 00:00,""
22/08/2015 00:00,       0.321
23/08/2015 00:00,       0.280
24/08/2015 00:00,       0.224
25/08/2015 00:00,""
26/08/2015 00:00,""
27/08/2015 00:00,""
28/08/2015 00:00,""
29/08/2015 00:00,""
30/08/2015 00:00,""
31/08/2015 00:00,""
01/09/2015 00:00,""
02/09/2015 00:00,       0.200
03/09/2015 00:00,       0.353
04/09/2015 00:00,""
05/09/2015 00:00,""
06/09/2015 00:00,""
07/09/2015 00:00,       0.307
08/09/2015 00:00,       0.278
09/09/2015 00:00,       0.178
10/09/2015 00:00,""
11/09/2015 00:00,""
12/09/2015 00:00,""
13/09/2015 00:00,""
14/09/2015 00:00,       0.201
15/09/2015 00:00,       0.273
16/09/2015 00:00,       0.255
17/09/2015 00:00,       0.275
18/09/2015 00:00,       0.145
19/09/2015 00:00,       0.103
20/09/2015 00:00,       0.086
21/09/2015 00:00,       0.249
22/09/2015 00:00,       0.217
23/09/2015 00:00,       0.077
24/09/2015 00:00,""
25/09/2015 00:00,""
26/09/2015 00:00,""
27/09/2015 00:00,""
28/09/2015 00:00,""
29/09/2015 00:00,""
30/09/2015 00:00,""
01/10/2015 00:00,""
02/10/2015 00:00,""
03/10/2015 00:00,""
04/10/2015 00:00,""
05/10/2015 00:00,""
06/10/2015 00:00,       0.275
07/10/2015 00:00,       0.211
08/10/2015 00:00,""
09/10/2015 00:00,""
10/10/2015 00:00,""
11/10/2015 00:00,""
12/10/2015 00:00,""
13/10/2015 00:00,""
14/10/2015 00:00,""
15/10/2015 00:00,""
16/10/2015 00:00,""
17/10/2015 00:00,""
18/10/2015 00:00,""
19/10/2015 00:00,""
20/10/2015 00:00,""
21/10/2015 00:00,       0.278
22/10/2015 00:00,       0.152
23/10/2015 00:00,""
24/10/2015 00:00,""
25/10/2015 00:00,""
26/10/2015 00:00,       0.200
27/10/2015 00:00,""
28/10/2015 00:00,""
29/10/2015 00:00,""
30/10/2015 00:00,""
31/10/2015 00:00,""
01/11/2015 00:00,""
02/11/2015 00:00,""
03/11/2015 00:00,""
04/11/2015 00:00,""
05/11/2015 00:00,       0.208
06/11/2015 00:00,       0.190
07/11/2015 00:00,""
08/11/2015 00:00,""
09/11/2015 00:00,       0.134
10/11/2015 00:00,       0.166
11/11/2015 00:00,""
12/11/2015 00:00,""
13/11/2015 00:00,""
14/11/2015 00:00,""
15/11/2015 00:00,""
16/11/2015 00:00,""
17/11/2015 00:00,""
18/11/2015 00:00,""
19/11/2015 00:00,""
20/11/2015 00:00,       0.136
21/11/2015 00:00,       0.175
22/11/2015 00:00,       0.123
23/11/2015 00:00,       0.171
24/11/2015 00:00,""
25/11/2015 00:00,""
26/11/2015 00:00,       0.367
27/11/2015 00:00,       0.259
28/11/2015 00:00,""
29/11/2015 00:00,""
30/11/2015 00:00,""
01/12/2015 00:00,       0.305
02/12/2015 00:00,       0.250
03/12/2015 00:00,""
04/12/2015 00:00,""
05/12/2015 00:00,""
06/12/2015 00:00,""
07/12/2015 00:00,""
08/12/2015 00:00,       0.185
09/12/2015 00:00,       0.262
10/12/2015 00:00,       0.229
11/12/2015 00:00,       0.241
12/12/2015 00:00,       0.193
13/12/2015 00:00,""
14/12/2015 00:00,""
15/12/2015 00:00,""
16/12/2015 00:00,""
17/12/2015 00:00,""
18/12/2015 00:00,""
19/12/2015 00:00,""
20/12/2015 00:00,       0.247
21/12/2015 00:00,       0.190
22/12/2015 00:00,""
23/12/2015 00:00,""
24/12/2015 00:00,""
25/12/2015 00:00,""
26/12/2015 00:00,       0.240
27/12/2015 00:00,""
28/12/2015 00:00,""
29/12/2015 00:00,""
30/12/2015 00:00,""
31/12/2015 00:00,""
01/01/2016 00:00,       0.137
02/01/2016 00:00,       0.105
03/01/2016 00:00,       0.039
04/01/2016 00:00,""
05/01/2016 00:00,""
06/01/2016 00:00,""
07/01/2016 00:00,""
08/01/2016 00:00,""
09/01/2016 00:00,""
10/01/2016 00:00,""
11/01/2016 00:00,""
12/01/2016 00:00,""
13/01/2016 00:00,""
14/01/2016 00:00,       0.171
15/01/2016 00:00,""
16/01/2016 00:00,""
17/01/2016 00:00,""
18/01/2016 00:00,""
19/01/2016 00:00,""
20/01/2016 00:00,""
21/01/2016 00:00,       0.171
22/01/2016 00:00,       0.174
23/01/2016 00:00,       0.188
24/01/2016 00:00,       0.151
25/01/2016 00:00,       0.153
26/01/2016 00:00,       0.106
27/01/2016 00:00,       0.097
28/01/2016 00:00,       0.187
29/01/2016 00:00,       0.278
30/01/2016 00:00,       0.312
31/01/2016 00:00,       0.216
01/02/2016 00:00,       0.171
02/02/2016 00:00,       0.174
03/02/2016 00:00,       0.331
04/02/2016 00:00,       0.243
05/02/2016 00:00,""
06/02/2016 00:00,""
07/02/2016 00:00,""
08/02/2016 00:00,""
09/02/2016 00:00,""
10/02/2016 00:00,""
11/02/2016 00:00,""
12/02/2016 00:00,""
13/02/2016 00:00,""
14/02/2016 00:00,""
15/02/2016 00:00,       0.245
16/02/2016 00:00,       0.299
17/02/2016 00:00,       0.191
18/02/2016 00:00,""
19/02/2016 00:00,""
20/02/2016 00:00,""
21/02/2016 00:00,""
22/02/2016 00:00,""
23/02/2016 00:00,""
24/02/2016 00:00,""
25/02/2016 00:00,       0.216
26/02/2016 00:00,       0.267
27/02/2016 00:00,       0.269
28/02/2016 00:00,       0.229
29/02/2016 00:00,       0.154
01/03/2016 00:00,""
02/03/2016 00:00,""
03/03/2016 00:00,       0.183
04/03/2016 00:00,""
05/03/2016 00:00,""
06/03/2016 00:00,""
07/03/2016 00:00,       0.152
08/03/2016 00:00,       0.158
09/03/2016 00:00,       0.171
10/03/2016 00:00,""
11/03/2016 00:00,""
12/03/2016 00:00,""
13/03/2016 00:00,""
14/03/2016 00:00,       0.181
15/03/2016 00:00,""
16/03/2016 00:00,""
17/03/2016 00:00,""
18/03/2016 00:00,       0.305
19/03/2016 00:00,       0.250
20/03/2016 00:00,       0.189
21/03/2016 00:00,""
22/03/2016 00:00,""
23/03/2016 00:00,""
24/03/2016 00:00,""
25/03/2016 00:00,""
26/03/2016 00:00,""
27/03/2016 00:00,""
28/03/2016 00:00,""
29/03/2016 00:00,""
30/03/2016 00:00,""
31/03/2016 00:00,""
01/04/2016 00:00,""
02/04/2016 00:00,       0.266
03/04/2016 00:00,       0.235
04/04/2016 00:00,       0.172
05/04/2016 00:00,       0.178
06/04/2016 00:00,       0.238
07/04/2016 00:00,       0.211
08/04/2016 00:00,       0.175
09/04/2016 00:00,       0.211
10/04/2016 00:00,       0.242
11/04/2016 00:00,       0.255
12/04/2016 00:00,       0.219
13/04/2016 00:00,""
14/04/2016 00:00,""
15/04/2016 00:00,""
16/04/2016 00:00,       0.181
17/04/2016 00:00,       0.172
18/04/2016 00:00,""
19/04/2016 00:00,""
20/04/2016 00:00,""
21/04/2016 00:00,       0.189
22/04/2016 00:00,       0.180
23/04/2016 00:00,""
24/04/2016 00:00,""
25/04/2016 00:00,""
26/04/2016 00:00,""
27/04/2016 00:00,""
28/04/2016 00:00,       0.217
29/04/2016 00:00,       0.275
30/04/2016 00:00,       0.341
01/05/2016 00:00,       0.543
02/05/2016 00:00,       0.447
03/05/2016 00:00,       0.652
04/05/2016 00:00,       0.617
05/05/2016 00:00,       0.529
06/05/2016 00:00,       0.464
07/05/2016 00:00,       0.378
08/05/2016 00:00,       0.355
09/05/2016 00:00,       0.642
10/05/2016 00:00,       0.751
11/05/2016 00:00,       0.522
12/05/2016 00:00,       0.489
13/05/2016 00:00,       0.442
14/05/2016 00:00,       0.381
15/05/2016 00:00,       0.376
16/05/2016 00:00,       0.361
17/05/2016 00:00,       0.415
18/05/2016 00:00,       0.400
19/05/2016 00:00,       0.433
20/05/2016 00:00,       0.434
21/05/2016 00:00,       0.355
22/05/2016 00:00,       0.331
23/05/2016 00:00,       0.539
24/05/2016 00:00,       0.493
25/05/2016 00:00,       0.437
26/05/2016 00:00,       0.499
27/05/2016 00:00,       0.570
28/05/2016 00:00,       0.574
29/05/2016 00:00,       0.383
30/05/2016 00:00,       0.299
31/05/2016 00:00,       0.317
01/06/2016 00:00,       0.287
02/06/2016 00:00,       0.250
03/06/2016 00:00,       0.234
04/06/2016 00:00,       0.233
05/06/2016 00:00,       0.299
06/06/2016 00:00,       0.497
07/06/2016 00:00,       0.445
08/06/2016 00:00,       0.356
09/06/2016 00:00,       0.608
10/06/2016 00:00,       0.446
11/06/2016 00:00,       0.427
12/06/2016 00:00,       0.279
13/06/2016 00:00,       0.148
14/06/2016 00:00,       0.111
15/06/2016 00:00,       0.112
16/06/2016 00:00,       0.195
17/06/2016 00:00,       0.373
18/06/2016 00:00,       0.306
19/06/2016 00:00,       0.257
20/06/2016 00:00,       0.281
21/06/2016 00:00,       0.429
22/06/2016 00:00,       0.519
23/06/2016 00:00,       0.608
24/06/2016 00:00,       0.816
25/06/2016 00:00,       0.564
26/06/2016 00:00,       0.435
27/06/2016 00:00,       0.430
28/06/2016 00:00,       0.390
29/06/2016 00:00,       0.343
30/06/2016 00:00,       0.536
01/07/2016 00:00,       0.518
02/07/2016 00:00,       0.429
03/07/2016 00:00,       0.368
04/07/2016 00:00,       0.480
05/07/2016 00:00,       0.552
06/07/2016 00:00,       0.392
07/07/2016 00:00,       0.311
08/07/2016 00:00,       0.257
09/07/2016 00:00,       0.192
10/07/2016 00:00,       0.207
11/07/2016 00:00,       0.682
12/07/2016 00:00,       0.963
13/07/2016 00:00,       0.886
14/07/2016 00:00,       0.570
15/07/2016 00:00,       0.427
16/07/2016 00:00,       0.383
17/07/2016 00:00,       0.359
18/07/2016 00:00,       0.436
19/07/2016 00:00,       0.454
20/07/2016 00:00,       0.486
21/07/2016 00:00,       0.526
22/07/2016 00:00,       0.604
23/07/2016 00:00,       0.757
24/07/2016 00:00,       0.673
25/07/2016 00:00,       0.721
26/07/2016 00:00,       0.695
27/07/2016 00:00,       0.716
28/07/2016 00:00,       0.582
29/07/2016 00:00,       0.634
30/07/2016 00:00,       0.632
31/07/2016 00:00,       0.643
01/08/2016 00:00,       0.634
02/08/2016 00:00,       0.502
03/08/2016 00:00,       0.373
04/08/2016 00:00,       0.356
05/08/2016 00:00,       0.573
06/08/2016 00:00,       0.597
07/08/2016 00:00,       0.584
08/08/2016 00:00,       0.583
09/08/2016 00:00,       0.584
10/08/2016 00:00,       0.700
11/08/2016 00:00,       0.656
12/08/2016 00:00,       0.588
13/08/2016 00:00,       0.496
14/08/2016 00:00,       0.496
15/08/2016 00:00,       0.472
16/08/2016 00:00,       0.455
17/08/2016 00:00,       0.462
18/08/2016 00:00,       0.389
19/08/2016 00:00,       0.497
20/08/2016 00:00,       0.580
21/08/2016 00:00,       0.442
22/08/2016 00:00,       0.396
23/08/2016 00:00,       0.387
24/08/2016 00:00,       0.355
25/08/2016 00:00,       0.355
26/08/2016 00:00,       0.319
27/08/2016 00:00,       0.266
28/08/2016 00:00,       0.285
29/08/2016 00:00,       0.284
30/08/2016 00:00,       0.354
31/08/2016 00:00,       0.447
01/09/2016 00:00,       0.446
02/09/2016 00:00,       0.417
03/09/2016 00:00,       0.454
04/09/2016 00:00,       0.444
05/09/2016 00:00,       0.443
06/09/2016 00:00,       0.409
07/09/2016 00:00,       0.339
08/09/2016 00:00,       0.349
09/09/2016 00:00,       0.426
10/09/2016 00:00,       0.384
11/09/2016 00:00,       0.339
12/09/2016 00:00,       0.375
13/09/2016 00:00,       0.398
14/09/2016 00:00,       0.538
15/09/2016 00:00,       0.554
16/09/2016 00:00,       0.669
17/09/2016 00:00,       0.581
18/09/2016 00:00,       0.628
19/09/2016 00:00,       0.607
20/09/2016 00:00,       0.650
21/09/2016 00:00,       0.634
22/09/2016 00:00,       0.613
23/09/2016 00:00,       0.556
24/09/2016 00:00,       0.522
25/09/2016 00:00,       0.552
26/09/2016 00:00,       0.523
27/09/2016 00:00,       0.520
28/09/2016 00:00,       0.493
29/09/2016 00:00,       0.791
30/09/2016 00:00,       0.856
01/10/2016 00:00,       0.557
02/10/2016 00:00,       0.475
03/10/2016 00:00,       0.685
04/10/2016 00:00,       0.779
05/10/2016 00:00,       0.741
06/10/2016 00:00,       0.779
07/10/2016 00:00,       0.803
08/10/2016 00:00,       0.789
09/10/2016 00:00,       0.631
10/10/2016 00:00,       0.692
11/10/2016 00:00,       0.699
12/10/2016 00:00,       0.695
13/10/2016 00:00,       0.719
14/10/2016 00:00,       0.670
15/10/2016 00:00,       0.635
16/10/2016 00:00,       0.596
17/10/2016 00:00,       0.609
18/10/2016 00:00,       0.637
19/10/2016 00:00,       0.651
20/10/2016 00:00,       0.637
21/10/2016 00:00,       0.577
22/10/2016 00:00,       0.589
23/10/2016 00:00,       0.538
24/10/2016 00:00,       0.510
25/10/2016 00:00,       0.515
26/10/2016 00:00,       0.510
27/10/2016 00:00,       0.536
28/10/2016 00:00,       0.486
29/10/2016 00:00,       0.385
30/10/2016 00:00,       0.602
31/10/2016 00:00,       0.602
01/11/2016 00:00,       0.606
02/11/2016 00:00,       0.631
03/11/2016 00:00,       0.629
04/11/2016 00:00,       0.529
05/11/2016 00:00,       0.503
06/11/2016 00:00,       0.573
07/11/2016 00:00,       0.568
08/11/2016 00:00,       0.582
09/11/2016 00:00,       0.564
10/11/2016 00:00,       0.499
11/11/2016 00:00,       0.422
12/11/2016 00:00,       0.469
13/11/2016 00:00,       0.515
14/11/2016 00:00,       0.531
15/11/2016 00:00,       0.565
16/11/2016 00:00,       0.577
17/11/2016 00:00,       0.503
18/11/2016 00:00,       0.488
19/11/2016 00:00,       0.474
20/11/2016 00:00,       0.456
21/11/2016 00:00,       0.434
22/11/2016 00:00,       0.438
23/11/2016 00:00,       0.367
24/11/2016 00:00,       0.266
25/11/2016 00:00,       0.237
26/11/2016 00:00,       0.191
27/11/2016 00:00,       0.193
28/11/2016 00:00,       0.214
29/11/2016 00:00,       0.288
30/11/2016 00:00,       0.347
01/12/2016 00:00,       0.361
02/12/2016 00:00,       0.412
03/12/2016 00:00,       0.455
04/12/2016 00:00,       0.436
05/12/2016 00:00,       0.457
06/12/2016 00:00,       0.462
07/12/2016 00:00,       0.406
08/12/2016 00:00,       0.569
09/12/2016 00:00,       0.501
10/12/2016 00:00,       0.444
11/12/2016 00:00,       0.391
12/12/2016 00:00,       0.374
13/12/2016 00:00,       0.424
14/12/2016 00:00,       0.480
15/12/2016 00:00,       0.494
16/12/2016 00:00,       0.534
17/12/2016 00:00,       0.558
18/12/2016 00:00,       0.545
19/12/2016 00:00,       0.498
20/12/2016 00:00,       0.503
21/12/2016 00:00,       0.537
22/12/2016 00:00,       0.553
23/12/2016 00:00,       0.552
24/12/2016 00:00,       0.543
25/12/2016 00:00,       0.570
26/12/2016 00:00,       0.585
27/12/2016 00:00,       0.613
28/12/2016 00:00,       0.619
29/12/2016 00:00,       0.661
30/12/2016 00:00,       0.712
31/12/2016 00:00,       0.670
01/01/2017 00:00,       0.604
02/01/2017 00:00,       0.596
03/01/2017 00:00,       0.546
04/01/2017 00:00,       0.404
05/01/2017 00:00,       0.238
06/01/2017 00:00,       0.145
07/01/2017 00:00,       0.165
08/01/2017 00:00,       0.281
09/01/2017 00:00,       0.266
10/01/2017 00:00,       0.250
11/01/2017 00:00,       0.280
12/01/2017 00:00,       0.237
13/01/2017 00:00,       0.343
14/01/2017 00:00,       0.400
15/01/2017 00:00,       0.279
16/01/2017 00:00,       0.199
17/01/2017 00:00,       0.191
18/01/2017 00:00,       0.191
19/01/2017 00:00,       0.120
20/01/2017 00:00,       0.198
21/01/2017 00:00,       0.153
22/01/2017 00:00,       0.159
23/01/2017 00:00,       0.211
24/01/2017 00:00,       0.293
25/01/2017 00:00,       0.232
26/01/2017 00:00,       0.216
27/01/2017 00:00,       0.208
28/01/2017 00:00,       0.234
29/01/2017 00:00,       0.233
30/01/2017 00:00,       0.290
31/01/2017 00:00,       0.292
01/02/2017 00:00,       0.250
02/02/2017 00:00,       0.231
03/02/2017 00:00,       0.228
04/02/2017 00:00,       0.224
05/02/2017 00:00,       0.259
06/02/2017 00:00,       0.246
07/02/2017 00:00,       0.149
08/02/2017 00:00,       0.146
09/02/2017 00:00,       0.175
10/02/2017 00:00,       0.172
11/02/2017 00:00,       0.188
12/02/2017 00:00,       0.223
13/02/2017 00:00,       0.197
14/02/2017 00:00,       0.174
15/02/2017 00:00,       0.167
16/02/2017 00:00,       0.191
17/02/2017 00:00,       0.304
18/02/2017 00:00,       0.388
19/02/2017 00:00,       0.386
20/02/2017 00:00,       0.283
21/02/2017 00:00,       0.161
22/02/2017 00:00,       0.212
23/02/2017 00:00,       0.401
24/02/2017 00:00,       0.250
25/02/2017 00:00,       0.215
26/02/2017 00:00,       0.161
27/02/2017 00:00,       0.145
28/02/2017 00:00,       0.164
01/03/2017 00:00,       0.204
02/03/2017 00:00,       0.229
03/03/2017 00:00,       0.141
04/03/2017 00:00,       0.160
05/03/2017 00:00,       0.195
06/03/2017 00:00,       0.176
07/03/2017 00:00,       0.166
08/03/2017 00:00,       0.174
09/03/2017 00:00,       0.162
10/03/2017 00:00,       0.146
11/03/2017 00:00,       0.149
12/03/2017 00:00,       0.337
13/03/2017 00:00,       0.311
14/03/2017 00:00,       0.178
15/03/2017 00:00,       0.176
16/03/2017 00:00,       0.353
17/03/2017 00:00,       0.273
18/03/2017 00:00,       0.179
19/03/2017 00:00,       0.216
20/03/2017 00:00,       0.258
21/03/2017 00:00,       0.271
22/03/2017 00:00,       0.218
23/03/2017 00:00,       0.111
24/03/2017 00:00,       0.081
25/03/2017 00:00,       0.142
26/03/2017 00:00,       0.181
27/03/2017 00:00,       0.311
28/03/2017 00:00,       0.381
29/03/2017 00:00,       0.486
30/03/2017 00:00,       0.516
31/03/2017 00:00,       0.373
01/04/2017 00:00,       0.365
02/04/2017 00:00,       0.283
03/04/2017 00:00,       0.164
04/04/2017 00:00,       0.106
05/04/2017 00:00,       0.114
06/04/2017 00:00,       0.178
07/04/2017 00:00,       0.208
08/04/2017 00:00,       0.285
09/04/2017 00:00,       0.593
10/04/2017 00:00,       0.427
11/04/2017 00:00,       0.253
12/04/2017 00:00,       0.240
13/04/2017 00:00,       0.218
14/04/2017 00:00,       0.205
15/04/2017 00:00,       0.235
16/04/2017 00:00,       0.252
17/04/2017 00:00,       0.197
18/04/2017 00:00,       0.199
19/04/2017 00:00,       0.214
20/04/2017 00:00,       0.236
21/04/2017 00:00,       0.231
22/04/2017 00:00,       0.143
23/04/2017 00:00,       0.129
24/04/2017 00:00,       0.182
25/04/2017 00:00,       0.309
26/04/2017 00:00,       0.497
27/04/2017 00:00,       0.300
28/04/2017 00:00,       0.269
29/04/2017 00:00,       0.241
30/04/2017 00:00,       0.251
01/05/2017 00:00,       0.304
02/05/2017 00:00,       0.292
03/05/2017 00:00,       0.202
04/05/2017 00:00,       0.130
05/05/2017 00:00,       0.123
06/05/2017 00:00,       0.258
07/05/2017 00:00,       0.209
08/05/2017 00:00,       0.128
09/05/2017 00:00,       0.113
10/05/2017 00:00,       0.143
11/05/2017 00:00,       0.216
12/05/2017 00:00,       0.211
13/05/2017 00:00,       0.171
14/05/2017 00:00,       0.168
15/05/2017 00:00,       0.157
16/05/2017 00:00,       0.162
17/05/2017 00:00,       0.277
18/05/2017 00:00,       0.318
19/05/2017 00:00,       0.262
20/05/2017 00:00,       0.268
21/05/2017 00:00,       0.259
22/05/2017 00:00,       0.288
23/05/2017 00:00,       0.380
24/05/2017 00:00,       0.459
25/05/2017 00:00,       0.386
26/05/2017 00:00,       0.324
27/05/2017 00:00,       0.342
28/05/2017 00:00,       0.516
29/05/2017 00:00,       0.405
30/05/2017 00:00,       0.366
31/05/2017 00:00,       0.187
01/06/2017 00:00,       0.092
02/06/2017 00:00,       0.062
03/06/2017 00:00,       0.061
04/06/2017 00:00,       0.120
05/06/2017 00:00,       0.203
06/06/2017 00:00,       0.189
07/06/2017 00:00,       0.134
08/06/2017 00:00,       0.137
09/06/2017 00:00,       0.138
10/06/2017 00:00,       0.125
11/06/2017 00:00,       0.160
12/06/2017 00:00,       0.194
13/06/2017 00:00,       0.178
14/06/2017 00:00,       0.177
15/06/2017 00:00,       0.232
16/06/2017 00:00,       0.262
17/06/2017 00:00,       0.259
18/06/2017 00:00,       0.264
19/06/2017 00:00,       0.284
20/06/2017 00:00,       0.281
21/06/2017 00:00,       0.272
22/06/2017 00:00,       0.237
23/06/2017 00:00,       0.246
24/06/2017 00:00,       0.361
25/06/2017 00:00,       0.346
26/06/2017 00:00,       0.297
27/06/2017 00:00,       0.266
28/06/2017 00:00,       0.256
29/06/2017 00:00,       0.323
30/06/2017 00:00,       0.277
01/07/2017 00:00,       0.172
02/07/2017 00:00,       0.209
03/07/2017 00:00,       0.500
04/07/2017 00:00,       0.632
05/07/2017 00:00,       0.495
06/07/2017 00:00,       0.398
07/07/2017 00:00,       0.566
08/07/2017 00:00,       0.488
09/07/2017 00:00,       0.398
10/07/2017 00:00,       0.305
11/07/2017 00:00,       0.262
12/07/2017 00:00,       0.185
13/07/2017 00:00,       0.300
14/07/2017 00:00,       0.474
15/07/2017 00:00,       0.449
16/07/2017 00:00,       0.411
17/07/2017 00:00,       0.576
18/07/2017 00:00,       0.753
19/07/2017 00:00,       0.584
20/07/2017 00:00,       0.319
21/07/2017 00:00,       0.228
22/07/2017 00:00,       0.309
23/07/2017 00:00,       0.460
24/07/2017 00:00,       0.427
25/07/2017 00:00,       0.450
26/07/2017 00:00,       0.461
27/07/2017 00:00,       0.393
28/07/2017 00:00,       0.374
29/07/2017 00:00,       0.359
30/07/2017 00:00,       0.561
31/07/2017 00:00,       0.584
01/08/2017 00:00,       0.430
02/08/2017 00:00,       0.327
03/08/2017 00:00,       0.450
04/08/2017 00:00,       0.522
05/08/2017 00:00,       0.625
06/08/2017 00:00,       0.842
07/08/2017 00:00,       0.741
08/08/2017 00:00,       0.484
09/08/2017 00:00,       0.336
10/08/2017 00:00,       0.444
11/08/2017 00:00,       0.578
12/08/2017 00:00,       0.520
13/08/2017 00:00,       0.392
14/08/2017 00:00,       0.377
15/08/2017 00:00,       0.424
16/08/2017 00:00,       0.702
17/08/2017 00:00,       0.820
18/08/2017 00:00,       0.846
19/08/2017 00:00,       0.560
20/08/2017 00:00,       0.266
21/08/2017 00:00,       0.365
22/08/2017 00:00,       0.448
23/08/2017 00:00,       0.414
24/08/2017 00:00,       0.367
25/08/2017 00:00,       0.288
26/08/2017 00:00,       0.296
27/08/2017 00:00,       0.340
28/08/2017 00:00,       0.221
29/08/2017 00:00,       0.182
30/08/2017 00:00,       0.121
31/08/2017 00:00,       0.040
01/09/2017 00:00,       0.112
02/09/2017 00:00,       0.195
03/09/2017 00:00,       0.536
04/09/2017 00:00,       0.707
05/09/2017 00:00,       0.648
06/09/2017 00:00,       0.503
07/09/2017 00:00,       0.381
08/09/2017 00:00,       0.323
09/09/2017 00:00,       0.212
10/09/2017 00:00,       0.124
11/09/2017 00:00,       0.148
12/09/2017 00:00,       0.294
13/09/2017 00:00,       0.499
14/09/2017 00:00,       0.460
15/09/2017 00:00,       0.328
16/09/2017 00:00,       0.256
17/09/2017 00:00,       0.113
18/09/2017 00:00,       0.265
19/09/2017 00:00,       0.345
20/09/2017 00:00,       0.256
21/09/2017 00:00,       0.240
22/09/2017 00:00,       0.260
23/09/2017 00:00,       0.361
24/09/2017 00:00,       0.566
25/09/2017 00:00,       0.524
26/09/2017 00:00,       0.316
27/09/2017 00:00,       0.258
28/09/2017 00:00,       0.431
29/09/2017 00:00,       0.381
30/09/2017 00:00,       0.409
01/10/2017 00:00,       0.341
02/10/2017 00:00,       0.276
03/10/2017 00:00,       0.208
04/10/2017 00:00,       0.171
05/10/2017 00:00,       0.290
06/10/2017 00:00,       0.130
07/10/2017 00:00,       0.067
08/10/2017 00:00,       0.153
09/10/2017 00:00,       0.222
10/10/2017 00:00,       0.203
11/10/2017 00:00,       0.235
12/10/2017 00:00,       0.361
13/10/2017 00:00,       0.328
14/10/2017 00:00,       0.238
15/10/2017 00:00,       0.096
16/10/2017 00:00,       0.055
17/10/2017 00:00,       0.058
18/10/2017 00:00,       0.084
19/10/2017 00:00,       0.195
20/10/2017 00:00,       0.239
21/10/2017 00:00,       0.178
22/10/2017 00:00,       0.161
23/10/2017 00:00,       0.131
24/10/2017 00:00,       0.103
25/10/2017 00:00,       0.164
26/10/2017 00:00,       0.199
27/10/2017 00:00,       0.160
28/10/2017 00:00,       0.336
29/10/2017 00:00,       0.495
30/10/2017 00:00,       0.677
31/10/2017 00:00,       0.520
01/11/2017 00:00,       0.350
02/11/2017 00:00,       0.303
03/11/2017 00:00,       0.262
04/11/2017 00:00,       0.152
05/11/2017 00:00,       0.088
06/11/2017 00:00,       0.111
07/11/2017 00:00,       0.100
08/11/2017 00:00,       0.087
09/11/2017 00:00,       0.065
10/11/2017 00:00,       0.064
11/11/2017 00:00,       0.073
12/11/2017 00:00,       0.073
13/11/2017 00:00,       0.097
14/11/2017 00:00,       0.133
15/11/2017 00:00,       0.310
16/11/2017 00:00,       0.266
17/11/2017 00:00,       0.168
18/11/2017 00:00,       0.123
19/11/2017 00:00,       0.096
20/11/2017 00:00,       0.092
21/11/2017 00:00,       0.122
22/11/2017 00:00,       0.163
23/11/2017 00:00,       0.258
24/11/2017 00:00,       0.248
25/11/2017 00:00,       0.211
26/11/2017 00:00,       0.194
27/11/2017 00:00,       0.124
28/11/2017 00:00,       0.065
29/11/2017 00:00,       0.070
30/11/2017 00:00,       0.190
01/12/2017 00:00,       0.283
02/12/2017 00:00,       0.301
03/12/2017 00:00,       0.231
04/12/2017 00:00,       0.188
05/12/2017 00:00,       0.182
06/12/2017 00:00,       0.166
07/12/2017 00:00,       0.194
08/12/2017 00:00,       0.244
09/12/2017 00:00,       0.221
10/12/2017 00:00,       0.194
11/12/2017 00:00,       0.137
12/12/2017 00:00,       0.110
13/12/2017 00:00,       0.191
14/12/2017 00:00,       0.302
15/12/2017 00:00,       0.317
16/12/2017 00:00,       0.339
17/12/2017 00:00,       0.266
18/12/2017 00:00,       0.212
19/12/2017 00:00,       0.372
20/12/2017 00:00,       0.524
21/12/2017 00:00,       0.468
22/12/2017 00:00,       0.345
23/12/2017 00:00,       0.308
24/12/2017 00:00,       0.301
25/12/2017 00:00,       0.167
26/12/2017 00:00,       0.085
27/12/2017 00:00,       0.078
28/12/2017 00:00,       0.145
29/12/2017 00:00,       0.181
30/12/2017 00:00,       0.292
31/12/2017 00:00,       0.288
01/01/2018 00:00,       0.303
02/01/2018 00:00,       0.312
03/01/2018 00:00,       0.259
04/01/2018 00:00,       0.204
05/01/2018 00:00,       0.155
06/01/2018 00:00,       0.198
07/01/2018 00:00,       0.262
08/01/2018 00:00,       0.255
09/01/2018 00:00,       0.275
10/01/2018 00:00,       0.176
11/01/2018 00:00,       0.171
12/01/2018 00:00,       0.242
13/01/2018 00:00,       0.439
14/01/2018 00:00,       0.306
15/01/2018 00:00,       0.179
16/01/2018 00:00,       0.137
17/01/2018 00:00,       0.116
18/01/2018 00:00,       0.139
19/01/2018 00:00,       0.165
20/01/2018 00:00,       0.187
21/01/2018 00:00,       0.160
22/01/2018 00:00,       0.268
23/01/2018 00:00,       0.226
24/01/2018 00:00,       0.264
25/01/2018 00:00,       0.247
26/01/2018 00:00,       0.192
27/01/2018 00:00,       0.202
28/01/2018 00:00,       0.223
29/01/2018 00:00,       0.275
30/01/2018 00:00,       0.258
31/01/2018 00:00,       0.157
01/02/2018 00:00,       0.134
02/02/2018 00:00,       0.106
03/02/2018 00:00,       0.078
04/02/2018 00:00,       0.070
05/02/2018 00:00,       0.066
06/02/2018 00:00,       0.078
07/02/2018 00:00,       0.102
08/02/2018 00:00,       0.136
09/02/2018 00:00,       0.157
10/02/2018 00:00,       0.198
11/02/2018 00:00,       0.214
12/02/2018 00:00,       0.208
13/02/2018 00:00,       0.217
14/02/2018 00:00,       0.353
15/02/2018 00:00,       0.288
16/02/2018 00:00,       0.296
17/02/2018 00:00,       0.262
18/02/2018 00:00,       0.229
19/02/2018 00:00,       0.234
20/02/2018 00:00,       0.132
21/02/2018 00:00,       0.113
22/02/2018 00:00,       0.146
23/02/2018 00:00,       0.134
24/02/2018 00:00,       0.262
25/02/2018 00:00,       0.246
26/02/2018 00:00,       0.163
27/02/2018 00:00,       0.132
28/02/2018 00:00,       0.277
01/03/2018 00:00,       0.272
02/03/2018 00:00,       0.212
03/03/2018 00:00,       0.260
04/03/2018 00:00,       0.245
05/03/2018 00:00,       0.247
06/03/2018 00:00,       0.185
07/03/2018 00:00,       0.089
08/03/2018 00:00,       0.084
09/03/2018 00:00,       0.076
10/03/2018 00:00,       0.094
11/03/2018 00:00,       0.163
12/03/2018 00:00,       0.128
13/03/2018 00:00,       0.112
14/03/2018 00:00,       0.113
15/03/2018 00:00,       0.118
16/03/2018 00:00,       0.114
17/03/2018 00:00,       0.142
18/03/2018 00:00,       0.434
19/03/2018 00:00,       0.415
20/03/2018 00:00,       0.445
21/03/2018 00:00,       0.262
22/03/2018 00:00,       0.169
23/03/2018 00:00,       0.154
24/03/2018 00:00,       0.170
25/03/2018 00:00,       0.461
26/03/2018 00:00,       0.443
27/03/2018 00:00,       0.272
28/03/2018 00:00,       0.282
29/03/2018 00:00,       0.294
30/03/2018 00:00,       0.333
31/03/2018 00:00,       0.307
01/04/2018 00:00,       0.295
02/04/2018 00:00,       0.314
03/04/2018 00:00,       0.265
04/04/2018 00:00,       0.205
05/04/2018 00:00,       0.179
06/04/2018 00:00,       0.149
07/04/2018 00:00,       0.115
08/04/2018 00:00,       0.150
09/04/2018 00:00,       0.188
10/04/2018 00:00,       0.219
11/04/2018 00:00,       0.216
12/04/2018 00:00,       0.296
13/04/2018 00:00,       0.442
14/04/2018 00:00,       0.745
15/04/2018 00:00,       0.706
16/04/2018 00:00,       0.573
17/04/2018 00:00,       0.430
18/04/2018 00:00,       0.304
19/04/2018 00:00,       0.271
20/04/2018 00:00,       0.240
21/04/2018 00:00,       0.266
22/04/2018 00:00,       0.238
23/04/2018 00:00,       0.246
24/04/2018 00:00,       0.298
25/04/2018 00:00,       0.346
26/04/2018 00:00,       0.337
27/04/2018 00:00,       0.288
28/04/2018 00:00,       0.215
29/04/2018 00:00,       0.185
30/04/2018 00:00,       0.185
01/05/2018 00:00,       0.179
02/05/2018 00:00,       0.209
03/05/2018 00:00,       0.369
04/05/2018 00:00,       0.573
05/05/2018 00:00,       0.423
06/05/2018 00:00,       0.276
07/05/2018 00:00,       0.226
08/05/2018 00:00,       0.270
09/05/2018 00:00,       0.277
10/05/2018 00:00,       0.493
11/05/2018 00:00,       0.408
12/05/2018 00:00,       0.253
13/05/2018 00:00,       0.142
14/05/2018 00:00,       0.129
15/05/2018 00:00,       0.176
16/05/2018 00:00,       0.155
17/05/2018 00:00,       0.180
18/05/2018 00:00,       0.253
19/05/2018 00:00,       0.246
20/05/2018 00:00,       0.247
21/05/2018 00:00,       0.298
22/05/2018 00:00,       0.290
23/05/2018 00:00,       0.253
24/05/2018 00:00,       0.196
25/05/2018 00:00,       0.134
26/05/2018 00:00,       0.093
27/05/2018 00:00,       0.173
28/05/2018 00:00,       0.331
29/05/2018 00:00,       0.552
30/05/2018 00:00,       0.518
31/05/2018 00:00,       0.462
01/06/2018 00:00,       0.366
02/06/2018 00:00,       0.407
03/06/2018 00:00,       0.436
04/06/2018 00:00,       0.403
05/06/2018 00:00,       0.274
06/06/2018 00:00,       0.125
07/06/2018 00:00,       0.143
08/06/2018 00:00,       0.225
09/06/2018 00:00,       0.251
10/06/2018 00:00,       0.249
11/06/2018 00:00,       0.303
12/06/2018 00:00,       0.513
13/06/2018 00:00,       0.551
14/06/2018 00:00,       0.698
15/06/2018 00:00,       0.862
16/06/2018 00:00,       0.851
17/06/2018 00:00,       0.856
18/06/2018 00:00,       0.706
19/06/2018 00:00,       0.634
20/06/2018 00:00,       0.608
21/06/2018 00:00,       0.553
22/06/2018 00:00,       0.513
23/06/2018 00:00,       0.483
24/06/2018 00:00,       0.391
25/06/2018 00:00,       0.289
26/06/2018 00:00,       0.177
27/06/2018 00:00,       0.139
28/06/2018 00:00,       0.173
29/06/2018 00:00,       0.326
30/06/2018 00:00,       0.433
01/07/2018 00:00,       0.287
02/07/2018 00:00,       0.230
03/07/2018 00:00,       0.257
04/07/2018 00:00,       0.335
05/07/2018 00:00,       0.435
06/07/2018 00:00,       0.724
07/07/2018 00:00,       0.892
08/07/2018 00:00,       0.590
09/07/2018 00:00,       0.413
10/07/2018 00:00,       0.283
11/07/2018 00:00,       0.310
12/07/2018 00:00,       0.286
13/07/2018 00:00,       0.216
14/07/2018 00:00,       0.251
15/07/2018 00:00,       0.290
16/07/2018 00:00,       0.371
17/07/2018 00:00,       0.600
18/07/2018 00:00,       0.649
19/07/2018 00:00,       0.746
20/07/2018 00:00,       0.671
21/07/2018 00:00,       0.470
22/07/2018 00:00,       0.286
23/07/2018 00:00,       0.404
24/07/2018 00:00,       0.671
25/07/2018 00:00,       0.575
26/07/2018 00:00,       0.500
27/07/2018 00:00,       0.452
28/07/2018 00:00,       0.408
29/07/2018 00:00,       0.592
30/07/2018 00:00,       0.468
31/07/2018 00:00,       0.552
01/08/2018 00:00,       0.483
02/08/2018 00:00,       0.332
03/08/2018 00:00,       0.555
04/08/2018 00:00,       0.584
05/08/2018 00:00,       0.656
06/08/2018 00:00,       0.738
07/08/2018 00:00,       0.651
08/08/2018 00:00,       0.674
09/08/2018 00:00,       0.500
10/08/2018 00:00,       0.529
11/08/2018 00:00,       0.597
12/08/2018 00:00,       0.508
13/08/2018 00:00,       0.389
14/08/2018 00:00,       0.327
15/08/2018 00:00,       0.486
16/08/2018 00:00,       0.467
17/08/2018 00:00,       0.418
18/08/2018 00:00,       0.613
19/08/2018 00:00,       0.498
20/08/2018 00:00,       0.282
21/08/2018 00:00,       0.277
22/08/2018 00:00,       0.272
23/08/2018 00:00,       0.287
24/08/2018 00:00,       0.366
25/08/2018 00:00,       0.240
26/08/2018 00:00,       0.245
27/08/2018 00:00,       0.193
28/08/2018 00:00,       0.091
29/08/2018 00:00,       0.072
30/08/2018 00:00,       0.160
31/08/2018 00:00,       0.399
01/09/2018 00:00,       0.451
02/09/2018 00:00,       0.323
03/09/2018 00:00,       0.188
04/09/2018 00:00,       0.079
05/09/2018 00:00,       0.062
06/09/2018 00:00,       0.287
07/09/2018 00:00,       0.304
08/09/2018 00:00,       0.228
09/09/2018 00:00,       0.216
10/09/2018 00:00,       0.190
11/09/2018 00:00,       0.226
12/09/2018 00:00,       0.343
13/09/2018 00:00,       0.297
14/09/2018 00:00,       0.293
15/09/2018 00:00,       0.584
16/09/2018 00:00,       0.409
17/09/2018 00:00,       0.255
18/09/2018 00:00,       0.386
19/09/2018 00:00,       0.460
20/09/2018 00:00,       0.301
21/09/2018 00:00,       0.173
22/09/2018 00:00,       0.136
23/09/2018 00:00,       0.089
24/09/2018 00:00,       0.050
25/09/2018 00:00,       0.028
26/09/2018 00:00,       0.031
27/09/2018 00:00,       0.107
28/09/2018 00:00,       0.158
29/09/2018 00:00,       0.150
30/09/2018 00:00,       0.082
01/10/2018 00:00,       0.056
02/10/2018 00:00,       0.096
03/10/2018 00:00,       0.192
04/10/2018 00:00,       0.150
05/10/2018 00:00,       0.052
06/10/2018 00:00,       0.039
07/10/2018 00:00,       0.047
08/10/2018 00:00,       0.069
09/10/2018 00:00,       0.161
10/10/2018 00:00,       0.117
11/10/2018 00:00,       0.052
12/10/2018 00:00,       0.038
13/10/2018 00:00,       0.042
14/10/2018 00:00,       0.041
15/10/2018 00:00,       0.087
16/10/2018 00:00,       0.304
17/10/2018 00:00,       0.267
18/10/2018 00:00,       0.194
19/10/2018 00:00,       0.069
20/10/2018 00:00,       0.265
21/10/2018 00:00,       0.190
22/10/2018 00:00,       0.218
23/10/2018 00:00,       0.265
24/10/2018 00:00,       0.222
25/10/2018 00:00,       0.161
26/10/2018 00:00,       0.085
27/10/2018 00:00,       0.074
28/10/2018 00:00,       0.088
29/10/2018 00:00,       0.097
30/10/2018 00:00,       0.108
31/10/2018 00:00,       0.107
01/11/2018 00:00,       0.128
02/11/2018 00:00,       0.250
03/11/2018 00:00,       0.287
04/11/2018 00:00,       0.242
05/11/2018 00:00,       0.279
06/11/2018 00:00,       0.381
07/11/2018 00:00,       0.410
08/11/2018 00:00,       0.333
09/11/2018 00:00,       0.237
10/11/2018 00:00,       0.160
11/11/2018 00:00,       0.140
12/11/2018 00:00,       0.127
13/11/2018 00:00,       0.202
14/11/2018 00:00,       0.172
15/11/2018 00:00,       0.127
16/11/2018 00:00,       0.090
17/11/2018 00:00,       0.033
18/11/2018 00:00,       0.029
19/11/2018 00:00,       0.032
20/11/2018 00:00,       0.180
21/11/2018 00:00,       0.362
22/11/2018 00:00,       0.659
23/11/2018 00:00,       0.355
24/11/2018 00:00,       0.191
25/11/2018 00:00,       0.161
26/11/2018 00:00,       0.207
27/11/2018 00:00,       0.176
28/11/2018 00:00,       0.240
29/11/2018 00:00,       0.117
30/11/2018 00:00,       0.113
01/12/2018 00:00,       0.159
02/12/2018 00:00,       0.404
03/12/2018 00:00,       0.421
04/12/2018 00:00,       0.262
05/12/2018 00:00,       0.106
06/12/2018 00:00,       0.087
07/12/2018 00:00,       0.141
08/12/2018 00:00,       0.171
09/12/2018 00:00,       0.114
10/12/2018 00:00,       0.124
11/12/2018 00:00,       0.091
12/12/2018 00:00,       0.124
13/12/2018 00:00,       0.522
14/12/2018 00:00,       0.506
15/12/2018 00:00,       0.163
16/12/2018 00:00,       0.153
17/12/2018 00:00,       0.071
18/12/2018 00:00,      -0.003
19/12/2018 00:00,       0.025
20/12/2018 00:00,       0.118
21/12/2018 00:00,       0.078
22/12/2018 00:00,       0.068
23/12/2018 00:00,       0.052
24/12/2018 00:00,       0.059
25/12/2018 00:00,       0.076
26/12/2018 00:00,       0.066
27/12/2018 00:00,       0.052
28/12/2018 00:00,       0.081
29/12/2018 00:00,       0.102
30/12/2018 00:00,       0.142
31/12/2018 00:00,       0.107
01/01/2019 00:00,       0.082
02/01/2019 00:00,       0.100
03/01/2019 00:00,       0.097
04/01/2019 00:00,       0.193
05/01/2019 00:00,       0.231
06/01/2019 00:00,       0.195
07/01/2019 00:00,       0.192
08/01/2019 00:00,       0.258
09/01/2019 00:00,       0.233
10/01/2019 00:00,       0.148
11/01/2019 00:00,       0.089
12/01/2019 00:00,       0.118
13/01/2019 00:00,       0.086
14/01/2019 00:00,       0.047
15/01/2019 00:00,       0.148
16/01/2019 00:00,       0.175
17/01/2019 00:00,       0.145
18/01/2019 00:00,       0.164
19/01/2019 00:00,       0.114
20/01/2019 00:00,       0.102
21/01/2019 00:00,       0.101
22/01/2019 00:00,       0.115
23/01/2019 00:00,       0.107
24/01/2019 00:00,       0.073
25/01/2019 00:00,       0.160
26/01/2019 00:00,       0.250
27/01/2019 00:00,       0.276
28/01/2019 00:00,       0.275
29/01/2019 00:00,       0.306
30/01/2019 00:00,       0.302
31/01/2019 00:00,       0.270
01/02/2019 00:00,       0.127
02/02/2019 00:00,       0.068
03/02/2019 00:00,       0.108
04/02/2019 00:00,       0.183
05/02/2019 00:00,       0.138
06/02/2019 00:00,       0.111
07/02/2019 00:00,       0.144
08/02/2019 00:00,       0.182
09/02/2019 00:00,       0.314
10/02/2019 00:00,       0.266
11/02/2019 00:00,       0.292
12/02/2019 00:00,       0.531
13/02/2019 00:00,       0.447
14/02/2019 00:00,       0.267
15/02/2019 00:00,       0.146
16/02/2019 00:00,       0.107
17/02/2019 00:00,       0.147
18/02/2019 00:00,       0.240
19/02/2019 00:00,       0.265
20/02/2019 00:00,       0.223
21/02/2019 00:00,       0.174
22/02/2019 00:00,       0.112
23/02/2019 00:00,       0.041
24/02/2019 00:00,       0.045
25/02/2019 00:00,       0.091
26/02/2019 00:00,       0.105
27/02/2019 00:00,       0.077
28/02/2019 00:00,       0.080
01/03/2019 00:00,       0.055
02/03/2019 00:00,       0.126
03/03/2019 00:00,       0.144
04/03/2019 00:00,       0.130
05/03/2019 00:00,       0.182
06/03/2019 00:00,       0.284
07/03/2019 00:00,       0.151
08/03/2019 00:00,       0.146
09/03/2019 00:00,       0.163
10/03/2019 00:00,       0.182
11/03/2019 00:00,       0.264
12/03/2019 00:00,       0.372
13/03/2019 00:00,       0.317
14/03/2019 00:00,       0.256
15/03/2019 00:00,       0.202
16/03/2019 00:00,       0.159
17/03/2019 00:00,       0.116
18/03/2019 00:00,       0.098
19/03/2019 00:00,       0.124
20/03/2019 00:00,       0.135
21/03/2019 00:00,       0.111
22/03/2019 00:00,       0.091
23/03/2019 00:00,       0.200
24/03/2019 00:00,       0.323
25/03/2019 00:00,       0.623
26/03/2019 00:00,       0.465
27/03/2019 00:00,       0.333
28/03/2019 00:00,       0.251
29/03/2019 00:00,       0.385
30/03/2019 00:00,       0.468
31/03/2019 00:00,       0.386
01/04/2019 00:00,       0.307
02/04/2019 00:00,       0.206
03/04/2019 00:00,       0.138
04/04/2019 00:00,       0.127
05/04/2019 00:00,       0.173
06/04/2019 00:00,       0.315
07/04/2019 00:00,       0.353
08/04/2019 00:00,       0.446
09/04/2019 00:00,       0.490
10/04/2019 00:00,       0.310
11/04/2019 00:00,       0.170
12/04/2019 00:00,       0.110
13/04/2019 00:00,       0.123
14/04/2019 00:00,       0.133
15/04/2019 00:00,       0.114
16/04/2019 00:00,       0.174
17/04/2019 00:00,       0.317
18/04/2019 00:00,       0.326
19/04/2019 00:00,       0.171
20/04/2019 00:00,       0.206
21/04/2019 00:00,       0.393
22/04/2019 00:00,       0.399
23/04/2019 00:00,       0.284
24/04/2019 00:00,       0.224
25/04/2019 00:00,       0.264
26/04/2019 00:00,       0.395
27/04/2019 00:00,       0.283
28/04/2019 00:00,       0.214
29/04/2019 00:00,       0.142
30/04/2019 00:00,       0.171
01/05/2019 00:00,       0.323
02/05/2019 00:00,       0.465
03/05/2019 00:00,       0.435
04/05/2019 00:00,       0.399
05/05/2019 00:00,       0.256
06/05/2019 00:00,       0.145
07/05/2019 00:00,       0.287
08/05/2019 00:00,       0.426
09/05/2019 00:00,       0.517
10/05/2019 00:00,       0.537
11/05/2019 00:00,       0.340
12/05/2019 00:00,       0.270
13/05/2019 00:00,       0.223
14/05/2019 00:00,       0.192
15/05/2019 00:00,       0.143
16/05/2019 00:00,       0.116
17/05/2019 00:00,       0.134
18/05/2019 00:00,       0.186
19/05/2019 00:00,       0.286
20/05/2019 00:00,       0.490
21/05/2019 00:00,       0.392
22/05/2019 00:00,       0.258
23/05/2019 00:00,       0.248
24/05/2019 00:00,       0.307
25/05/2019 00:00,       0.462
26/05/2019 00:00,       0.510
27/05/2019 00:00,       0.609
28/05/2019 00:00,       0.516
29/05/2019 00:00,       0.737
30/05/2019 00:00,       0.435
31/05/2019 00:00,       0.243
01/06/2019 00:00,       0.125
02/06/2019 00:00,       0.161
03/06/2019 00:00,       0.264
04/06/2019 00:00,       0.160
05/06/2019 00:00,       0.114
06/06/2019 00:00,       0.109
07/06/2019 00:00,       0.076
08/06/2019 00:00,       0.099
09/06/2019 00:00,       0.193
10/06/2019 00:00,       0.448
11/06/2019 00:00,       0.425
12/06/2019 00:00,       0.475
13/06/2019 00:00,       0.568
14/06/2019 00:00,       0.518
15/06/2019 00:00,       0.411
16/06/2019 00:00,       0.374
17/06/2019 00:00,       0.318
18/06/2019 00:00,       0.407
19/06/2019 00:00,       0.283
20/06/2019 00:00,       0.214
21/06/2019 00:00,       0.150
22/06/2019 00:00,       0.089
23/06/2019 00:00,       0.046
24/06/2019 00:00,       0.026
25/06/2019 00:00,       0.102
26/06/2019 00:00,       0.101
27/06/2019 00:00,       0.116
28/06/2019 00:00,       0.237
29/06/2019 00:00,       0.442
30/06/2019 00:00,       0.496
01/07/2019 00:00,       0.435
02/07/2019 00:00,       0.422
03/07/2019 00:00,       0.309
04/07/2019 00:00,       0.204
05/07/2019 00:00,       0.105
06/07/2019 00:00,       0.080
07/07/2019 00:00,       0.194
08/07/2019 00:00,       0.224
09/07/2019 00:00,       0.205
10/07/2019 00:00,       0.444
11/07/2019 00:00,       0.691
12/07/2019 00:00,       0.764
13/07/2019 00:00,       0.694
14/07/2019 00:00,       0.450
15/07/2019 00:00,       0.389
16/07/2019 00:00,       0.291
17/07/2019 00:00,       0.263
18/07/2019 00:00,       0.265
19/07/2019 00:00,       0.275
20/07/2019 00:00,       0.271
21/07/2019 00:00,       0.419
22/07/2019 00:00,       0.495
23/07/2019 00:00,       0.655
24/07/2019 00:00,       0.562
25/07/2019 00:00,       0.409
26/07/2019 00:00,       0.346
27/07/2019 00:00,       0.258
28/07/2019 00:00,       0.220
29/07/2019 00:00,       0.218
30/07/2019 00:00,       0.165
31/07/2019 00:00,       0.144
01/08/2019 00:00,       0.122
02/08/2019 00:00,       0.127
03/08/2019 00:00,       0.106
04/08/2019 00:00,       0.076
05/08/2019 00:00,       0.104
06/08/2019 00:00,       0.201
07/08/2019 00:00,       0.242
08/08/2019 00:00,       0.572
09/08/2019 00:00,       0.852
10/08/2019 00:00,       0.652
11/08/2019 00:00,       0.521
12/08/2019 00:00,       0.250
13/08/2019 00:00,       0.133
14/08/2019 00:00,       0.100
15/08/2019 00:00,       0.157
16/08/2019 00:00,       0.269
17/08/2019 00:00,       0.205
18/08/2019 00:00,       0.477
19/08/2019 00:00,       0.529
20/08/2019 00:00,       0.379
21/08/2019 00:00,       0.363
22/08/2019 00:00,       0.288
23/08/2019 00:00,       0.151
24/08/2019 00:00,       0.227
25/08/2019 00:00,       0.216
26/08/2019 00:00,       0.143
27/08/2019 00:00,       0.139
28/08/2019 00:00,       0.214
29/08/2019 00:00,       0.136
30/08/2019 00:00,       0.072
31/08/2019 00:00,       0.103
01/09/2019 00:00,       0.186
02/09/2019 00:00,       0.143
03/09/2019 00:00,       0.196
04/09/2019 00:00,       0.256
05/09/2019 00:00,       0.343
06/09/2019 00:00,       0.672
07/09/2019 00:00,       0.473
08/09/2019 00:00,       0.397
09/09/2019 00:00,       0.242
10/09/2019 00:00,       0.119
11/09/2019 00:00,       0.082
12/09/2019 00:00,       0.128
13/09/2019 00:00,       0.120
14/09/2019 00:00,       0.077
15/09/2019 00:00,       0.139
16/09/2019 00:00,       0.199
17/09/2019 00:00,       0.089
18/09/2019 00:00,       0.062
19/09/2019 00:00,       0.069
20/09/2019 00:00,       0.239
21/09/2019 00:00,       0.375
22/09/2019 00:00,       0.283
23/09/2019 00:00,       0.270
24/09/2019 00:00,       0.149
25/09/2019 00:00,       0.074
26/09/2019 00:00,       0.061
27/09/2019 00:00,       0.115
28/09/2019 00:00,       0.096
29/09/2019 00:00,       0.079
30/09/2019 00:00,       0.060
01/10/2019 00:00,       0.028
02/10/2019 00:00,       0.060
03/10/2019 00:00,       0.140
04/10/2019 00:00,       0.074
05/10/2019 00:00,       0.058
06/10/2019 00:00,       0.219
07/10/2019 00:00,       0.232
08/10/2019 00:00,       0.286
09/10/2019 00:00,       0.082
10/10/2019 00:00,       0.033
11/10/2019 00:00,       0.018
12/10/2019 00:00,       0.012
13/10/2019 00:00,       0.070
14/10/2019 00:00,       0.134
15/10/2019 00:00,       0.143
16/10/2019 00:00,       0.236
17/10/2019 00:00,       0.342
18/10/2019 00:00,       0.329
19/10/2019 00:00,       0.415
20/10/2019 00:00,       0.338
21/10/2019 00:00,       0.188
22/10/2019 00:00,       0.099
23/10/2019 00:00,       0.114
24/10/2019 00:00,       0.213
25/10/2019 00:00,       0.426
26/10/2019 00:00,       0.541
27/10/2019 00:00,       0.363
28/10/2019 00:00,       0.253
29/10/2019 00:00,       0.169
30/10/2019 00:00,       0.176
31/10/2019 00:00,       0.166
01/11/2019 00:00,       0.206
02/11/2019 00:00,       0.267
03/11/2019 00:00,       0.346
04/11/2019 00:00,       0.394
05/11/2019 00:00,       0.288
06/11/2019 00:00,       0.386
07/11/2019 00:00,       0.533
08/11/2019 00:00,       0.599
09/11/2019 00:00,       0.342
10/11/2019 00:00,       0.223
11/11/2019 00:00,       0.147
12/11/2019 00:00,       0.302
13/11/2019 00:00,       0.282
14/11/2019 00:00,       0.254
15/11/2019 00:00,       0.259
16/11/2019 00:00,       0.228
17/11/2019 00:00,       0.177
18/11/2019 00:00,       0.106
19/11/2019 00:00,       0.117
20/11/2019 00:00,       0.128
21/11/2019 00:00,       0.329
22/11/2019 00:00,       0.299
23/11/2019 00:00,       0.260
24/11/2019 00:00,       0.218
25/11/2019 00:00,       0.238
26/11/2019 00:00,       0.292
27/11/2019 00:00,       0.195
28/11/2019 00:00,       0.185
29/11/2019 00:00,       0.194
30/11/2019 00:00,       0.218
01/12/2019 00:00,       0.369
02/12/2019 00:00,       0.486
03/12/2019 00:00,       0.403
04/12/2019 00:00,       0.316
05/12/2019 00:00,       0.243
06/12/2019 00:00,       0.163
07/12/2019 00:00,       0.084
08/12/2019 00:00,       0.041
09/12/2019 00:00,       0.103
10/12/2019 00:00,       0.145
11/12/2019 00:00,       0.112
12/12/2019 00:00,       0.097
13/12/2019 00:00,       0.092
14/12/2019 00:00,       0.106
15/12/2019 00:00,       0.106
16/12/2019 00:00,       0.099
17/12/2019 00:00,       0.087
18/12/2019 00:00,       0.077
19/12/2019 00:00,       0.083
20/12/2019 00:00,       0.111
21/12/2019 00:00,       0.148
22/12/2019 00:00,       0.078
23/12/2019 00:00,       0.095
24/12/2019 00:00,       0.084
25/12/2019 00:00,       0.106
26/12/2019 00:00,       0.103
27/12/2019 00:00,       0.067
28/12/2019 00:00,       0.076
29/12/2019 00:00,       0.084
30/12/2019 00:00,       0.158
31/12/2019 00:00,       0.210
01/01/2020 00:00,       0.210
02/01/2020 00:00,       0.168
03/01/2020 00:00,       0.088
04/01/2020 00:00,       0.253
05/01/2020 00:00,       0.141
06/01/2020 00:00,       0.077
07/01/2020 00:00,       0.054
08/01/2020 00:00,       0.056
09/01/2020 00:00,       0.069
10/01/2020 00:00,       0.129
11/01/2020 00:00,       0.171
12/01/2020 00:00,       0.117
13/01/2020 00:00,       0.106
14/01/2020 00:00,       0.107
15/01/2020 00:00,       0.191
16/01/2020 00:00,       0.163
17/01/2020 00:00,       0.090
18/01/2020 00:00,       0.062
19/01/2020 00:00,       0.099
20/01/2020 00:00,       0.210
21/01/2020 00:00,       0.116
22/01/2020 00:00,       0.184
23/01/2020 00:00,       0.473
24/01/2020 00:00,       0.437
25/01/2020 00:00,       0.343
26/01/2020 00:00,       0.280
27/01/2020 00:00,       0.239
28/01/2020 00:00,       0.202
29/01/2020 00:00,       0.125
30/01/2020 00:00,       0.109
31/01/2020 00:00,       0.144
01/02/2020 00:00,       0.236
02/02/2020 00:00,       0.271
03/02/2020 00:00,       0.289
04/02/2020 00:00,       0.164
05/02/2020 00:00,       0.101
06/02/2020 00:00,       0.081
07/02/2020 00:00,       0.076
08/02/2020 00:00,       0.062
09/02/2020 00:00,       0.062
10/02/2020 00:00,       0.063
11/02/2020 00:00,       0.158
12/02/2020 00:00,       0.154
13/02/2020 00:00,       0.093
14/02/2020 00:00,       0.118
15/02/2020 00:00,       0.153
16/02/2020 00:00,       0.078
17/02/2020 00:00,       0.065
18/02/2020 00:00,       0.216
19/02/2020 00:00,       0.199
20/02/2020 00:00,       0.138
21/02/2020 00:00,       0.111
22/02/2020 00:00,       0.085
23/02/2020 00:00,       0.065
24/02/2020 00:00,       0.130
25/02/2020 00:00,       0.115
26/02/2020 00:00,       0.225
27/02/2020 00:00,       0.222
28/02/2020 00:00,       0.259
29/02/2020 00:00,       0.220
01/03/2020 00:00,       0.206
02/03/2020 00:00,       0.258
03/03/2020 00:00,       0.108
04/03/2020 00:00,       0.132
05/03/2020 00:00,       0.164
06/03/2020 00:00,       0.144
07/03/2020 00:00,       0.102
08/03/2020 00:00,       0.071
09/03/2020 00:00,       0.058
10/03/2020 00:00,       0.037
11/03/2020 00:00,       0.048
12/03/2020 00:00,       0.063
13/03/2020 00:00,       0.244
14/03/2020 00:00,       0.111
15/03/2020 00:00,       0.037
16/03/2020 00:00,       0.027
17/03/2020 00:00,       0.037
18/03/2020 00:00,       0.081
19/03/2020 00:00,       0.126
20/03/2020 00:00,       0.241
21/03/2020 00:00,       0.242
22/03/2020 00:00,       0.244
23/03/2020 00:00,       0.128
24/03/2020 00:00,       0.088
25/03/2020 00:00,       0.086
26/03/2020 00:00,       0.056
27/03/2020 00:00,       0.054
28/03/2020 00:00,       0.095
29/03/2020 00:00,       0.169
30/03/2020 00:00,       0.280
31/03/2020 00:00,       0.337
01/04/2020 00:00,       0.316
02/04/2020 00:00,       0.325
03/04/2020 00:00,       0.386
04/04/2020 00:00,       0.597
05/04/2020 00:00,       0.526
06/04/2020 00:00,       0.372
07/04/2020 00:00,       0.273
08/04/2020 00:00,       0.187
09/04/2020 00:00,       0.110
10/04/2020 00:00,       0.107
11/04/2020 00:00,       0.275
12/04/2020 00:00,       0.259
13/04/2020 00:00,       0.201
14/04/2020 00:00,       0.184
15/04/2020 00:00,       0.226
16/04/2020 00:00,       0.318
17/04/2020 00:00,       0.359
18/04/2020 00:00,       0.363
19/04/2020 00:00,       0.303
20/04/2020 00:00,       0.347
21/04/2020 00:00,       0.385
22/04/2020 00:00,       0.383
23/04/2020 00:00,       0.346
24/04/2020 00:00,       0.355
25/04/2020 00:00,       0.368
26/04/2020 00:00,       0.394
27/04/2020 00:00,       0.381
28/04/2020 00:00,       0.355
29/04/2020 00:00,       0.487
30/04/2020 00:00,       0.617
01/05/2020 00:00,       0.667
02/05/2020 00:00,       0.574
03/05/2020 00:00,       0.365
04/05/2020 00:00,       0.223
05/05/2020 00:00,       0.119
06/05/2020 00:00,       0.147
07/05/2020 00:00,       0.387
08/05/2020 00:00,       0.543
09/05/2020 00:00,       0.651
10/05/2020 00:00,       0.582
11/05/2020 00:00,       0.413
12/05/2020 00:00,       0.364
13/05/2020 00:00,       0.371
14/05/2020 00:00,       0.290
15/05/2020 00:00,       0.212
16/05/2020 00:00,       0.164
17/05/2020 00:00,       0.210
18/05/2020 00:00,       0.209
19/05/2020 00:00,       0.295
20/05/2020 00:00,       0.493
21/05/2020 00:00,       0.554
22/05/2020 00:00,       0.462
23/05/2020 00:00,       0.444
24/05/2020 00:00,       0.356
25/05/2020 00:00,       0.232
26/05/2020 00:00,       0.144
27/05/2020 00:00,       0.322
28/05/2020 00:00,       0.375
29/05/2020 00:00,       0.357
30/05/2020 00:00,       0.392
31/05/2020 00:00,       0.571
01/06/2020 00:00,       0.762
02/06/2020 00:00,       0.548
03/06/2020 00:00,       0.466
04/06/2020 00:00,       0.344
05/06/2020 00:00,       0.278
06/06/2020 00:00,       0.271
07/06/2020 00:00,       0.271
08/06/2020 00:00,       0.206
09/06/2020 00:00,       0.173
10/06/2020 00:00,       0.212
11/06/2020 00:00,       0.253
12/06/2020 00:00,       0.234
13/06/2020 00:00,       0.315
14/06/2020 00:00,       0.493
15/06/2020 00:00,       0.551
16/06/2020 00:00,       0.524
17/06/2020 00:00,       0.430
18/06/2020 00:00,       0.299
19/06/2020 00:00,       0.282
20/06/2020 00:00,       0.412
21/06/2020 00:00,       0.559
22/06/2020 00:00,       0.501
23/06/2020 00:00,       0.398
24/06/2020 00:00,       0.295
25/06/2020 00:00,       0.256
26/06/2020 00:00,       0.291
27/06/2020 00:00,       0.240
28/06/2020 00:00,       0.200
29/06/2020 00:00,       0.153
30/06/2020 00:00,       0.240
01/07/2020 00:00,       0.405
02/07/2020 00:00,       0.558
03/07/2020 00:00,       0.533
04/07/2020 00:00,       0.439
05/07/2020 00:00,       0.363
06/07/2020 00:00,       0.255
07/07/2020 00:00,       0.192
08/07/2020 00:00,       0.172
09/07/2020 00:00,       0.190
10/07/2020 00:00,       0.300
11/07/2020 00:00,       0.395
12/07/2020 00:00,       0.391
13/07/2020 00:00,       0.230
14/07/2020 00:00,       0.160
15/07/2020 00:00,       0.154
16/07/2020 00:00,       0.268
17/07/2020 00:00,       0.274
18/07/2020 00:00,       0.370
19/07/2020 00:00,       0.555
20/07/2020 00:00,       0.511
21/07/2020 00:00,       0.421
22/07/2020 00:00,       0.341
23/07/2020 00:00,       0.294
24/07/2020 00:00,       0.274
25/07/2020 00:00,       0.361
26/07/2020 00:00,       0.339
27/07/2020 00:00,       0.346
28/07/2020 00:00,       0.275
29/07/2020 00:00,       0.276
30/07/2020 00:00,       0.298
31/07/2020 00:00,       0.285
01/08/2020 00:00,       0.307
02/08/2020 00:00,       0.350
03/08/2020 00:00,       0.372
04/08/2020 00:00,       0.367
05/08/2020 00:00,       0.231
06/08/2020 00:00,       0.131
07/08/2020 00:00,       0.154
08/08/2020 00:00,       0.147
09/08/2020 00:00,       0.088
10/08/2020 00:00,       0.059
11/08/2020 00:00,       0.043
12/08/2020 00:00,       0.198
13/08/2020 00:00,       0.357
14/08/2020 00:00,       0.353
15/08/2020 00:00,       0.335
16/08/2020 00:00,       0.275
17/08/2020 00:00,       0.190
18/08/2020 00:00,       0.339
19/08/2020 00:00,       0.625
20/08/2020 00:00,       0.571
21/08/2020 00:00,       0.535
22/08/2020 00:00,       0.614
23/08/2020 00:00,       0.975
24/08/2020 00:00,       0.582
25/08/2020 00:00,       0.294
26/08/2020 00:00,       0.282
27/08/2020 00:00,       0.308
28/08/2020 00:00,       0.300
29/08/2020 00:00,       0.271
30/08/2020 00:00,       0.376
31/08/2020 00:00,       0.387
01/09/2020 00:00,       0.259
02/09/2020 00:00,       0.294
03/09/2020 00:00,       0.452
04/09/2020 00:00,       0.443
05/09/2020 00:00,       0.437
06/09/2020 00:00,       0.331
07/09/2020 00:00,       0.248
08/09/2020 00:00,       0.351
09/09/2020 00:00,       0.295
10/09/2020 00:00,       0.124
11/09/2020 00:00,       0.123
12/09/2020 00:00,       0.184
13/09/2020 00:00,       0.204
14/09/2020 00:00,       0.228
15/09/2020 00:00,       0.227
16/09/2020 00:00,       0.231
17/09/2020 00:00,       0.186
18/09/2020 00:00,       0.069
19/09/2020 00:00,       0.103
20/09/2020 00:00,       0.209
21/09/2020 00:00,       0.377
22/09/2020 00:00,       0.620
23/09/2020 00:00,       0.539
24/09/2020 00:00,       0.442
25/09/2020 00:00,       0.574
26/09/2020 00:00,       0.425
27/09/2020 00:00,       0.230
28/09/2020 00:00,       0.059
29/09/2020 00:00,       0.103
30/09/2020 00:00,       0.233
01/10/2020 00:00,       0.254
02/10/2020 00:00,       0.273
03/10/2020 00:00,       0.311
04/10/2020 00:00,       0.390
05/10/2020 00:00,       0.348
06/10/2020 00:00,       0.272
07/10/2020 00:00,       0.181
08/10/2020 00:00,       0.320
09/10/2020 00:00,       0.244
10/10/2020 00:00,       0.221
11/10/2020 00:00,       0.144
12/10/2020 00:00,       0.166
13/10/2020 00:00,       0.223
14/10/2020 00:00,       0.170
15/10/2020 00:00,       0.238
16/10/2020 00:00,       0.163
17/10/2020 00:00,       0.258
18/10/2020 00:00,       0.194
19/10/2020 00:00,       0.168
20/10/2020 00:00,       0.150
21/10/2020 00:00,       0.163
22/10/2020 00:00,       0.151
23/10/2020 00:00,       0.230
24/10/2020 00:00,       0.272
25/10/2020 00:00,       0.196
26/10/2020 00:00,       0.088
27/10/2020 00:00,       0.039
28/10/2020 00:00,       0.041
29/10/2020 00:00,       0.079
30/10/2020 00:00,       0.300
31/10/2020 00:00,       0.202
01/11/2020 00:00,       0.100
02/11/2020 00:00,       0.066
03/11/2020 00:00,       0.086
04/11/2020 00:00,       0.283
05/11/2020 00:00,       0.296
06/11/2020 00:00,       0.228
07/11/2020 00:00,       0.191
08/11/2020 00:00,       0.084
09/11/2020 00:00,       0.080
10/11/2020 00:00,       0.111
11/11/2020 00:00,       0.260
12/11/2020 00:00,       0.522
13/11/2020 00:00,       0.476
14/11/2020 00:00,       0.387
15/11/2020 00:00,       0.320
16/11/2020 00:00,       0.420
17/11/2020 00:00,       0.357
18/11/2020 00:00,       0.263
19/11/2020 00:00,       0.331
20/11/2020 00:00,       0.368
21/11/2020 00:00,       0.211
22/11/2020 00:00,       0.223
23/11/2020 00:00,       0.328
24/11/2020 00:00,       0.207
25/11/2020 00:00,       0.195
26/11/2020 00:00,       0.209
27/11/2020 00:00,       0.235
28/11/2020 00:00,       0.253
29/11/2020 00:00,       0.298
30/11/2020 00:00,       0.224
01/12/2020 00:00,       0.353
02/12/2020 00:00,       0.425
03/12/2020 00:00,       0.326
04/12/2020 00:00,       0.242
05/12/2020 00:00,       0.336
06/12/2020 00:00,       0.559
07/12/2020 00:00,       0.608
08/12/2020 00:00,       0.407
09/12/2020 00:00,       0.236
10/12/2020 00:00,       0.144
11/12/2020 00:00,       0.044
12/12/2020 00:00,       0.041
13/12/2020 00:00,       0.072
14/12/2020 00:00,       0.115
15/12/2020 00:00,       0.243
16/12/2020 00:00,       0.257
17/12/2020 00:00,       0.308
18/12/2020 00:00,       0.295
19/12/2020 00:00,       0.238
20/12/2020 00:00,       0.194
21/12/2020 00:00,       0.217
22/12/2020 00:00,       0.243
23/12/2020 00:00,       0.165
24/12/2020 00:00,       0.104
25/12/2020 00:00,       0.070
26/12/2020 00:00,       0.065
27/12/2020 00:00,       0.140
28/12/2020 00:00,       0.158
29/12/2020 00:00,       0.156
30/12/2020 00:00,       0.162
31/12/2020 00:00,       0.151
01/01/2021 00:00,       0.098
02/01/2021 00:00,       0.105
03/01/2021 00:00,       0.118
04/01/2021 00:00,       0.184
05/01/2021 00:00,       0.120
06/01/2021 00:00,       0.094
07/01/2021 00:00,       0.089
08/01/2021 00:00,       0.055
09/01/2021 00:00,       0.073
10/01/2021 00:00,       0.094
11/01/2021 00:00,       0.158
12/01/2021 00:00,       0.236
13/01/2021 00:00,       0.231
14/01/2021 00:00,       0.241
15/01/2021 00:00,       0.335
16/01/2021 00:00,       0.265
17/01/2021 00:00,       0.191
18/01/2021 00:00,       0.157
19/01/2021 00:00,       0.122
20/01/2021 00:00,       0.070
21/01/2021 00:00,       0.078
22/01/2021 00:00,       0.128
23/01/2021 00:00,       0.201
24/01/2021 00:00,       0.241
25/01/2021 00:00,       0.334
26/01/2021 00:00,       0.347
27/01/2021 00:00,       0.272
28/01/2021 00:00,       0.186
29/01/2021 00:00,""
30/01/2021 00:00,""
31/01/2021 00:00,""
01/02/2021 00:00,""
02/02/2021 00:00,""
03/02/2021 00:00,""
04/02/2021 00:00,""
05/02/2021 00:00,""
06/02/2021 00:00,""
07/02/2021 00:00,""
08/02/2021 00:00,""
09/02/2021 00:00,""
10/02/2021 00:00,""
11/02/2021 00:00,""
12/02/2021 00:00,""
13/02/2021 00:00,""
14/02/2021 00:00,""
15/02/2021 00:00,""
16/02/2021 00:00,""
17/02/2021 00:00,""
18/02/2021 00:00,""
19/02/2021 00:00,""
20/02/2021 00:00,""
21/02/2021 00:00,""
22/02/2021 00:00,""
23/02/2021 00:00,""
24/02/2021 00:00,""
25/02/2021 00:00,""
26/02/2021 00:00,""
27/02/2021 00:00,""
28/02/2021 00:00,""
01/03/2021 00:00,""
02/03/2021 00:00,""
03/03/2021 00:00,""
04/03/2021 00:00,""
05/03/2021 00:00,""
06/03/2021 00:00,""
07/03/2021 00:00,""
08/03/2021 00:00,""
