ISOTIME,FLOW,SAL,TEMP,TRACE_1,TRACE_2,TRACE_3,TRACE_4,TRACE_5,SS1,RET,OXY,RSI,AMM,NIT,FRP,FRP_ADS,DOC,POC,DON,PON,DOP,POP,GRN,MAG_ULVA,IN,IP,TOT_TN,TOT_TP,TOT_TOC
01/07/2015 00:00:00,0.2408,0.6889,11.5985,0.0000,0.0000,0.0000,0.0000,0.0000,22.5252,0.0000,296.2671,44.4840,0.3571,1.1428,0.4194,0.0419,946.5934,682.8557,54.7692,54.7695,1.9359,2.4199,144.7330,0.0000,0.0000,0.0000,132.4311,3.8742,1633.6596
02/07/2015 00:00:00,0.2370,0.6851,11.5617,0.0000,0.0000,0.0000,0.0000,0.0000,22.3965,0.0000,296.6110,43.2786,0.3571,1.1175,0.4089,0.0409,944.0152,680.4567,55.3102,55.3100,1.9309,2.4136,144.5534,0.0000,0.0000,0.0000,131.7997,3.8574,1628.2728
03/07/2015 00:00:00,0.2406,0.6853,11.2394,0.0000,0.0000,0.0000,0.0000,0.0000,22.2679,0.0000,296.9549,42.0733,0.3571,1.0922,0.3985,0.0399,941.4369,678.0577,55.8514,55.8512,1.9259,2.4074,144.3739,0.0000,0.0000,0.0000,131.1683,3.8407,1622.8861
04/07/2015 00:00:00,0.2398,0.6845,11.3105,0.0000,0.0000,0.0000,0.0000,0.0000,22.1393,0.0000,297.2987,40.8679,0.3571,1.0668,0.3881,0.0388,938.8586,675.6586,56.3927,56.3924,1.9209,2.4012,144.1943,0.0000,0.0000,0.0000,130.5369,3.8239,1617.4994
05/07/2015 00:00:00,0.2343,0.6810,11.5324,0.0000,0.0000,0.0000,0.0000,0.0000,22.0107,0.0000,297.6426,39.6625,0.3571,1.0415,0.3777,0.0378,936.2803,673.2596,56.9339,56.9337,1.9159,2.3949,144.0148,0.0000,0.0000,0.0000,129.9054,3.8072,1612.1126
06/07/2015 00:00:00,0.2250,0.6760,11.7932,0.0000,0.0000,0.0000,0.0000,0.0000,21.8821,0.0000,297.9864,38.4572,0.3571,1.0161,0.3673,0.0367,933.7021,670.8606,57.4752,57.4749,1.9109,2.3887,143.8352,0.0000,0.0000,0.0000,129.2740,3.7904,1606.7259
07/07/2015 00:00:00,0.2313,0.6686,12.0385,0.0000,0.0000,0.0000,0.0000,0.0000,21.7535,0.0000,298.3303,37.2518,0.3571,0.9908,0.3569,0.0357,931.1238,668.4615,58.0164,58.0161,1.9059,2.3824,143.6557,0.0000,0.0000,0.0000,128.6426,3.7737,1601.3392
08/07/2015 00:00:00,0.2383,0.6682,12.0180,0.0000,0.0000,0.0000,0.0000,0.0000,21.6249,0.0000,298.6742,36.0464,0.3571,0.9655,0.3465,0.0347,928.5455,666.0625,58.5576,58.5574,1.9009,2.3762,143.4761,0.0000,0.0000,0.0000,128.0112,3.7569,1595.9524
09/07/2015 00:00:00,10.4942,0.6466,12.1801,0.0000,0.0000,0.0000,0.0000,0.0000,21.4963,0.0000,299.0180,34.8411,0.3571,0.9401,0.3361,0.0336,925.9672,663.6635,59.0989,59.0986,1.8960,2.3699,143.2965,0.0000,0.0000,0.0000,127.3798,3.7402,1590.5657
10/07/2015 00:00:00,18.7902,0.5138,12.3141,0.0000,0.0000,0.0000,0.0000,0.0000,21.3677,0.0000,299.3619,33.6357,0.3571,0.9148,0.3257,0.0326,923.3890,661.2644,59.6401,59.6399,1.8910,2.3637,143.1170,0.0000,0.0000,0.0000,126.7484,3.7234,1585.1790
11/07/2015 00:00:00,0.0950,0.6546,11.1971,0.0000,0.0000,0.0000,0.0000,0.0000,21.2390,0.0000,299.7058,32.4303,0.3571,0.8894,0.3153,0.0315,920.8107,658.8654,60.1813,60.1811,1.8860,2.3575,142.9374,0.0000,0.0000,0.0000,126.1170,3.7066,1579.7922
12/07/2015 00:00:00,0.0135,0.9545,9.6806,0.0000,0.0000,0.0000,0.0000,0.0000,21.1104,0.0000,300.0496,31.2250,0.3571,0.8641,0.3049,0.0305,918.2324,656.4664,60.7226,60.7223,1.8810,2.3512,142.7579,0.0000,0.0000,0.0000,125.4855,3.6899,1574.4055
13/07/2015 00:00:00,0.1788,1.0644,10.2927,0.0000,0.0000,0.0000,0.0000,0.0000,20.9818,0.0000,300.3935,30.0196,0.3571,0.8387,0.2945,0.0294,915.6541,654.0674,61.2638,61.2636,1.8760,2.3450,142.5783,0.0000,0.0000,0.0000,124.8541,3.6731,1569.0188
14/07/2015 00:00:00,0.1556,1.0901,10.6627,0.0000,0.0000,0.0000,0.0000,0.0000,20.8532,0.0000,300.7374,28.8142,0.3571,0.8134,0.2841,0.0284,913.0759,651.6683,61.8050,61.8048,1.8710,2.3387,142.3988,0.0000,0.0000,0.0000,124.2227,3.6564,1563.6320
15/07/2015 00:00:00,0.2026,1.0239,9.9733,0.0000,0.0000,0.0000,0.0000,0.0000,20.7246,0.0000,301.0812,27.6089,0.3571,0.7880,0.2737,0.0274,910.4976,649.2693,62.3463,62.3460,1.8660,2.3325,142.2192,0.0000,0.0000,0.0000,123.5913,3.6396,1558.2453
16/07/2015 00:00:00,21.1355,0.7733,10.0584,0.0000,0.0000,0.0000,0.0000,0.0000,20.5960,0.0000,301.4251,26.4035,0.3571,0.7627,0.2633,0.0263,907.9193,646.8703,62.8875,62.8873,1.8610,2.3262,142.0396,0.0000,0.0000,0.0000,122.9599,3.6229,1552.8586
17/07/2015 00:00:00,54.1292,0.6085,10.1262,0.0000,0.0000,0.0000,0.0000,0.0000,20.4674,0.0000,301.7690,25.1981,0.3571,0.7373,0.2529,0.0253,905.3411,644.4712,63.4287,63.4285,1.8560,2.3200,141.8601,0.0000,0.0000,0.0000,122.3285,3.6061,1547.4718
18/07/2015 00:00:00,24.9416,0.5885,10.4959,0.0000,0.0000,0.0000,0.0000,0.0000,20.3388,0.0000,302.1128,23.9928,0.3571,0.7120,0.2425,0.0242,902.7628,642.0722,63.9700,63.9698,1.8510,2.3138,141.6805,0.0000,0.0000,0.0000,121.6971,3.5894,1542.0851
19/07/2015 00:00:00,0.2452,0.5810,10.4759,0.0000,0.0000,0.0000,0.0000,0.0000,20.2102,0.0000,302.4567,22.7874,0.3571,0.6866,0.2321,0.0232,900.1845,639.6732,64.5112,64.5110,1.8460,2.3075,141.5010,0.0000,0.0000,0.0000,121.0657,3.5726,1536.6984
20/07/2015 00:00:00,0.2470,0.5654,9.9707,0.0000,0.0000,0.0000,0.0000,0.0000,20.0815,0.0000,302.8005,21.5820,0.3571,0.6613,0.2216,0.0222,897.6062,637.2741,65.0524,65.0522,1.8410,2.3013,141.3214,0.0000,0.0000,0.0000,120.4342,3.5559,1531.3116
21/07/2015 00:00:00,0.2436,0.5619,9.1275,0.0000,0.0000,0.0000,0.0000,0.0000,19.9529,0.0000,303.1444,20.3767,0.3571,0.6360,0.2112,0.0211,895.0280,634.8751,65.5937,65.5935,1.8360,2.2950,141.1418,0.0000,0.0000,0.0000,119.8028,3.5391,1525.9249
22/07/2015 00:00:00,0.2283,0.5551,9.4957,0.0000,0.0000,0.0000,0.0000,0.0000,19.8243,0.0000,303.4883,19.1713,0.3571,0.6106,0.2008,0.0201,892.4497,632.4761,66.1349,66.1347,1.8310,2.2888,140.9623,0.0000,0.0000,0.0000,119.1714,3.5224,1520.5382
23/07/2015 00:00:00,10.5652,0.5566,9.9790,0.0000,0.0000,0.0000,0.0000,0.0000,19.6957,0.0000,303.8321,17.9659,0.3571,0.5853,0.1904,0.0190,889.8714,630.0770,66.6761,66.6760,1.8260,2.2825,140.7827,0.0000,0.0000,0.0000,118.5400,3.5056,1515.1514
24/07/2015 00:00:00,19.1143,0.6153,10.6188,0.0000,0.0000,0.0000,0.0000,0.0000,19.5671,0.0000,304.1760,16.7606,0.3571,0.5599,0.1800,0.0180,887.2931,627.6780,67.2174,67.2172,1.8210,2.2763,140.6032,0.0000,0.0000,0.0000,117.9086,3.4889,1509.7647
25/07/2015 00:00:00,0.1848,0.6185,10.8280,0.0000,0.0000,0.0000,0.0000,0.0000,19.4385,0.0000,304.5199,15.5552,0.3571,0.5346,0.1696,0.0170,884.7149,625.2790,67.7586,67.7584,1.8160,2.2701,140.4236,0.0000,0.0000,0.0000,117.2772,3.4721,1504.3780
26/07/2015 00:00:00,0.0553,1.2069,10.3716,0.0000,0.0000,0.0000,0.0000,0.0000,19.3099,0.0000,304.8637,14.3498,0.3571,0.5092,0.1592,0.0159,882.1366,622.8799,68.2999,68.2997,1.8110,2.2638,140.2441,0.0000,0.0000,0.0000,116.6458,3.4554,1498.9912
27/07/2015 00:00:00,0.2238,0.9830,10.0851,0.0000,0.0000,0.0000,0.0000,0.0000,19.1813,0.0000,305.2076,13.1445,0.3571,0.4839,0.1488,0.0149,879.5583,620.4809,68.8411,68.8409,1.8061,2.2576,140.0645,0.0000,0.0000,0.0000,116.0143,3.4386,1493.6045
28/07/2015 00:00:00,11.2369,0.8344,10.0923,0.0000,0.0000,0.0000,0.0000,0.0000,19.0527,0.0000,305.5515,11.9391,0.3571,0.4585,0.1384,0.0138,876.9800,618.0819,69.3823,69.3821,1.8011,2.2513,139.8849,0.0000,0.0000,0.0000,115.3829,3.4219,1488.2178
29/07/2015 00:00:00,34.7277,0.5064,10.0995,0.0000,0.0000,0.0000,0.0000,0.0000,18.9240,0.0000,305.8953,10.7337,0.3571,0.4332,0.1280,0.0128,874.4018,615.6829,69.9236,69.9234,1.7961,2.2451,139.7054,0.0000,0.0000,0.0000,114.7515,3.4051,1482.8310
30/07/2015 00:00:00,28.4992,0.4638,9.9647,0.0000,0.0000,0.0000,0.0000,0.0000,18.7954,0.0000,306.2392,9.5284,0.3571,0.4078,0.1176,0.0118,871.8235,613.2838,70.4648,70.4646,1.7911,2.2388,139.5258,0.0000,0.0000,0.0000,114.1201,3.3883,1477.4443
31/07/2015 00:00:00,20.4592,0.4993,10.2584,0.0000,0.0000,0.0000,0.0000,0.0000,18.6668,0.0000,306.5831,8.3230,0.3571,0.3825,0.1072,0.0107,869.2452,610.8848,71.0060,71.0059,1.7861,2.2326,139.3463,0.0000,0.0000,0.0000,113.4887,3.3716,1472.0576
01/08/2015 00:00:00,0.2326,0.4920,10.5886,0.0000,0.0000,0.0000,0.0000,0.0000,18.5382,0.0000,306.9269,7.1176,0.3571,0.3571,0.0968,0.0097,866.6669,608.4858,71.5473,71.5471,1.7811,2.2263,139.1667,0.0000,0.0000,0.0000,112.8573,3.3548,1466.6708
02/08/2015 00:00:00,0.2250,0.4932,10.5698,0.0000,0.0000,0.0000,0.0000,0.0000,19.8237,0.0000,307.7743,7.5766,0.3594,0.3560,0.0989,0.0099,866.6667,625.7544,71.8895,71.8894,1.7874,2.2343,144.7836,0.0000,0.0000,0.0000,113.3639,3.3954,1484.3950
03/08/2015 00:00:00,0.2178,0.4912,10.8214,0.0000,0.0000,0.0000,0.0000,0.0000,21.1096,0.0000,308.6219,8.0357,0.3618,0.3548,0.1009,0.0101,866.6667,643.0244,72.2317,72.2316,1.7938,2.2422,150.4019,0.0000,0.0000,0.0000,113.8708,3.4360,1502.1371
04/08/2015 00:00:00,0.2332,0.4891,10.8051,0.0000,0.0000,0.0000,0.0000,0.0000,22.3955,0.0000,309.4695,8.4949,0.3641,0.3537,0.1030,0.0103,866.6667,660.2944,72.5739,72.5738,1.8001,2.2502,156.0201,0.0000,0.0000,0.0000,114.3777,3.4766,1519.8792
05/08/2015 00:00:00,0.2222,0.4883,10.8900,0.0000,0.0000,0.0000,0.0000,0.0000,23.6815,0.0000,310.3171,8.9541,0.3664,0.3525,0.1051,0.0105,866.6667,677.5644,72.9160,72.9160,1.8065,2.2581,161.6384,0.0000,0.0000,0.0000,114.8847,3.5172,1537.6212
06/08/2015 00:00:00,20.2289,0.4887,10.8732,0.0000,0.0000,0.0000,0.0000,0.0000,24.9674,0.0000,311.1647,9.4133,0.3687,0.3514,0.1072,0.0107,866.6667,694.8343,73.2582,73.2581,1.8128,2.2661,167.2567,0.0000,0.0000,0.0000,115.3916,3.5577,1555.3633
07/08/2015 00:00:00,60.1154,0.4859,10.9015,0.0000,0.0000,0.0000,0.0000,0.0000,26.2534,0.0000,312.0123,9.8725,0.3710,0.3502,0.1093,0.0109,866.6667,712.1043,73.6004,73.6003,1.8192,2.2740,172.8750,0.0000,0.0000,0.0000,115.8985,3.5983,1573.1054
08/08/2015 00:00:00,57.2666,0.4323,11.0223,0.0000,0.0000,0.0000,0.0000,0.0000,27.5393,0.0000,312.8599,10.3317,0.3733,0.3491,0.1113,0.0111,866.6667,729.3743,73.9425,73.9425,1.8256,2.2819,178.4933,0.0000,0.0000,0.0000,116.4054,3.6389,1590.8475
09/08/2015 00:00:00,59.3014,0.4189,10.9904,0.0000,0.0000,0.0000,0.0000,0.0000,28.8253,0.0000,313.7075,10.7909,0.3756,0.3479,0.1134,0.0113,866.6667,746.6443,74.2847,74.2846,1.8319,2.2899,184.1116,0.0000,0.0000,0.0000,116.9123,3.6795,1608.5896
10/08/2015 00:00:00,18.4326,0.4382,11.4039,0.0000,0.0000,0.0000,0.0000,0.0000,30.1112,0.0000,314.5551,11.2501,0.3779,0.3468,0.1155,0.0116,866.6667,763.9143,74.6269,74.6268,1.8383,2.2978,189.7299,0.0000,0.0000,0.0000,117.4192,3.7201,1626.3317
11/08/2015 00:00:00,0.1962,0.4543,11.0344,0.0000,0.0000,0.0000,0.0000,0.0000,31.3972,0.0000,315.4027,11.7093,0.3802,0.3456,0.1176,0.0118,866.6667,781.1843,74.9690,74.9690,1.8446,2.3058,195.3482,0.0000,0.0000,0.0000,117.9261,3.7607,1644.0738
12/08/2015 00:00:00,0.1140,0.5490,10.6135,0.0000,0.0000,0.0000,0.0000,0.0000,32.6831,0.0000,316.2503,12.1684,0.3825,0.3445,0.1197,0.0120,866.6667,798.4543,75.3112,75.3112,1.8510,2.3137,200.9665,0.0000,0.0000,0.0000,118.4330,3.8012,1661.8159
13/08/2015 00:00:00,0.2197,0.6762,11.1913,0.0000,0.0000,0.0000,0.0000,0.0000,33.9690,0.0000,317.0979,12.6276,0.3848,0.3433,0.1217,0.0122,866.6667,815.7243,75.6534,75.6533,1.8573,2.3217,206.5848,0.0000,0.0000,0.0000,118.9399,3.8418,1679.5580
14/08/2015 00:00:00,0.2321,0.6559,11.8306,0.0000,0.0000,0.0000,0.0000,0.0000,35.2550,0.0000,317.9455,13.0868,0.3871,0.3422,0.1238,0.0124,866.6667,832.9943,75.9955,75.9955,1.8637,2.3296,212.2031,0.0000,0.0000,0.0000,119.4468,3.8824,1697.3000
15/08/2015 00:00:00,0.2379,0.6113,12.1226,0.0000,0.0000,0.0000,0.0000,0.0000,36.5409,0.0000,318.7931,13.5460,0.3894,0.3410,0.1259,0.0126,866.6667,850.2642,76.3377,76.3377,1.8700,2.3375,217.8213,0.0000,0.0000,0.0000,119.9537,3.9230,1715.0421
16/08/2015 00:00:00,0.2413,0.5855,12.1737,0.0000,0.0000,0.0000,0.0000,0.0000,37.8269,0.0000,319.6407,14.0052,0.3917,0.3399,0.1280,0.0128,866.6667,867.5342,76.6799,76.6799,1.8764,2.3455,223.4396,0.0000,0.0000,0.0000,120.4606,3.9636,1732.7842
17/08/2015 00:00:00,0.2367,0.5544,12.5807,0.0000,0.0000,0.0000,0.0000,0.0000,39.1128,0.0000,320.4883,14.4644,0.3940,0.3387,0.1301,0.0130,866.6667,884.8042,77.0220,77.0220,1.8827,2.3534,229.0579,0.0000,0.0000,0.0000,120.9675,4.0041,1750.5263
18/08/2015 00:00:00,0.2432,0.5458,12.7843,0.0000,0.0000,0.0000,0.0000,0.0000,40.3988,0.0000,321.3359,14.9236,0.3963,0.3376,0.1322,0.0132,866.6667,902.0742,77.3642,77.3642,1.8891,2.3614,234.6762,0.0000,0.0000,0.0000,121.4744,4.0447,1768.2684
19/08/2015 00:00:00,0.2516,0.5365,11.7608,0.0000,0.0000,0.0000,0.0000,0.0000,41.6847,0.0000,322.1835,15.3828,0.3986,0.3364,0.1342,0.0134,866.6667,919.3442,77.7064,77.7064,1.8955,2.3693,240.2945,0.0000,0.0000,0.0000,121.9813,4.0853,1786.0105
20/08/2015 00:00:00,0.2518,0.5181,11.6026,0.0000,0.0000,0.0000,0.0000,0.0000,42.9706,0.0000,323.0311,15.8420,0.4009,0.3353,0.1363,0.0136,866.6667,936.6142,78.0485,78.0485,1.9018,2.3773,245.9128,0.0000,0.0000,0.0000,122.4882,4.1259,1803.7526
21/08/2015 00:00:00,0.2415,0.5085,12.8104,0.0000,0.0000,0.0000,0.0000,0.0000,44.2566,0.0000,323.8787,16.3012,0.4032,0.3341,0.1384,0.0138,866.6667,953.8842,78.3907,78.3907,1.9082,2.3852,251.5311,0.0000,0.0000,0.0000,122.9951,4.1665,1821.4947
22/08/2015 00:00:00,0.2364,0.5061,13.4881,0.0000,0.0000,0.0000,0.0000,0.0000,45.5425,0.0000,324.7263,16.7603,0.4055,0.3330,0.1405,0.0140,866.6667,971.1542,78.7329,78.7329,1.9145,2.3931,257.1494,0.0000,0.0000,0.0000,123.5020,4.2071,1839.2368
23/08/2015 00:00:00,0.2394,0.5046,13.4083,0.0000,0.0000,0.0000,0.0000,0.0000,46.8285,0.0000,325.5739,17.2195,0.4078,0.3318,0.1426,0.0143,866.6667,988.4241,79.0750,79.0751,1.9209,2.4011,262.7677,0.0000,0.0000,0.0000,124.0089,4.2476,1856.9789
24/08/2015 00:00:00,0.2424,0.5034,12.0567,0.0000,0.0000,0.0000,0.0000,0.0000,48.1144,0.0000,326.4215,17.6787,0.4101,0.3306,0.1446,0.0145,866.6667,1005.6941,79.4172,79.4172,1.9272,2.4090,268.3860,0.0000,0.0000,0.0000,124.5159,4.2882,1874.7209
25/08/2015 00:00:00,0.2494,0.5024,11.2451,0.0000,0.0000,0.0000,0.0000,0.0000,49.4004,0.0000,327.2691,18.1379,0.4124,0.3295,0.1467,0.0147,866.6667,1022.9641,79.7594,79.7594,1.9336,2.4170,274.0043,0.0000,0.0000,0.0000,125.0228,4.3288,1892.4630
26/08/2015 00:00:00,0.2507,0.5018,11.5762,0.0000,0.0000,0.0000,0.0000,0.0000,50.6863,0.0000,328.1167,18.5971,0.4147,0.3283,0.1488,0.0149,866.6667,1040.2341,80.1015,80.1016,1.9399,2.4249,279.6225,0.0000,0.0000,0.0000,125.5297,4.3694,1910.2051
27/08/2015 00:00:00,11.8849,0.4891,11.9788,0.0000,0.0000,0.0000,0.0000,0.0000,51.9723,0.0000,328.9643,19.0563,0.4171,0.3272,0.1509,0.0151,866.6667,1057.5041,80.4437,80.4438,1.9463,2.4329,285.2408,0.0000,0.0000,0.0000,126.0366,4.4100,1927.9472
28/08/2015 00:00:00,25.1537,0.4788,12.3716,0.0000,0.0000,0.0000,0.0000,0.0000,53.2582,0.0000,329.8119,19.5155,0.4194,0.3260,0.1530,0.0153,866.6667,1074.7741,80.7859,80.7859,1.9526,2.4408,290.8591,0.0000,0.0000,0.0000,126.5435,4.4505,1945.6893
29/08/2015 00:00:00,0.2525,0.4810,12.3783,0.0000,0.0000,0.0000,0.0000,0.0000,54.5441,0.0000,330.6595,19.9747,0.4217,0.3249,0.1550,0.0155,866.6667,1092.0441,81.1280,81.1281,1.9590,2.4487,296.4774,0.0000,0.0000,0.0000,127.0504,4.4911,1963.4314
30/08/2015 00:00:00,0.2546,0.4825,12.0740,0.0000,0.0000,0.0000,0.0000,0.0000,55.8301,0.0000,331.5071,20.4339,0.4240,0.3237,0.1571,0.0157,866.6667,1109.3141,81.4702,81.4703,1.9654,2.4567,302.0957,0.0000,0.0000,0.0000,127.5573,4.5317,1981.1735
31/08/2015 00:00:00,0.2542,0.4816,12.3547,0.0000,0.0000,0.0000,0.0000,0.0000,57.1160,0.0000,332.3547,20.8930,0.4263,0.3226,0.1592,0.0159,866.6667,1126.5840,81.8124,81.8124,1.9717,2.4646,307.7140,0.0000,0.0000,0.0000,128.0642,4.5723,1998.9156
01/09/2015 00:00:00,0.2506,0.4823,12.4797,0.0000,0.0000,0.0000,0.0000,0.0000,58.4020,0.0000,333.2023,21.3522,0.4286,0.3214,0.1613,0.0161,866.6667,1143.8540,82.1545,82.1546,1.9781,2.4726,313.3323,0.0000,0.0000,0.0000,128.5711,4.6129,2016.6577
02/09/2015 00:00:00,0.2449,0.4797,12.8264,0.0000,0.0000,0.0000,0.0000,0.0000,58.2668,0.0000,331.2879,21.3998,0.4262,0.3279,0.1639,0.0164,868.0542,1136.8313,82.0695,82.0695,1.9912,2.4889,308.7925,0.0000,0.0000,0.0000,128.5595,4.6263,2010.8363
03/09/2015 00:00:00,0.2309,0.4767,12.9102,0.0000,0.0000,0.0000,0.0000,0.0000,58.1307,0.0000,329.3710,21.4472,0.4238,0.3343,0.1664,0.0166,869.4431,1129.7864,81.9844,81.9844,2.0042,2.5053,304.2509,0.0000,0.0000,0.0000,128.5476,4.6398,2005.0031
04/09/2015 00:00:00,0.2461,0.4785,12.9004,0.0000,0.0000,0.0000,0.0000,0.0000,57.9947,0.0000,327.4540,21.4947,0.4214,0.3407,0.1690,0.0169,870.8321,1122.7416,81.8992,81.8992,2.0173,2.5217,299.7093,0.0000,0.0000,0.0000,128.5357,4.6532,1999.1698
05/09/2015 00:00:00,0.2499,0.4801,13.0420,0.0000,0.0000,0.0000,0.0000,0.0000,57.8586,0.0000,325.5370,21.5421,0.4190,0.3471,0.1716,0.0172,872.2210,1115.6968,81.8140,81.8140,2.0304,2.5380,295.1676,0.0000,0.0000,0.0000,128.5238,4.6667,1993.3365
06/09/2015 00:00:00,0.2389,0.4807,13.3277,0.0000,0.0000,0.0000,0.0000,0.0000,57.7226,0.0000,323.6200,21.5896,0.4167,0.3536,0.1742,0.0174,873.6099,1108.6520,81.7288,81.7288,2.0435,2.5544,290.6260,0.0000,0.0000,0.0000,128.5119,4.6801,1987.5033
07/09/2015 00:00:00,0.2325,0.4829,12.5414,0.0000,0.0000,0.0000,0.0000,0.0000,57.5865,0.0000,321.7031,21.6370,0.4143,0.3600,0.1768,0.0177,874.9988,1101.6071,81.6437,81.6437,2.0566,2.5708,286.0844,0.0000,0.0000,0.0000,128.5000,4.6935,1981.6700
08/09/2015 00:00:00,0.2356,0.4834,13.4290,0.0000,0.0000,0.0000,0.0000,0.0000,57.4505,0.0000,319.7861,21.6844,0.4119,0.3664,0.1794,0.0179,876.3877,1094.5623,81.5585,81.5585,2.0697,2.5871,281.5427,0.0000,0.0000,0.0000,128.4881,4.7070,1975.8367
09/09/2015 00:00:00,0.2453,0.4850,14.0888,0.0000,0.0000,0.0000,0.0000,0.0000,57.3144,0.0000,317.8691,21.7319,0.4095,0.3729,0.1819,0.0182,877.7766,1087.5175,81.4733,81.4733,2.0828,2.6035,277.0011,0.0000,0.0000,0.0000,128.4762,4.7204,1970.0035
10/09/2015 00:00:00,0.2527,0.4874,14.4991,0.0000,0.0000,0.0000,0.0000,0.0000,57.1784,0.0000,315.9522,21.7793,0.4071,0.3793,0.1845,0.0185,879.1655,1080.4727,81.3882,81.3882,2.0959,2.6198,272.4594,0.0000,0.0000,0.0000,128.4643,4.7339,1964.1702
11/09/2015 00:00:00,0.2546,0.4874,15.1697,0.0000,0.0000,0.0000,0.0000,0.0000,57.0423,0.0000,314.0352,21.8268,0.4048,0.3857,0.1871,0.0187,880.5544,1073.4278,81.3030,81.3030,2.1090,2.6362,267.9178,0.0000,0.0000,0.0000,128.4524,4.7473,1958.3369
12/09/2015 00:00:00,0.2514,0.4895,16.1346,0.0000,0.0000,0.0000,0.0000,0.0000,56.9063,0.0000,312.1182,21.8742,0.4024,0.3921,0.1897,0.0190,881.9433,1066.3830,81.2178,81.2178,2.1221,2.6526,263.3762,0.0000,0.0000,0.0000,128.4405,4.7607,1952.5037
13/09/2015 00:00:00,0.2516,0.4907,16.7476,0.0000,0.0000,0.0000,0.0000,0.0000,56.7703,0.0000,310.2013,21.9217,0.4000,0.3986,0.1923,0.0192,883.3323,1059.3382,81.1326,81.1326,2.1351,2.6689,258.8345,0.0000,0.0000,0.0000,128.4286,4.7742,1946.6704
14/09/2015 00:00:00,0.2427,0.4924,16.7676,0.0000,0.0000,0.0000,0.0000,0.0000,56.6342,0.0000,308.2843,21.9691,0.3976,0.4050,0.1948,0.0195,884.7212,1052.2933,81.0475,81.0475,2.1482,2.6853,254.2929,0.0000,0.0000,0.0000,128.4167,4.7876,1940.8371
15/09/2015 00:00:00,0.2373,0.4945,15.7610,0.0000,0.0000,0.0000,0.0000,0.0000,56.4982,0.0000,306.3673,22.0166,0.3952,0.4114,0.1974,0.0197,886.1101,1045.2485,80.9623,80.9623,2.1613,2.7017,249.7512,0.0000,0.0000,0.0000,128.4048,4.8011,1935.0039
16/09/2015 00:00:00,0.2424,0.4966,15.0799,0.0000,0.0000,0.0000,0.0000,0.0000,56.3621,0.0000,304.4504,22.0640,0.3929,0.4179,0.2000,0.0200,887.4990,1038.2037,80.8771,80.8771,2.1744,2.7180,245.2096,0.0000,0.0000,0.0000,128.3929,4.8145,1929.1706
17/09/2015 00:00:00,0.2388,0.4967,15.1347,0.0000,0.0000,0.0000,0.0000,0.0000,56.2261,0.0000,302.5334,22.1115,0.3905,0.4243,0.2026,0.0203,888.8879,1031.1589,80.7920,80.7920,2.1875,2.7344,240.6680,0.0000,0.0000,0.0000,128.3810,4.8280,1923.3373
18/09/2015 00:00:00,0.2473,0.4977,15.0717,0.0000,0.0000,0.0000,0.0000,0.0000,56.0900,0.0000,300.6164,22.1589,0.3881,0.4307,0.2052,0.0205,890.2768,1024.1140,80.7068,80.7068,2.2006,2.7507,236.1263,0.0000,0.0000,0.0000,128.3691,4.8414,1917.5041
19/09/2015 00:00:00,0.2501,0.4983,14.9479,0.0000,0.0000,0.0000,0.0000,0.0000,55.9540,0.0000,298.6995,22.2064,0.3857,0.4371,0.2077,0.0208,891.6657,1017.0692,80.6216,80.6216,2.2137,2.7671,231.5847,0.0000,0.0000,0.0000,128.3572,4.8548,1911.6708
20/09/2015 00:00:00,0.2496,0.4991,15.6530,0.0000,0.0000,0.0000,0.0000,0.0000,55.8179,0.0000,296.7825,22.2538,0.3833,0.4436,0.2103,0.0210,893.0546,1010.0244,80.5364,80.5364,2.2268,2.7835,227.0431,0.0000,0.0000,0.0000,128.3452,4.8683,1905.8375
21/09/2015 00:00:00,0.2298,0.4996,14.9591,0.0000,0.0000,0.0000,0.0000,0.0000,55.6819,0.0000,294.8655,22.3013,0.3810,0.4500,0.2129,0.0213,894.4435,1002.9795,80.4513,80.4513,2.2399,2.7998,222.5014,0.0000,0.0000,0.0000,128.3333,4.8817,1900.0042
22/09/2015 00:00:00,0.2411,0.5030,13.9100,0.0000,0.0000,0.0000,0.0000,0.0000,55.5458,0.0000,292.9486,22.3487,0.3786,0.4564,0.2155,0.0215,895.8325,995.9347,80.3661,80.3661,2.2530,2.8162,217.9598,0.0000,0.0000,0.0000,128.3214,4.8952,1894.1710
23/09/2015 00:00:00,0.2504,0.5048,13.4184,0.0000,0.0000,0.0000,0.0000,0.0000,55.4098,0.0000,291.0316,22.3962,0.3762,0.4629,0.2181,0.0218,897.2214,988.8899,80.2809,80.2809,2.2660,2.8326,213.4181,0.0000,0.0000,0.0000,128.3095,4.9086,1888.3377
24/09/2015 00:00:00,0.2537,0.5053,13.2595,0.0000,0.0000,0.0000,0.0000,0.0000,55.2737,0.0000,289.1146,22.4436,0.3738,0.4693,0.2206,0.0221,898.6103,981.8451,80.1957,80.1958,2.2791,2.8489,208.8765,0.0000,0.0000,0.0000,128.2976,4.9220,1882.5044
25/09/2015 00:00:00,0.2568,0.5059,13.6972,0.0000,0.0000,0.0000,0.0000,0.0000,55.1377,0.0000,287.1977,22.4911,0.3714,0.4757,0.2232,0.0223,899.9992,974.8002,80.1106,80.1106,2.2922,2.8653,204.3349,0.0000,0.0000,0.0000,128.2857,4.9355,1876.6712
26/09/2015 00:00:00,0.2571,0.5039,14.6882,0.0000,0.0000,0.0000,0.0000,0.0000,55.0016,0.0000,285.2807,22.5385,0.3690,0.4821,0.2258,0.0226,901.3881,967.7554,80.0254,80.0254,2.3053,2.8816,199.7932,0.0000,0.0000,0.0000,128.2738,4.9489,1870.8379
27/09/2015 00:00:00,0.2547,0.5033,15.5608,0.0000,0.0000,0.0000,0.0000,0.0000,54.8656,0.0000,283.3637,22.5860,0.3667,0.4886,0.2284,0.0228,902.7770,960.7106,79.9402,79.9402,2.3184,2.8980,195.2516,0.0000,0.0000,0.0000,128.2619,4.9624,1865.0046
28/09/2015 00:00:00,0.2491,0.5034,16.2379,0.0000,0.0000,0.0000,0.0000,0.0000,54.7295,0.0000,281.4468,22.6334,0.3643,0.4950,0.2310,0.0231,904.1659,953.6658,79.8551,79.8551,2.3315,2.9144,190.7099,0.0000,0.0000,0.0000,128.2500,4.9758,1859.1714
29/09/2015 00:00:00,0.2489,0.5034,15.6224,0.0000,0.0000,0.0000,0.0000,0.0000,54.5935,0.0000,279.5298,22.6809,0.3619,0.5014,0.2335,0.0234,905.5548,946.6209,79.7699,79.7699,2.3446,2.9307,186.1683,0.0000,0.0000,0.0000,128.2381,4.9892,1853.3381
30/09/2015 00:00:00,0.2522,0.5037,16.0939,0.0000,0.0000,0.0000,0.0000,0.0000,54.4574,0.0000,277.6128,22.7283,0.3595,0.5079,0.2361,0.0236,906.9437,939.5761,79.6847,79.6847,2.3577,2.9471,181.6267,0.0000,0.0000,0.0000,128.2262,5.0027,1847.5048
01/10/2015 00:00:00,0.2533,0.5035,16.9261,0.0000,0.0000,0.0000,0.0000,0.0000,54.3214,0.0000,275.6959,22.7758,0.3571,0.5143,0.2387,0.0239,908.3327,932.5313,79.5995,79.5996,2.3708,2.9635,177.0850,0.0000,0.0000,0.0000,128.2143,5.0161,1841.6716
02/10/2015 00:00:00,0.2534,0.5036,17.9580,0.0000,0.0000,0.0000,0.0000,0.0000,53.7305,0.0000,277.8529,22.9212,0.3571,0.5115,0.2379,0.0238,911.8263,941.3795,79.4035,79.4035,2.3499,2.9374,177.7820,0.0000,0.0000,0.0000,129.4691,5.0156,1854.0219
03/10/2015 00:00:00,0.2510,0.5049,19.0209,0.0000,0.0000,0.0000,0.0000,0.0000,53.1395,0.0000,280.0129,23.0666,0.3571,0.5088,0.2372,0.0237,915.3209,950.2410,79.2074,79.2074,2.3291,2.9114,178.4809,0.0000,0.0000,0.0000,130.7249,5.0151,1866.3876
04/10/2015 00:00:00,0.2462,0.5032,19.1074,0.0000,0.0000,0.0000,0.0000,0.0000,52.5485,0.0000,282.1730,23.2120,0.3571,0.5060,0.2364,0.0236,918.8155,959.1026,79.0112,79.0113,2.3083,2.8853,179.1799,0.0000,0.0000,0.0000,131.9807,5.0146,1878.7533
05/10/2015 00:00:00,0.2494,0.5038,19.3993,0.0000,0.0000,0.0000,0.0000,0.0000,51.9575,0.0000,284.3330,23.3574,0.3571,0.5032,0.2357,0.0236,922.3101,967.9642,78.8151,78.8151,2.2874,2.8593,179.8788,0.0000,0.0000,0.0000,133.2364,5.0140,1891.1190
06/10/2015 00:00:00,0.2316,0.5066,18.2983,0.0000,0.0000,0.0000,0.0000,0.0000,51.3665,0.0000,286.4931,23.5028,0.3571,0.5005,0.2349,0.0235,925.8047,976.8257,78.6190,78.6190,2.2666,2.8332,180.5777,0.0000,0.0000,0.0000,134.4922,5.0135,1903.4847
07/10/2015 00:00:00,0.2437,0.5074,16.3279,0.0000,0.0000,0.0000,0.0000,0.0000,50.7754,0.0000,288.6531,23.6482,0.3571,0.4977,0.2341,0.0234,929.2993,985.6873,78.4229,78.4229,2.2457,2.8072,181.2766,0.0000,0.0000,0.0000,135.7480,5.0130,1915.8504
08/10/2015 00:00:00,0.2543,0.5092,15.6866,0.0000,0.0000,0.0000,0.0000,0.0000,50.1844,0.0000,290.8132,23.7936,0.3571,0.4949,0.2334,0.0233,932.7939,994.5489,78.2268,78.2268,2.2249,2.7811,181.9756,0.0000,0.0000,0.0000,137.0037,5.0125,1928.2161
09/10/2015 00:00:00,0.2531,0.5065,16.8679,0.0000,0.0000,0.0000,0.0000,0.0000,49.5934,0.0000,292.9732,23.9390,0.3571,0.4922,0.2326,0.0233,936.2885,1003.4104,78.0307,78.0306,2.2041,2.7551,182.6745,0.0000,0.0000,0.0000,138.2595,5.0120,1940.5817
10/10/2015 00:00:00,0.2515,0.5045,18.2467,0.0000,0.0000,0.0000,0.0000,0.0000,49.0024,0.0000,295.1333,24.0844,0.3571,0.4894,0.2318,0.0232,939.7831,1012.2720,77.8345,77.8345,2.1832,2.7290,183.3734,0.0000,0.0000,0.0000,139.5153,5.0114,1952.9474
11/10/2015 00:00:00,0.2482,0.5035,17.8821,0.0000,0.0000,0.0000,0.0000,0.0000,48.4114,0.0000,297.2933,24.2298,0.3571,0.4866,0.2311,0.0231,943.2777,1021.1336,77.6384,77.6384,2.1624,2.7030,184.0724,0.0000,0.0000,0.0000,140.7710,5.0109,1965.3131
12/10/2015 00:00:00,0.2476,0.5047,17.2664,0.0000,0.0000,0.0000,0.0000,0.0000,47.8204,0.0000,299.4534,24.3752,0.3571,0.4839,0.2303,0.0230,946.7724,1029.9951,77.4423,77.4423,2.1415,2.6769,184.7713,0.0000,0.0000,0.0000,142.0268,5.0104,1977.6788
13/10/2015 00:00:00,0.2493,0.5057,17.1951,0.0000,0.0000,0.0000,0.0000,0.0000,47.2293,0.0000,301.6134,24.5206,0.3571,0.4811,0.2296,0.0230,950.2670,1038.8567,77.2462,77.2461,2.1207,2.6509,185.4702,0.0000,0.0000,0.0000,143.2825,5.0099,1990.0445
14/10/2015 00:00:00,0.2532,0.5078,17.7860,0.0000,0.0000,0.0000,0.0000,0.0000,46.6383,0.0000,303.7735,24.6661,0.3571,0.4783,0.2288,0.0229,953.7616,1047.7183,77.0501,77.0500,2.0999,2.6248,186.1691,0.0000,0.0000,0.0000,144.5383,5.0094,2002.4102
15/10/2015 00:00:00,0.2521,0.5081,19.1346,0.0000,0.0000,0.0000,0.0000,0.0000,46.0473,0.0000,305.9335,24.8115,0.3571,0.4756,0.2280,0.0228,957.2562,1056.5799,76.8539,76.8539,2.0790,2.5988,186.8681,0.0000,0.0000,0.0000,145.7941,5.0088,2014.7759
16/10/2015 00:00:00,0.2473,0.5085,19.4069,0.0000,0.0000,0.0000,0.0000,0.0000,45.4563,0.0000,308.0936,24.9569,0.3571,0.4728,0.2273,0.0227,960.7508,1065.4414,76.6578,76.6578,2.0582,2.5727,187.5670,0.0000,0.0000,0.0000,147.0498,5.0083,2027.1415
17/10/2015 00:00:00,0.2474,0.5087,19.1675,0.0000,0.0000,0.0000,0.0000,0.0000,44.8653,0.0000,310.2536,25.1023,0.3571,0.4700,0.2265,0.0227,964.2454,1074.3030,76.4617,76.4616,2.0373,2.5467,188.2659,0.0000,0.0000,0.0000,148.3056,5.0078,2039.5072
18/10/2015 00:00:00,0.2509,0.5102,19.2953,0.0000,0.0000,0.0000,0.0000,0.0000,44.2742,0.0000,312.4136,25.2477,0.3571,0.4673,0.2257,0.0226,967.7400,1083.1646,76.2656,76.2655,2.0165,2.5206,188.9649,0.0000,0.0000,0.0000,149.5614,5.0073,2051.8729
19/10/2015 00:00:00,0.2534,0.5116,20.0005,0.0000,0.0000,0.0000,0.0000,0.0000,43.6832,0.0000,314.5737,25.3931,0.3571,0.4645,0.2250,0.0225,971.2346,1092.0261,76.0695,76.0694,1.9957,2.4946,189.6638,0.0000,0.0000,0.0000,150.8171,5.0068,2064.2386
20/10/2015 00:00:00,0.2491,0.5117,20.3692,0.0000,0.0000,0.0000,0.0000,0.0000,43.0922,0.0000,316.7337,25.5385,0.3571,0.4618,0.2242,0.0224,974.7292,1100.8877,75.8733,75.8733,1.9748,2.4685,190.3627,0.0000,0.0000,0.0000,152.0729,5.0062,2076.6043
21/10/2015 00:00:00,0.2321,0.5099,18.8099,0.0000,0.0000,0.0000,0.0000,0.0000,42.5012,0.0000,318.8938,25.6839,0.3571,0.4590,0.2234,0.0223,978.2238,1109.7493,75.6772,75.6772,1.9540,2.4425,191.0616,0.0000,0.0000,0.0000,153.3287,5.0057,2088.9700
22/10/2015 00:00:00,0.2465,0.5114,17.0233,0.0000,0.0000,0.0000,0.0000,0.0000,41.9102,0.0000,321.0538,25.8293,0.3571,0.4562,0.2227,0.0223,981.7185,1118.6108,75.4811,75.4810,1.9331,2.4164,191.7606,0.0000,0.0000,0.0000,154.5844,5.0052,2101.3357
23/10/2015 00:00:00,0.2534,0.5125,16.5910,0.0000,0.0000,0.0000,0.0000,0.0000,41.3192,0.0000,323.2139,25.9747,0.3571,0.4535,0.2219,0.0222,985.2131,1127.4724,75.2850,75.2849,1.9123,2.3904,192.4595,0.0000,0.0000,0.0000,155.8402,5.0047,2113.7014
24/10/2015 00:00:00,0.2562,0.5146,17.3258,0.0000,0.0000,0.0000,0.0000,0.0000,40.7281,0.0000,325.3739,26.1201,0.3571,0.4507,0.2212,0.0221,988.7077,1136.3340,75.0889,75.0888,1.8915,2.3643,193.1584,0.0000,0.0000,0.0000,157.0959,5.0042,2126.0670
25/10/2015 00:00:00,0.2438,0.5136,18.4312,0.0000,0.0000,0.0000,0.0000,0.0000,40.1371,0.0000,327.5340,26.2655,0.3571,0.4479,0.2204,0.0220,992.2023,1145.1955,74.8928,74.8927,1.8706,2.3383,193.8574,0.0000,0.0000,0.0000,158.3517,5.0036,2138.4327
26/10/2015 00:00:00,0.2414,0.5127,17.2552,0.0000,0.0000,0.0000,0.0000,0.0000,39.5461,0.0000,329.6940,26.4109,0.3571,0.4452,0.2196,0.0220,995.6969,1154.0571,74.6966,74.6965,1.8498,2.3122,194.5563,0.0000,0.0000,0.0000,159.6075,5.0031,2150.7984
27/10/2015 00:00:00,0.2521,0.5171,16.6105,0.0000,0.0000,0.0000,0.0000,0.0000,38.9551,0.0000,331.8541,26.5564,0.3571,0.4424,0.2189,0.0219,999.1915,1162.9187,74.5005,74.5004,1.8289,2.2862,195.2552,0.0000,0.0000,0.0000,160.8632,5.0026,2163.1641
28/10/2015 00:00:00,0.2536,0.5158,18.3341,0.0000,0.0000,0.0000,0.0000,0.0000,38.3641,0.0000,334.0141,26.7018,0.3571,0.4396,0.2181,0.0218,1002.6861,1171.7802,74.3044,74.3043,1.8081,2.2601,195.9541,0.0000,0.0000,0.0000,162.1190,5.0021,2175.5298
29/10/2015 00:00:00,0.2534,0.5153,19.3687,0.0000,0.0000,0.0000,0.0000,0.0000,37.7730,0.0000,336.1742,26.8472,0.3571,0.4369,0.2173,0.0217,1006.1807,1180.6418,74.1083,74.1082,1.7873,2.2341,196.6531,0.0000,0.0000,0.0000,163.3748,5.0016,2187.8955
30/10/2015 00:00:00,0.2518,0.5153,20.1888,0.0000,0.0000,0.0000,0.0000,0.0000,37.1820,0.0000,338.3342,26.9926,0.3571,0.4341,0.2166,0.0217,1009.6753,1189.5034,73.9122,73.9120,1.7664,2.2080,197.3520,0.0000,0.0000,0.0000,164.6305,5.0010,2200.2612
31/10/2015 00:00:00,0.2509,0.5167,20.7301,0.0000,0.0000,0.0000,0.0000,0.0000,36.5910,0.0000,340.4943,27.1380,0.3571,0.4313,0.2158,0.0216,1013.1699,1198.3649,73.7160,73.7159,1.7456,2.1820,198.0509,0.0000,0.0000,0.0000,165.8863,5.0005,2212.6268
01/11/2015 00:00:00,0.2483,0.5180,20.6795,0.0000,0.0000,0.0000,0.0000,0.0000,36.0000,0.0000,342.6543,27.2834,0.3571,0.4286,0.2151,0.0215,1016.6646,1207.2265,73.5199,73.5198,1.7248,2.1559,198.7499,0.0000,0.0000,0.0000,167.1421,5.0000,2224.9925
02/11/2015 00:00:00,0.2464,0.5189,20.7086,0.0000,0.0000,0.0000,0.0000,0.0000,35.6627,0.0000,340.4169,27.8762,0.3690,0.4222,0.2158,0.0216,1016.3891,1201.5954,73.7483,73.7485,1.7300,2.1625,197.6113,0.0000,0.0000,0.0000,166.9763,5.0043,2218.8924
03/11/2015 00:00:00,0.2524,0.5241,19.6638,0.0000,0.0000,0.0000,0.0000,0.0000,35.3255,0.0000,338.1756,28.4693,0.3809,0.4159,0.2165,0.0216,1016.1113,1195.9562,73.9772,73.9773,1.7353,2.1691,196.4724,0.0000,0.0000,0.0000,166.8096,5.0086,2212.7812
04/11/2015 00:00:00,0.2546,0.5245,20.2046,0.0000,0.0000,0.0000,0.0000,0.0000,34.9883,0.0000,335.9342,29.0624,0.3928,0.4095,0.2172,0.0217,1015.8335,1190.3170,74.2060,74.2062,1.7406,2.1757,195.3336,0.0000,0.0000,0.0000,166.6430,5.0129,2206.6700
05/11/2015 00:00:00,0.2419,0.5216,19.8475,0.0000,0.0000,0.0000,0.0000,0.0000,34.6511,0.0000,333.6928,29.6555,0.4048,0.4032,0.2179,0.0218,1015.5557,1184.6779,74.4349,74.4350,1.7459,2.1823,194.1947,0.0000,0.0000,0.0000,166.4763,5.0172,2200.5588
06/11/2015 00:00:00,0.2453,0.5216,19.1374,0.0000,0.0000,0.0000,0.0000,0.0000,34.3139,0.0000,331.4515,30.2486,0.4167,0.3968,0.2186,0.0219,1015.2779,1179.0387,74.6637,74.6638,1.7511,2.1889,193.0558,0.0000,0.0000,0.0000,166.3096,5.0215,2194.4475
07/11/2015 00:00:00,0.2528,0.5277,19.6473,0.0000,0.0000,0.0000,0.0000,0.0000,33.9768,0.0000,329.2101,30.8418,0.4286,0.3905,0.2194,0.0219,1015.0002,1173.3995,74.8926,74.8927,1.7564,2.1955,191.9169,0.0000,0.0000,0.0000,166.1430,5.0258,2188.3363
08/11/2015 00:00:00,0.2551,0.5307,20.9814,0.0000,0.0000,0.0000,0.0000,0.0000,33.6396,0.0000,326.9688,31.4349,0.4405,0.3841,0.2201,0.0220,1014.7224,1167.7604,75.1214,75.1215,1.7617,2.2021,190.7780,0.0000,0.0000,0.0000,165.9763,5.0301,2182.2251
09/11/2015 00:00:00,0.2497,0.5325,22.4992,0.0000,0.0000,0.0000,0.0000,0.0000,33.3024,0.0000,324.7274,32.0280,0.4524,0.3778,0.2208,0.0221,1014.4446,1162.1212,75.3502,75.3503,1.7670,2.2087,189.6391,0.0000,0.0000,0.0000,165.8096,5.0344,2176.1138
10/11/2015 00:00:00,0.2478,0.5300,21.0334,0.0000,0.0000,0.0000,0.0000,0.0000,32.9652,0.0000,322.4861,32.6211,0.4643,0.3714,0.2215,0.0222,1014.1668,1156.4820,75.5791,75.5792,1.7722,2.2153,188.5002,0.0000,0.0000,0.0000,165.6430,5.0387,2170.0026
11/11/2015 00:00:00,0.2540,0.5346,19.0211,0.0000,0.0000,0.0000,0.0000,0.0000,32.6280,0.0000,320.2447,33.2143,0.4762,0.3651,0.2222,0.0222,1013.8890,1150.8429,75.8079,75.8080,1.7775,2.2219,187.3613,0.0000,0.0000,0.0000,165.4763,5.0430,2163.8914
12/11/2015 00:00:00,0.2506,0.5367,19.2574,0.0000,0.0000,0.0000,0.0000,0.0000,32.2908,0.0000,318.0033,33.8074,0.4881,0.3587,0.2229,0.0223,1013.6113,1145.2037,76.0368,76.0368,1.7828,2.2285,186.2224,0.0000,0.0000,0.0000,165.3096,5.0473,2157.7801
13/11/2015 00:00:00,0.2484,0.5394,18.4553,0.0000,0.0000,0.0000,0.0000,0.0000,31.9536,0.0000,315.7620,34.4005,0.5000,0.3524,0.2237,0.0224,1013.3335,1139.5646,76.2656,76.2657,1.7881,2.2351,185.0835,0.0000,0.0000,0.0000,165.1430,5.0516,2151.6689
14/11/2015 00:00:00,0.2510,0.5412,18.0284,0.0000,0.0000,0.0000,0.0000,0.0000,31.6164,0.0000,313.5206,34.9936,0.5119,0.3460,0.2244,0.0224,1013.0557,1133.9254,76.4944,76.4945,1.7933,2.2417,183.9446,0.0000,0.0000,0.0000,164.9763,5.0559,2145.5577
15/11/2015 00:00:00,0.2519,0.5426,18.4761,0.0000,0.0000,0.0000,0.0000,0.0000,31.2792,0.0000,311.2793,35.5867,0.5238,0.3397,0.2251,0.0225,1012.7779,1128.2862,76.7233,76.7233,1.7986,2.2483,182.8058,0.0000,0.0000,0.0000,164.8096,5.0602,2139.4464
16/11/2015 00:00:00,0.2554,0.5440,19.6816,0.0000,0.0000,0.0000,0.0000,0.0000,30.9421,0.0000,309.0379,36.1799,0.5357,0.3333,0.2258,0.0226,1012.5001,1122.6471,76.9521,76.9522,1.8039,2.2548,181.6669,0.0000,0.0000,0.0000,164.6430,5.0645,2133.3352
17/11/2015 00:00:00,0.2547,0.5429,21.0642,0.0000,0.0000,0.0000,0.0000,0.0000,30.6049,0.0000,306.7966,36.7730,0.5476,0.3270,0.2265,0.0227,1012.2224,1117.0079,77.1810,77.1810,1.8092,2.2614,180.5280,0.0000,0.0000,0.0000,164.4763,5.0688,2127.2240
18/11/2015 00:00:00,0.2522,0.5436,22.0794,0.0000,0.0000,0.0000,0.0000,0.0000,30.2677,0.0000,304.5552,37.3661,0.5595,0.3206,0.2272,0.0227,1011.9446,1111.3687,77.4098,77.4098,1.8144,2.2680,179.3891,0.0000,0.0000,0.0000,164.3096,5.0731,2121.1127
19/11/2015 00:00:00,0.2494,0.5424,22.6771,0.0000,0.0000,0.0000,0.0000,0.0000,29.9305,0.0000,302.3138,37.9592,0.5714,0.3143,0.2280,0.0228,1011.6668,1105.7296,77.6387,77.6387,1.8197,2.2746,178.2502,0.0000,0.0000,0.0000,164.1430,5.0774,2115.0015
20/11/2015 00:00:00,0.2443,0.5429,21.6475,0.0000,0.0000,0.0000,0.0000,0.0000,29.5933,0.0000,300.0725,38.5524,0.5833,0.3079,0.2287,0.0229,1011.3890,1100.0904,77.8675,77.8675,1.8250,2.2812,177.1113,0.0000,0.0000,0.0000,163.9763,5.0817,2108.8903
21/11/2015 00:00:00,0.2446,0.5480,19.2096,0.0000,0.0000,0.0000,0.0000,0.0000,29.2561,0.0000,297.8311,39.1455,0.5952,0.3016,0.2294,0.0229,1011.1112,1094.4513,78.0963,78.0963,1.8303,2.2878,175.9724,0.0000,0.0000,0.0000,163.8096,5.0860,2102.7790
22/11/2015 00:00:00,0.2471,0.5501,18.5500,0.0000,0.0000,0.0000,0.0000,0.0000,28.9189,0.0000,295.5898,39.7386,0.6071,0.2952,0.2301,0.0230,1010.8335,1088.8121,78.3252,78.3252,1.8355,2.2944,174.8335,0.0000,0.0000,0.0000,163.6430,5.0903,2096.6678
23/11/2015 00:00:00,0.2439,0.5514,18.8475,0.0000,0.0000,0.0000,0.0000,0.0000,28.5817,0.0000,293.3484,40.3317,0.6190,0.2889,0.2308,0.0231,1010.5557,1083.1729,78.5540,78.5540,1.8408,2.3010,173.6946,0.0000,0.0000,0.0000,163.4763,5.0946,2090.5566
24/11/2015 00:00:00,0.2481,0.5541,19.6555,0.0000,0.0000,0.0000,0.0000,0.0000,28.2445,0.0000,291.1071,40.9248,0.6309,0.2825,0.2315,0.0232,1010.2779,1077.5338,78.7829,78.7828,1.8461,2.3076,172.5557,0.0000,0.0000,0.0000,163.3097,5.0989,2084.4453
25/11/2015 00:00:00,0.2405,0.5557,20.1025,0.0000,0.0000,0.0000,0.0000,0.0000,27.9074,0.0000,288.8657,41.5180,0.6429,0.2762,0.2323,0.0232,1010.0001,1071.8946,79.0117,79.0117,1.8514,2.3142,171.4168,0.0000,0.0000,0.0000,163.1430,5.1032,2078.3341
26/11/2015 00:00:00,0.1626,0.8379,17.0180,0.0000,0.0000,0.0000,0.0000,0.0000,27.5702,0.0000,286.6244,42.1111,0.6548,0.2698,0.2330,0.0233,1009.7224,1066.2554,79.2405,79.2405,1.8566,2.3208,170.2779,0.0000,0.0000,0.0000,162.9763,5.1075,2072.2229
27/11/2015 00:00:00,0.2380,0.9121,17.0943,0.0000,0.0000,0.0000,0.0000,0.0000,27.2330,0.0000,284.3830,42.7042,0.6667,0.2635,0.2337,0.0234,1009.4446,1060.6163,79.4694,79.4693,1.8619,2.3274,169.1391,0.0000,0.0000,0.0000,162.8097,5.1118,2066.1116
28/11/2015 00:00:00,0.2435,0.8443,18.0806,0.0000,0.0000,0.0000,0.0000,0.0000,26.8958,0.0000,282.1416,43.2973,0.6786,0.2571,0.2344,0.0234,1009.1668,1054.9771,79.6982,79.6982,1.8672,2.3340,168.0002,0.0000,0.0000,0.0000,162.6430,5.1161,2060.0004
29/11/2015 00:00:00,0.2468,0.7758,19.0612,0.0000,0.0000,0.0000,0.0000,0.0000,26.5586,0.0000,279.9003,43.8904,0.6905,0.2508,0.2351,0.0235,1008.8890,1049.3380,79.9271,79.9270,1.8725,2.3406,166.8613,0.0000,0.0000,0.0000,162.4763,5.1204,2053.8892
30/11/2015 00:00:00,0.2435,0.7542,20.0866,0.0000,0.0000,0.0000,0.0000,0.0000,26.2214,0.0000,277.6589,44.4836,0.7024,0.2444,0.2358,0.0236,1008.6112,1043.6988,80.1559,80.1558,1.8777,2.3472,165.7224,0.0000,0.0000,0.0000,162.3097,5.1247,2047.7779
01/12/2015 00:00:00,0.2251,0.7010,18.4632,0.0000,0.0000,0.0000,0.0000,0.0000,25.8842,0.0000,275.4176,45.0767,0.7143,0.2381,0.2366,0.0237,1008.3335,1038.0596,80.3848,80.3847,1.8830,2.3538,164.5835,0.0000,0.0000,0.0000,162.1430,5.1290,2041.6667
02/12/2015 00:00:00,0.2379,0.6818,16.8775,0.0000,0.0000,0.0000,0.0000,0.0000,26.5262,0.0000,274.1235,44.1976,0.7097,0.2534,0.2379,0.0238,1019.6182,1048.7817,80.1305,80.1306,1.8862,2.3578,163.6561,0.0000,0.0000,0.0000,163.2019,5.1769,2063.9779
03/12/2015 00:00:00,0.2489,0.6756,18.4230,0.0000,0.0000,0.0000,0.0000,0.0000,27.1687,0.0000,272.8298,43.3175,0.7051,0.2688,0.2393,0.0239,1030.9083,1059.5041,79.8761,79.8762,1.8895,2.3619,162.7287,0.0000,0.0000,0.0000,164.2619,5.2248,2086.2892
04/12/2015 00:00:00,0.2526,0.6653,20.3258,0.0000,0.0000,0.0000,0.0000,0.0000,27.8113,0.0000,271.5361,42.4374,0.7005,0.2842,0.2407,0.0241,1042.1985,1070.2265,79.6217,79.6218,1.8927,2.3659,161.8012,0.0000,0.0000,0.0000,165.3218,5.2726,2108.6006
05/12/2015 00:00:00,0.2515,0.6605,22.2763,0.0000,0.0000,0.0000,0.0000,0.0000,28.4539,0.0000,270.2425,41.5572,0.6959,0.2995,0.2421,0.0242,1053.4886,1080.9488,79.3673,79.3674,1.8960,2.3700,160.8738,0.0000,0.0000,0.0000,166.3817,5.3205,2130.9120
06/12/2015 00:00:00,0.2493,0.6479,23.4520,0.0000,0.0000,0.0000,0.0000,0.0000,29.0965,0.0000,268.9488,40.6771,0.6912,0.3149,0.2435,0.0243,1064.7788,1091.6712,79.1129,79.1130,1.8992,2.3740,159.9464,0.0000,0.0000,0.0000,167.4416,5.3684,2153.2233
07/12/2015 00:00:00,0.2492,0.6406,23.6663,0.0000,0.0000,0.0000,0.0000,0.0000,29.7390,0.0000,267.6551,39.7970,0.6866,0.3303,0.2449,0.0245,1076.0689,1102.3936,78.8585,78.8586,1.9024,2.3781,159.0190,0.0000,0.0000,0.0000,168.5016,5.4162,2175.5347
08/12/2015 00:00:00,0.2384,0.6267,22.6577,0.0000,0.0000,0.0000,0.0000,0.0000,30.3816,0.0000,266.3614,38.9169,0.6820,0.3456,0.2463,0.0246,1087.3591,1113.1160,78.6042,78.6042,1.9057,2.3821,158.0916,0.0000,0.0000,0.0000,169.5615,5.4641,2197.8460
09/12/2015 00:00:00,0.2354,0.6171,21.9931,0.0000,0.0000,0.0000,0.0000,0.0000,31.0242,0.0000,265.0677,38.0368,0.6774,0.3610,0.2477,0.0248,1098.6492,1123.8384,78.3498,78.3498,1.9089,2.3862,157.1642,0.0000,0.0000,0.0000,170.6214,5.5120,2220.1574
10/12/2015 00:00:00,0.2380,0.6003,22.3455,0.0000,0.0000,0.0000,0.0000,0.0000,31.6668,0.0000,263.7741,37.1567,0.6728,0.3763,0.2490,0.0249,1109.9394,1134.5608,78.0954,78.0954,1.9122,2.3902,156.2368,0.0000,0.0000,0.0000,171.6814,5.5598,2242.4687
11/12/2015 00:00:00,0.2298,0.5880,20.8961,0.0000,0.0000,0.0000,0.0000,0.0000,32.3094,0.0000,262.4804,36.2765,0.6682,0.3917,0.2504,0.0250,1121.2295,1145.2832,77.8410,77.8410,1.9154,2.3943,155.3094,0.0000,0.0000,0.0000,172.7413,5.6077,2264.7801
12/12/2015 00:00:00,0.2413,0.5948,19.7773,0.0000,0.0000,0.0000,0.0000,0.0000,32.9519,0.0000,261.1867,35.3964,0.6636,0.4071,0.2518,0.0252,1132.5197,1156.0055,77.5866,77.5866,1.9186,2.3983,154.3820,0.0000,0.0000,0.0000,173.8012,5.6556,2287.0915
13/12/2015 00:00:00,0.2438,0.5959,20.3424,0.0000,0.0000,0.0000,0.0000,0.0000,33.5945,0.0000,259.8930,34.5163,0.6590,0.4224,0.2532,0.0253,1143.8098,1166.7279,77.3322,77.3322,1.9219,2.4024,153.4546,0.0000,0.0000,0.0000,174.8612,5.7034,2309.4028
14/12/2015 00:00:00,0.2448,0.5918,21.6266,0.0000,0.0000,0.0000,0.0000,0.0000,34.2371,0.0000,258.5993,33.6362,0.6544,0.4378,0.2546,0.0255,1155.1000,1177.4503,77.0778,77.0778,1.9251,2.4064,152.5272,0.0000,0.0000,0.0000,175.9211,5.7513,2331.7142
15/12/2015 00:00:00,0.2462,0.5881,22.5022,0.0000,0.0000,0.0000,0.0000,0.0000,34.8797,0.0000,257.3057,32.7561,0.6498,0.4531,0.2560,0.0256,1166.3901,1188.1727,76.8234,76.8234,1.9284,2.4105,151.5998,0.0000,0.0000,0.0000,176.9810,5.7992,2354.0255
16/12/2015 00:00:00,4.7655,0.5825,24.1847,0.0000,0.0000,0.0000,0.0000,0.0000,35.5223,0.0000,256.0120,31.8760,0.6452,0.4685,0.2574,0.0257,1177.6803,1198.8951,76.5690,76.5691,1.9316,2.4145,150.6724,0.0000,0.0000,0.0000,178.0410,5.8470,2376.3369
17/12/2015 00:00:00,0.2465,0.6076,25.6794,0.0000,0.0000,0.0000,0.0000,0.0000,36.1648,0.0000,254.7183,30.9958,0.6406,0.4839,0.2588,0.0259,1188.9704,1209.6175,76.3147,76.3147,1.9348,2.4186,149.7450,0.0000,0.0000,0.0000,179.1009,5.8949,2398.6483
18/12/2015 00:00:00,0.2440,0.6016,25.7068,0.0000,0.0000,0.0000,0.0000,0.0000,36.8074,0.0000,253.4246,30.1157,0.6359,0.4992,0.2601,0.0260,1200.2606,1220.3398,76.0603,76.0603,1.9381,2.4226,148.8175,0.0000,0.0000,0.0000,180.1608,5.9428,2420.9596
19/12/2015 00:00:00,0.2452,0.5956,25.3695,0.0000,0.0000,0.0000,0.0000,0.0000,37.4500,0.0000,252.1309,29.2356,0.6313,0.5146,0.2615,0.0262,1211.5507,1231.0622,75.8059,75.8059,1.9413,2.4267,147.8901,0.0000,0.0000,0.0000,181.2208,5.9906,2443.2710
20/12/2015 00:00:00,0.2273,0.5909,23.5176,0.0000,0.0000,0.0000,0.0000,0.0000,38.0926,0.0000,250.8373,28.3555,0.6267,0.5299,0.2629,0.0263,1222.8409,1241.7846,75.5515,75.5515,1.9446,2.4307,146.9627,0.0000,0.0000,0.0000,182.2807,6.0385,2465.5823
21/12/2015 00:00:00,0.2394,0.5925,20.5802,0.0000,0.0000,0.0000,0.0000,0.0000,38.7351,0.0000,249.5436,27.4754,0.6221,0.5453,0.2643,0.0264,1234.1310,1252.5070,75.2971,75.2971,1.9478,2.4348,146.0353,0.0000,0.0000,0.0000,183.3406,6.0864,2487.8937
22/12/2015 00:00:00,0.2476,0.5983,20.4189,0.0000,0.0000,0.0000,0.0000,0.0000,39.3777,0.0000,248.2499,26.5952,0.6175,0.5607,0.2657,0.0266,1245.4212,1263.2294,75.0427,75.0427,1.9510,2.4388,145.1079,0.0000,0.0000,0.0000,184.4005,6.1342,2510.2051
23/12/2015 00:00:00,0.2490,0.5984,21.5564,0.0000,0.0000,0.0000,0.0000,0.0000,40.0203,0.0000,246.9562,25.7151,0.6129,0.5760,0.2671,0.0267,1256.7113,1273.9518,74.7883,74.7883,1.9543,2.4429,144.1805,0.0000,0.0000,0.0000,185.4605,6.1821,2532.5164
24/12/2015 00:00:00,0.2504,0.5970,22.9285,0.0000,0.0000,0.0000,0.0000,0.0000,40.6629,0.0000,245.6625,24.8350,0.6083,0.5914,0.2685,0.0268,1268.0015,1284.6741,74.5339,74.5339,1.9575,2.4469,143.2531,0.0000,0.0000,0.0000,186.5204,6.2300,2554.8278
25/12/2015 00:00:00,0.2383,0.5980,23.6568,0.0000,0.0000,0.0000,0.0000,0.0000,41.3055,0.0000,244.3689,23.9549,0.6037,0.6068,0.2699,0.0270,1279.2916,1295.3965,74.2795,74.2795,1.9608,2.4510,142.3257,0.0000,0.0000,0.0000,187.5803,6.2778,2577.1391
26/12/2015 00:00:00,0.1912,0.6619,20.3706,0.0000,0.0000,0.0000,0.0000,0.0000,41.9480,0.0000,243.0752,23.0748,0.5991,0.6221,0.2712,0.0271,1290.5818,1306.1189,74.0252,74.0251,1.9640,2.4550,141.3983,0.0000,0.0000,0.0000,188.6403,6.3257,2599.4505
27/12/2015 00:00:00,0.2407,0.7268,19.7926,0.0000,0.0000,0.0000,0.0000,0.0000,42.5906,0.0000,241.7815,22.1947,0.5945,0.6375,0.2726,0.0273,1301.8719,1316.8413,73.7708,73.7707,1.9672,2.4591,140.4709,0.0000,0.0000,0.0000,189.7002,6.3735,2621.7618
28/12/2015 00:00:00,0.2451,0.7156,20.3981,0.0000,0.0000,0.0000,0.0000,0.0000,43.2332,0.0000,240.4878,21.3145,0.5899,0.6528,0.2740,0.0274,1313.1621,1327.5637,73.5164,73.5163,1.9705,2.4631,139.5435,0.0000,0.0000,0.0000,190.7601,6.4214,2644.0732
29/12/2015 00:00:00,0.2478,0.7043,22.0628,0.0000,0.0000,0.0000,0.0000,0.0000,43.8758,0.0000,239.1941,20.4344,0.5853,0.6682,0.2754,0.0275,1324.4522,1338.2861,73.2620,73.2619,1.9737,2.4672,138.6161,0.0000,0.0000,0.0000,191.8201,6.4693,2666.3846
30/12/2015 00:00:00,0.2463,0.6948,23.3275,0.0000,0.0000,0.0000,0.0000,0.0000,44.5184,0.0000,237.9005,19.5543,0.5806,0.6836,0.2768,0.0277,1335.7424,1349.0085,73.0076,73.0075,1.9770,2.4712,137.6887,0.0000,0.0000,0.0000,192.8800,6.5171,2688.6959
31/12/2015 00:00:00,0.2422,0.6869,25.0195,0.0000,0.0000,0.0000,0.0000,0.0000,45.1609,0.0000,236.6068,18.6742,0.5760,0.6989,0.2782,0.0278,1347.0325,1359.7308,72.7532,72.7531,1.9802,2.4753,136.7613,0.0000,0.0000,0.0000,193.9399,6.5650,2711.0073
01/01/2016 00:00:00,0.2344,0.6831,24.1959,0.0000,0.0000,0.0000,0.0000,0.0000,45.8035,0.0000,235.3131,17.7941,0.5714,0.7143,0.2796,0.0280,1358.3227,1370.4532,72.4988,72.4987,1.9834,2.4793,135.8339,0.0000,0.0000,0.0000,194.9999,6.6129,2733.3186
02/01/2016 00:00:00,0.2367,0.6829,21.2180,0.0000,0.0000,0.0000,0.0000,0.0000,45.6758,0.0000,235.6148,18.0804,0.5645,0.7131,0.2773,0.0277,1357.5276,1359.8907,72.3007,72.3007,1.9635,2.4544,136.9886,0.0000,0.0000,0.0000,196.0367,6.6056,2723.9308
03/01/2016 00:00:00,0.2442,0.6850,20.5818,0.0000,0.0000,0.0000,0.0000,0.0000,45.5478,0.0000,235.9172,18.3674,0.5576,0.7120,0.2751,0.0275,1356.7211,1349.3182,72.1027,72.1026,1.9436,2.4295,138.1445,0.0000,0.0000,0.0000,197.0736,6.5983,2714.5221
04/01/2016 00:00:00,0.2474,0.6804,21.9964,0.0000,0.0000,0.0000,0.0000,0.0000,45.4198,0.0000,236.2196,18.6544,0.5507,0.7108,0.2728,0.0273,1355.9147,1338.7458,71.9046,71.9045,1.9237,2.4046,139.3004,0.0000,0.0000,0.0000,198.1105,6.5911,2705.1133
05/01/2016 00:00:00,0.2476,0.6835,22.8290,0.0000,0.0000,0.0000,0.0000,0.0000,45.2918,0.0000,236.5220,18.9414,0.5438,0.7097,0.2706,0.0271,1355.1082,1328.1734,71.7066,71.7065,1.9037,2.3797,140.4563,0.0000,0.0000,0.0000,199.1473,6.5838,2695.7046
06/01/2016 00:00:00,0.2436,0.6825,22.5960,0.0000,0.0000,0.0000,0.0000,0.0000,45.1638,0.0000,236.8245,19.2284,0.5369,0.7085,0.2683,0.0268,1354.3017,1317.6010,71.5085,71.5084,1.8838,2.3548,141.6123,0.0000,0.0000,0.0000,200.1842,6.5765,2686.2959
07/01/2016 00:00:00,0.2457,0.6842,21.5881,0.0000,0.0000,0.0000,0.0000,0.0000,45.0358,0.0000,237.1269,19.5154,0.5300,0.7074,0.2660,0.0266,1353.4953,1307.0286,71.3104,71.3104,1.8639,2.3299,142.7682,0.0000,0.0000,0.0000,201.2211,6.5692,2676.8871
08/01/2016 00:00:00,0.2493,0.6870,21.2169,0.0000,0.0000,0.0000,0.0000,0.0000,44.9077,0.0000,237.4293,19.8024,0.5230,0.7062,0.2638,0.0264,1352.6888,1296.4562,71.1124,71.1123,1.8440,2.3050,143.9241,0.0000,0.0000,0.0000,202.2579,6.5619,2667.4784
09/01/2016 00:00:00,0.2485,0.6792,22.0957,0.0000,0.0000,0.0000,0.0000,0.0000,44.7797,0.0000,237.7317,20.0894,0.5161,0.7051,0.2615,0.0262,1351.8823,1285.8838,70.9143,70.9142,1.8241,2.2801,145.0800,0.0000,0.0000,0.0000,203.2948,6.5546,2658.0697
10/01/2016 00:00:00,0.2479,0.6655,22.4627,0.0000,0.0000,0.0000,0.0000,0.0000,44.6517,0.0000,238.0342,20.3764,0.5092,0.7039,0.2593,0.0259,1351.0759,1275.3114,70.7163,70.7162,1.8041,2.2552,146.2359,0.0000,0.0000,0.0000,204.3317,6.5474,2648.6610
11/01/2016 00:00:00,0.2423,0.6586,23.3569,0.0000,0.0000,0.0000,0.0000,0.0000,44.5237,0.0000,238.3366,20.6634,0.5023,0.7028,0.2570,0.0257,1350.2694,1264.7390,70.5182,70.5181,1.7842,2.2303,147.3918,0.0000,0.0000,0.0000,205.3685,6.5401,2639.2522
12/01/2016 00:00:00,0.2407,0.6585,24.2677,0.0000,0.0000,0.0000,0.0000,0.0000,44.3957,0.0000,238.6390,20.9504,0.4954,0.7016,0.2548,0.0255,1349.4629,1254.1666,70.3202,70.3201,1.7643,2.2054,148.5477,0.0000,0.0000,0.0000,206.4054,6.5328,2629.8435
13/01/2016 00:00:00,0.2297,0.6546,24.1809,0.0000,0.0000,0.0000,0.0000,0.0000,44.2677,0.0000,238.9414,21.2374,0.4885,0.7005,0.2525,0.0253,1348.6565,1243.5942,70.1221,70.1220,1.7444,2.1805,149.7037,0.0000,0.0000,0.0000,207.4423,6.5255,2620.4348
14/01/2016 00:00:00,0.2217,0.6810,20.8162,0.0000,0.0000,0.0000,0.0000,0.0000,44.1397,0.0000,239.2438,21.5244,0.4816,0.6993,0.2503,0.0250,1347.8500,1233.0218,69.9240,69.9239,1.7244,2.1556,150.8596,0.0000,0.0000,0.0000,208.4791,6.5182,2611.0260
15/01/2016 00:00:00,0.2404,0.6945,19.3458,0.0000,0.0000,0.0000,0.0000,0.0000,44.0117,0.0000,239.5463,21.8114,0.4747,0.6982,0.2480,0.0248,1347.0435,1222.4493,69.7260,69.7259,1.7045,2.1306,152.0155,0.0000,0.0000,0.0000,209.5160,6.5109,2601.6173
16/01/2016 00:00:00,0.2469,0.6919,19.2837,0.0000,0.0000,0.0000,0.0000,0.0000,43.8837,0.0000,239.8487,22.0984,0.4677,0.6970,0.2458,0.0246,1346.2370,1211.8769,69.5279,69.5278,1.6846,2.1057,153.1714,0.0000,0.0000,0.0000,210.5529,6.5036,2592.2086
17/01/2016 00:00:00,0.2475,0.6798,21.0829,0.0000,0.0000,0.0000,0.0000,0.0000,43.7557,0.0000,240.1511,22.3854,0.4608,0.6959,0.2435,0.0243,1345.4306,1201.3045,69.3299,69.3298,1.6647,2.0808,154.3273,0.0000,0.0000,0.0000,211.5897,6.4964,2582.7999
18/01/2016 00:00:00,0.2434,0.6673,23.2027,0.0000,0.0000,0.0000,0.0000,0.0000,43.6277,0.0000,240.4535,22.6724,0.4539,0.6947,0.2412,0.0241,1344.6241,1190.7321,69.1318,69.1317,1.6447,2.0559,155.4832,0.0000,0.0000,0.0000,212.6266,6.4891,2573.3911
19/01/2016 00:00:00,0.2449,0.6528,22.9952,0.0000,0.0000,0.0000,0.0000,0.0000,43.4997,0.0000,240.7559,22.9594,0.4470,0.6935,0.2390,0.0239,1343.8176,1180.1597,68.9338,68.9336,1.6248,2.0310,156.6392,0.0000,0.0000,0.0000,213.6635,6.4818,2563.9824
20/01/2016 00:00:00,0.2343,0.6479,24.0860,0.0000,0.0000,0.0000,0.0000,0.0000,43.3717,0.0000,241.0584,23.2464,0.4401,0.6924,0.2367,0.0237,1343.0112,1169.5873,68.7357,68.7356,1.6049,2.0061,157.7951,0.0000,0.0000,0.0000,214.7003,6.4745,2554.5737
21/01/2016 00:00:00,0.2316,0.6393,24.6166,0.0000,0.0000,0.0000,0.0000,0.0000,43.2437,0.0000,241.3608,23.5334,0.4332,0.6912,0.2345,0.0234,1342.2047,1159.0149,68.5376,68.5375,1.5850,1.9812,158.9510,0.0000,0.0000,0.0000,215.7372,6.4672,2545.1649
22/01/2016 00:00:00,0.2296,0.6314,24.9529,0.0000,0.0000,0.0000,0.0000,0.0000,43.1156,0.0000,241.6632,23.8204,0.4263,0.6901,0.2322,0.0232,1341.3982,1148.4425,68.3396,68.3395,1.5651,1.9563,160.1069,0.0000,0.0000,0.0000,216.7740,6.4599,2535.7562
23/01/2016 00:00:00,0.2246,0.6359,23.6535,0.0000,0.0000,0.0000,0.0000,0.0000,42.9876,0.0000,241.9656,24.1074,0.4194,0.6889,0.2300,0.0230,1340.5918,1137.8701,68.1415,68.1414,1.5451,1.9314,161.2628,0.0000,0.0000,0.0000,217.8109,6.4527,2526.3475
24/01/2016 00:00:00,0.2319,0.6399,22.4952,0.0000,0.0000,0.0000,0.0000,0.0000,42.8596,0.0000,242.2680,24.3944,0.4124,0.6878,0.2277,0.0228,1339.7853,1127.2977,67.9435,67.9433,1.5252,1.9065,162.4187,0.0000,0.0000,0.0000,218.8478,6.4454,2516.9388
25/01/2016 00:00:00,0.2320,0.6487,22.0352,0.0000,0.0000,0.0000,0.0000,0.0000,42.7316,0.0000,242.5705,24.6814,0.4055,0.6866,0.2255,0.0225,1338.9788,1116.7253,67.7454,67.7453,1.5053,1.8816,163.5746,0.0000,0.0000,0.0000,219.8846,6.4381,2507.5300
26/01/2016 00:00:00,0.2375,0.6514,21.7991,0.0000,0.0000,0.0000,0.0000,0.0000,42.6036,0.0000,242.8729,24.9684,0.3986,0.6855,0.2232,0.0223,1338.1724,1106.1529,67.5474,67.5472,1.4854,1.8567,164.7306,0.0000,0.0000,0.0000,220.9215,6.4308,2498.1213
27/01/2016 00:00:00,0.2314,0.6478,22.9706,0.0000,0.0000,0.0000,0.0000,0.0000,42.4756,0.0000,243.1753,25.2554,0.3917,0.6843,0.2210,0.0221,1337.3659,1095.5804,67.3493,67.3492,1.4654,1.8318,165.8865,0.0000,0.0000,0.0000,221.9584,6.4235,2488.7126
28/01/2016 00:00:00,0.2002,0.6721,21.4991,0.0000,0.0000,0.0000,0.0000,0.0000,42.3476,0.0000,243.4777,25.5423,0.3848,0.6832,0.2187,0.0219,1336.5594,1085.0080,67.1512,67.1511,1.4455,1.8069,167.0424,0.0000,0.0000,0.0000,222.9952,6.4162,2479.3038
29/01/2016 00:00:00,0.2098,0.7022,18.6853,0.0000,0.0000,0.0000,0.0000,0.0000,42.2196,0.0000,243.7802,25.8293,0.3779,0.6820,0.2164,0.0216,1335.7529,1074.4356,66.9532,66.9530,1.4256,1.7820,168.1983,0.0000,0.0000,0.0000,224.0321,6.4090,2469.8951
30/01/2016 00:00:00,0.2175,0.6973,18.7610,0.0000,0.0000,0.0000,0.0000,0.0000,42.0916,0.0000,244.0826,26.1163,0.3710,0.6809,0.2142,0.0214,1334.9465,1063.8632,66.7551,66.7550,1.4057,1.7571,169.3542,0.0000,0.0000,0.0000,225.0690,6.4017,2460.4864
31/01/2016 00:00:00,0.2239,0.6757,20.7302,0.0000,0.0000,0.0000,0.0000,0.0000,41.9636,0.0000,244.3850,26.4033,0.3641,0.6797,0.2119,0.0212,1334.1400,1053.2908,66.5571,66.5569,1.3857,1.7322,170.5101,0.0000,0.0000,0.0000,226.1058,6.3944,2451.0777
01/02/2016 00:00:00,0.2338,0.6578,22.2545,0.0000,0.0000,0.0000,0.0000,0.0000,41.8356,0.0000,244.6874,26.6903,0.3571,0.6786,0.2097,0.0210,1333.3335,1042.7184,66.3590,66.3589,1.3658,1.7073,171.6661,0.0000,0.0000,0.0000,227.1427,6.3871,2441.6689
02/02/2016 00:00:00,0.2285,0.6427,22.1448,0.0000,0.0000,0.0000,0.0000,0.0000,41.7076,0.0000,245.0294,26.6290,0.3571,0.6712,0.2069,0.0207,1330.7699,1040.3248,66.6787,66.6789,1.3897,1.7372,171.4882,0.0000,0.0000,0.0000,226.5150,6.3704,2436.3108
03/02/2016 00:00:00,0.1852,0.6560,20.4088,0.0000,0.0000,0.0000,0.0000,0.0000,41.5796,0.0000,245.3714,26.5677,0.3571,0.6638,0.2041,0.0204,1328.2058,1037.9389,66.9987,66.9990,1.4137,1.7671,171.3096,0.0000,0.0000,0.0000,225.8871,6.3538,2430.9537
04/02/2016 00:00:00,0.2252,0.6839,19.6307,0.0000,0.0000,0.0000,0.0000,0.0000,41.4516,0.0000,245.7133,26.5063,0.3571,0.6564,0.2013,0.0201,1325.6417,1035.5530,67.3188,67.3190,1.4376,1.7970,171.1310,0.0000,0.0000,0.0000,225.2591,6.3371,2425.5965
05/02/2016 00:00:00,0.2365,0.6853,19.7331,0.0000,0.0000,0.0000,0.0000,0.0000,41.3236,0.0000,246.0553,26.4450,0.3571,0.6490,0.1986,0.0199,1323.0776,1033.1672,67.6389,67.6391,1.4615,1.8269,170.9525,0.0000,0.0000,0.0000,224.6312,6.3205,2420.2394
06/02/2016 00:00:00,0.2382,0.6679,21.3999,0.0000,0.0000,0.0000,0.0000,0.0000,41.1955,0.0000,246.3973,26.3836,0.3571,0.6416,0.1958,0.0196,1320.5135,1030.7813,67.9589,67.9591,1.4854,1.8567,170.7739,0.0000,0.0000,0.0000,224.0032,6.3038,2414.8822
07/02/2016 00:00:00,0.2362,0.6532,22.0577,0.0000,0.0000,0.0000,0.0000,0.0000,41.0675,0.0000,246.7393,26.3223,0.3571,0.6342,0.1930,0.0193,1317.9494,1028.3955,68.2790,68.2792,1.5093,1.8866,170.5953,0.0000,0.0000,0.0000,223.3753,6.2871,2409.5251
08/02/2016 00:00:00,0.2363,0.6568,21.4210,0.0000,0.0000,0.0000,0.0000,0.0000,40.9395,0.0000,247.0812,26.2609,0.3571,0.6269,0.1902,0.0190,1315.3853,1026.0096,68.5991,68.5993,1.5332,1.9165,170.4168,0.0000,0.0000,0.0000,222.7473,6.2705,2404.1680
09/02/2016 00:00:00,0.2427,0.6505,21.6977,0.0000,0.0000,0.0000,0.0000,0.0000,40.8115,0.0000,247.4232,26.1995,0.3571,0.6195,0.1874,0.0187,1312.8212,1023.6238,68.9191,68.9193,1.5571,1.9464,170.2382,0.0000,0.0000,0.0000,222.1194,6.2538,2398.8108
10/02/2016 00:00:00,0.2398,0.6387,22.3573,0.0000,0.0000,0.0000,0.0000,0.0000,40.6835,0.0000,247.7652,26.1382,0.3571,0.6121,0.1847,0.0185,1310.2572,1021.2379,69.2392,69.2394,1.5811,1.9763,170.0596,0.0000,0.0000,0.0000,221.4914,6.2372,2393.4537
11/02/2016 00:00:00,0.2383,0.6351,21.9435,0.0000,0.0000,0.0000,0.0000,0.0000,40.5555,0.0000,248.1072,26.0768,0.3571,0.6047,0.1819,0.0182,1307.6931,1018.8521,69.5593,69.5594,1.6050,2.0062,169.8810,0.0000,0.0000,0.0000,220.8635,6.2205,2388.0965
12/02/2016 00:00:00,0.2411,0.6356,22.2204,0.0000,0.0000,0.0000,0.0000,0.0000,40.4275,0.0000,248.4491,26.0155,0.3571,0.5973,0.1791,0.0179,1305.1290,1016.4662,69.8793,69.8795,1.6289,2.0361,169.7025,0.0000,0.0000,0.0000,220.2356,6.2038,2382.7394
13/02/2016 00:00:00,0.2359,0.6325,22.7249,0.0000,0.0000,0.0000,0.0000,0.0000,40.2995,0.0000,248.7911,25.9541,0.3571,0.5899,0.1763,0.0176,1302.5649,1014.0804,70.1994,70.1996,1.6528,2.0660,169.5239,0.0000,0.0000,0.0000,219.6076,6.1872,2377.3822
14/02/2016 00:00:00,0.2297,0.6327,21.5814,0.0000,0.0000,0.0000,0.0000,0.0000,40.1715,0.0000,249.1331,25.8928,0.3571,0.5825,0.1735,0.0174,1300.0008,1011.6945,70.5195,70.5196,1.6767,2.0959,169.3453,0.0000,0.0000,0.0000,218.9797,6.1705,2372.0251
15/02/2016 00:00:00,0.2218,0.6329,21.5311,0.0000,0.0000,0.0000,0.0000,0.0000,40.0435,0.0000,249.4751,25.8314,0.3571,0.5751,0.1707,0.0171,1297.4367,1009.3087,70.8396,70.8397,1.7006,2.1258,169.1668,0.0000,0.0000,0.0000,218.3517,6.1539,2366.6680
16/02/2016 00:00:00,0.2178,0.6334,20.6865,0.0000,0.0000,0.0000,0.0000,0.0000,39.9155,0.0000,249.8170,25.7700,0.3571,0.5677,0.1680,0.0168,1294.8726,1006.9228,71.1596,71.1597,1.7245,2.1557,168.9882,0.0000,0.0000,0.0000,217.7238,6.1372,2361.3108
17/02/2016 00:00:00,0.2323,0.6366,19.1086,0.0000,0.0000,0.0000,0.0000,0.0000,39.7875,0.0000,250.1590,25.7087,0.3571,0.5604,0.1652,0.0165,1292.3085,1004.5370,71.4797,71.4798,1.7484,2.1856,168.8096,0.0000,0.0000,0.0000,217.0958,6.1205,2355.9537
18/02/2016 00:00:00,0.2359,0.6327,20.1692,0.0000,0.0000,0.0000,0.0000,0.0000,39.6595,0.0000,250.5010,25.6473,0.3571,0.5530,0.1624,0.0162,1289.7444,1002.1511,71.7998,71.7998,1.7724,2.2155,168.6310,0.0000,0.0000,0.0000,216.4679,6.1039,2350.5965
19/02/2016 00:00:00,0.2363,0.6308,20.6046,0.0000,0.0000,0.0000,0.0000,0.0000,39.5315,0.0000,250.8430,25.5860,0.3571,0.5456,0.1596,0.0160,1287.1803,999.7653,72.1198,72.1199,1.7963,2.2453,168.4525,0.0000,0.0000,0.0000,215.8400,6.0872,2345.2394
20/02/2016 00:00:00,10.0759,0.6327,19.7159,0.0000,0.0000,0.0000,0.0000,0.0000,39.4034,0.0000,251.1849,25.5246,0.3571,0.5382,0.1568,0.0157,1284.6162,997.3794,72.4399,72.4400,1.8202,2.2752,168.2739,0.0000,0.0000,0.0000,215.2120,6.0706,2339.8822
21/02/2016 00:00:00,9.8112,0.6354,20.3076,0.0000,0.0000,0.0000,0.0000,0.0000,39.2754,0.0000,251.5269,25.4633,0.3571,0.5308,0.1541,0.0154,1282.0521,994.9936,72.7600,72.7600,1.8441,2.3051,168.0953,0.0000,0.0000,0.0000,214.5841,6.0539,2334.5251
22/02/2016 00:00:00,0.2445,0.6309,21.2765,0.0000,0.0000,0.0000,0.0000,0.0000,39.1474,0.0000,251.8689,25.4019,0.3571,0.5234,0.1513,0.0151,1279.4880,992.6077,73.0800,73.0801,1.8680,2.3350,167.9168,0.0000,0.0000,0.0000,213.9561,6.0372,2329.1680
23/02/2016 00:00:00,0.2412,0.6283,21.8145,0.0000,0.0000,0.0000,0.0000,0.0000,39.0194,0.0000,252.2109,25.3405,0.3571,0.5160,0.1485,0.0148,1276.9240,990.2219,73.4001,73.4001,1.8919,2.3649,167.7382,0.0000,0.0000,0.0000,213.3282,6.0206,2323.8108
24/02/2016 00:00:00,0.3286,0.6257,21.9939,0.0000,0.0000,0.0000,0.0000,0.0000,38.8914,0.0000,252.5528,25.2792,0.3571,0.5086,0.1457,0.0146,1274.3599,987.8360,73.7202,73.7202,1.9158,2.3948,167.5596,0.0000,0.0000,0.0000,212.7002,6.0039,2318.4537
25/02/2016 00:00:00,0.4327,0.6218,22.0605,0.0000,0.0000,0.0000,0.0000,0.0000,38.7634,0.0000,252.8948,25.2178,0.3571,0.5012,0.1429,0.0143,1271.7958,985.4502,74.0402,74.0403,1.9398,2.4247,167.3810,0.0000,0.0000,0.0000,212.0723,5.9873,2313.0965
26/02/2016 00:00:00,0.4460,0.6237,21.1389,0.0000,0.0000,0.0000,0.0000,0.0000,38.6354,0.0000,253.2368,25.1565,0.3571,0.4938,0.1402,0.0140,1269.2317,983.0643,74.3603,74.3603,1.9637,2.4546,167.2025,0.0000,0.0000,0.0000,211.4443,5.9706,2307.7394
27/02/2016 00:00:00,0.4791,0.6275,21.4117,0.0000,0.0000,0.0000,0.0000,0.0000,38.5074,0.0000,253.5788,25.0951,0.3571,0.4865,0.1374,0.0137,1266.6676,980.6785,74.6804,74.6804,1.9876,2.4845,167.0239,0.0000,0.0000,0.0000,210.8164,5.9539,2302.3822
28/02/2016 00:00:00,0.4950,0.6285,21.6562,0.0000,0.0000,0.0000,0.0000,0.0000,38.3794,0.0000,253.9207,25.0338,0.3571,0.4791,0.1346,0.0135,1264.1035,978.2926,75.0004,75.0004,2.0115,2.5144,166.8453,0.0000,0.0000,0.0000,210.1885,5.9373,2297.0251
29/02/2016 00:00:00,0.5344,0.6319,21.9880,0.0000,0.0000,0.0000,0.0000,0.0000,38.2514,0.0000,254.2627,24.9724,0.3571,0.4717,0.1318,0.0132,1261.5394,975.9068,75.3205,75.3205,2.0354,2.5443,166.6668,0.0000,0.0000,0.0000,209.5605,5.9206,2291.6680
01/03/2016 00:00:00,0.5508,0.6316,22.4430,0.0000,0.0000,0.0000,0.0000,0.0000,38.1234,0.0000,254.6047,24.9110,0.3571,0.4643,0.1290,0.0129,1258.9753,973.5209,75.6406,75.6405,2.0593,2.5742,166.4882,0.0000,0.0000,0.0000,208.9326,5.9039,2286.3108
02/03/2016 00:00:00,0.4957,0.6271,23.0959,0.0000,0.0000,0.0000,0.0000,0.0000,37.9954,0.0000,254.9467,25.4467,0.3571,0.4639,0.1308,0.0131,1256.4112,971.1351,75.2722,75.2723,2.0418,2.5523,166.3096,0.0000,0.0000,0.0000,208.3046,5.8873,2280.9537
03/03/2016 00:00:00,0.4856,0.6303,22.2304,0.0000,0.0000,0.0000,0.0000,0.0000,37.8674,0.0000,255.2886,25.9824,0.3571,0.4635,0.1325,0.0132,1253.8471,968.7492,74.9034,74.9035,2.0243,2.5304,166.1310,0.0000,0.0000,0.0000,207.6767,5.8706,2275.5965
04/03/2016 00:00:00,0.4883,0.6316,22.3409,0.0000,0.0000,0.0000,0.0000,0.0000,37.7394,0.0000,255.6306,26.5181,0.3571,0.4631,0.1342,0.0134,1251.2830,966.3634,74.5346,74.5347,2.0068,2.5085,165.9525,0.0000,0.0000,0.0000,207.0487,5.8540,2270.2394
05/03/2016 00:00:00,0.5037,0.6297,22.3921,0.0000,0.0000,0.0000,0.0000,0.0000,37.6113,0.0000,255.9726,27.0538,0.3571,0.4627,0.1360,0.0136,1248.7189,963.9775,74.1659,74.1659,1.9893,2.4866,165.7739,0.0000,0.0000,0.0000,206.4208,5.8373,2264.8822
06/03/2016 00:00:00,0.4747,0.6278,22.5781,0.0000,0.0000,0.0000,0.0000,0.0000,37.4833,0.0000,256.3146,27.5895,0.3571,0.4624,0.1377,0.0138,1246.1548,961.5917,73.7971,73.7971,1.9718,2.4647,165.5953,0.0000,0.0000,0.0000,205.7929,5.8206,2259.5251
07/03/2016 00:00:00,0.4513,0.6243,22.1576,0.0000,0.0000,0.0000,0.0000,0.0000,37.3553,0.0000,256.6565,28.1253,0.3571,0.4620,0.1394,0.0139,1243.5907,959.2058,73.4283,73.4283,1.9542,2.4428,165.4168,0.0000,0.0000,0.0000,205.1649,5.8040,2254.1680
08/03/2016 00:00:00,0.4784,0.6256,22.3560,0.0000,0.0000,0.0000,0.0000,0.0000,37.2273,0.0000,256.9985,28.6610,0.3571,0.4616,0.1412,0.0141,1241.0267,956.8200,73.0595,73.0595,1.9367,2.4209,165.2382,0.0000,0.0000,0.0000,204.5370,5.7873,2248.8108
09/03/2016 00:00:00,0.4869,0.6225,22.9882,0.0000,0.0000,0.0000,0.0000,0.0000,37.0993,0.0000,257.3405,29.1967,0.3571,0.4612,0.1429,0.0143,1238.4626,954.4341,72.6907,72.6907,1.9192,2.3990,165.0596,0.0000,0.0000,0.0000,203.9090,5.7707,2243.4537
10/03/2016 00:00:00,0.5174,0.6242,23.4598,0.0000,0.0000,0.0000,0.0000,0.0000,36.9713,0.0000,257.6825,29.7324,0.3571,0.4608,0.1446,0.0145,1235.8985,952.0483,72.3219,72.3219,1.9017,2.3771,164.8810,0.0000,0.0000,0.0000,203.2811,5.7540,2238.0965
11/03/2016 00:00:00,0.5110,0.6194,24.1800,0.0000,0.0000,0.0000,0.0000,0.0000,36.8433,0.0000,258.0244,30.2682,0.3571,0.4604,0.1464,0.0146,1233.3344,949.6624,71.9532,71.9531,1.8842,2.3552,164.7025,0.0000,0.0000,0.0000,202.6531,5.7373,2232.7394
12/03/2016 00:00:00,0.5094,0.6184,23.7171,0.0000,0.0000,0.0000,0.0000,0.0000,36.7153,0.0000,258.3664,30.8039,0.3571,0.4601,0.1481,0.0148,1230.7703,947.2765,71.5844,71.5844,1.8667,2.3333,164.5239,0.0000,0.0000,0.0000,202.0252,5.7207,2227.3823
13/03/2016 00:00:00,13.3900,0.6179,23.0286,0.0000,0.0000,0.0000,0.0000,0.0000,36.5873,0.0000,258.7084,31.3396,0.3571,0.4597,0.1498,0.0150,1228.2062,944.8907,71.2156,71.2156,1.8491,2.3114,164.3453,0.0000,0.0000,0.0000,201.3972,5.7040,2222.0251
14/03/2016 00:00:00,0.4760,0.6178,21.1124,0.0000,0.0000,0.0000,0.0000,0.0000,36.4593,0.0000,259.0504,31.8753,0.3571,0.4593,0.1516,0.0152,1225.6421,942.5048,70.8468,70.8468,1.8316,2.2895,164.1668,0.0000,0.0000,0.0000,200.7693,5.6874,2216.6680
15/03/2016 00:00:00,0.5440,0.6241,19.7106,0.0000,0.0000,0.0000,0.0000,0.0000,36.3313,0.0000,259.3923,32.4110,0.3571,0.4589,0.1533,0.0153,1223.0780,940.1190,70.4780,70.4780,1.8141,2.2676,163.9882,0.0000,0.0000,0.0000,200.1414,5.6707,2211.3108
16/03/2016 00:00:00,0.5368,0.6255,21.0598,0.0000,0.0000,0.0000,0.0000,0.0000,36.2033,0.0000,259.7343,32.9468,0.3571,0.4585,0.1550,0.0155,1220.5139,937.7331,70.1092,70.1092,1.7966,2.2458,163.8096,0.0000,0.0000,0.0000,199.5134,5.6540,2205.9537
17/03/2016 00:00:00,29.2864,0.6176,22.3999,0.0000,0.0000,0.0000,0.0000,0.0000,36.0753,0.0000,260.0763,33.4825,0.3571,0.4581,0.1568,0.0157,1217.9498,935.3473,69.7404,69.7404,1.7791,2.2239,163.6310,0.0000,0.0000,0.0000,198.8855,5.6374,2200.5965
18/03/2016 00:00:00,0.1279,1.0935,19.4987,0.0000,0.0000,0.0000,0.0000,0.0000,35.9473,0.0000,260.4183,34.0182,0.3571,0.4578,0.1585,0.0159,1215.3857,932.9614,69.3717,69.3716,1.7616,2.2020,163.4525,0.0000,0.0000,0.0000,198.2575,5.6207,2195.2394
19/03/2016 00:00:00,0.4334,1.0096,18.5350,0.0000,0.0000,0.0000,0.0000,0.0000,35.8192,0.0000,260.7602,34.5539,0.3571,0.4574,0.1602,0.0160,1212.8216,930.5756,69.0029,69.0028,1.7441,2.1801,163.2739,0.0000,0.0000,0.0000,197.6296,5.6041,2189.8823
20/03/2016 00:00:00,0.4925,0.9317,18.6038,0.0000,0.0000,0.0000,0.0000,0.0000,35.6912,0.0000,261.1022,35.0897,0.3571,0.4570,0.1620,0.0162,1210.2575,928.1897,68.6341,68.6340,1.7265,2.1582,163.0953,0.0000,0.0000,0.0000,197.0016,5.5874,2184.5251
21/03/2016 00:00:00,0.5122,0.8657,18.7241,0.0000,0.0000,0.0000,0.0000,0.0000,35.5632,0.0000,261.4442,35.6254,0.3571,0.4566,0.1637,0.0164,1207.6935,925.8039,68.2653,68.2652,1.7090,2.1363,162.9168,0.0000,0.0000,0.0000,196.3737,5.5707,2179.1680
22/03/2016 00:00:00,0.5219,0.8077,19.5003,0.0000,0.0000,0.0000,0.0000,0.0000,35.4352,0.0000,261.7862,36.1611,0.3571,0.4562,0.1655,0.0165,1205.1294,923.4180,67.8965,67.8965,1.6915,2.1144,162.7382,0.0000,0.0000,0.0000,195.7457,5.5541,2173.8108
23/03/2016 00:00:00,0.4665,0.7668,20.0470,0.0000,0.0000,0.0000,0.0000,0.0000,35.3072,0.0000,262.1281,36.6968,0.3571,0.4558,0.1672,0.0167,1202.5653,921.0322,67.5277,67.5277,1.6740,2.0925,162.5596,0.0000,0.0000,0.0000,195.1178,5.5374,2168.4537
24/03/2016 00:00:00,0.4929,0.7365,19.7140,0.0000,0.0000,0.0000,0.0000,0.0000,35.1792,0.0000,262.4701,37.2325,0.3571,0.4555,0.1689,0.0169,1200.0012,918.6463,67.1590,67.1589,1.6565,2.0706,162.3810,0.0000,0.0000,0.0000,194.4899,5.5207,2163.0965
25/03/2016 00:00:00,0.4793,0.7200,19.3100,0.0000,0.0000,0.0000,0.0000,0.0000,35.0512,0.0000,262.8121,37.7683,0.3571,0.4551,0.1707,0.0171,1197.4371,916.2605,66.7902,66.7901,1.6390,2.0487,162.2025,0.0000,0.0000,0.0000,193.8619,5.5041,2157.7394
26/03/2016 00:00:00,0.4740,0.7101,19.2984,0.0000,0.0000,0.0000,0.0000,0.0000,34.9232,0.0000,263.1541,38.3040,0.3571,0.4547,0.1724,0.0172,1194.8730,913.8746,66.4214,66.4213,1.6214,2.0268,162.0239,0.0000,0.0000,0.0000,193.2340,5.4874,2152.3823
27/03/2016 00:00:00,0.4869,0.6993,19.1078,0.0000,0.0000,0.0000,0.0000,0.0000,34.7952,0.0000,263.4960,38.8397,0.3571,0.4543,0.1741,0.0174,1192.3089,911.4888,66.0526,66.0525,1.6039,2.0049,161.8453,0.0000,0.0000,0.0000,192.6060,5.4708,2147.0251
28/03/2016 00:00:00,0.5190,0.6985,17.4875,0.0000,0.0000,0.0000,0.0000,0.0000,34.6672,0.0000,263.8380,39.3754,0.3571,0.4539,0.1759,0.0176,1189.7448,909.1029,65.6838,65.6837,1.5864,1.9830,161.6668,0.0000,0.0000,0.0000,191.9781,5.4541,2141.6680
29/03/2016 00:00:00,0.5085,0.6922,17.1680,0.0000,0.0000,0.0000,0.0000,0.0000,34.5392,0.0000,264.1800,39.9112,0.3571,0.4535,0.1776,0.0178,1187.1807,906.7171,65.3150,65.3149,1.5689,1.9611,161.4882,0.0000,0.0000,0.0000,191.3501,5.4374,2136.3108
30/03/2016 00:00:00,0.4982,0.6905,17.1534,0.0000,0.0000,0.0000,0.0000,0.0000,34.4112,0.0000,264.5220,40.4469,0.3571,0.4531,0.1793,0.0179,1184.6166,904.3312,64.9462,64.9461,1.5514,1.9392,161.3096,0.0000,0.0000,0.0000,190.7222,5.4208,2130.9537
31/03/2016 00:00:00,0.5010,0.6842,17.5669,0.0000,0.0000,0.0000,0.0000,0.0000,34.2832,0.0000,264.8639,40.9826,0.3571,0.4528,0.1811,0.0181,1182.0525,901.9454,64.5775,64.5774,1.5339,1.9173,161.1310,0.0000,0.0000,0.0000,190.0943,5.4041,2125.5965
01/04/2016 00:00:00,0.4845,0.6781,17.8142,0.0000,0.0000,0.0000,0.0000,0.0000,34.1552,0.0000,265.2059,41.5183,0.3571,0.4524,0.1828,0.0183,1179.4884,899.5595,64.2087,64.2086,1.5164,1.8954,160.9525,0.0000,0.0000,0.0000,189.4663,5.3875,2120.2394
02/04/2016 00:00:00,0.4223,0.6740,18.1717,0.0000,0.0000,0.0000,0.0000,0.0000,34.0271,0.0000,265.5479,44.4638,0.3571,0.5396,0.2004,0.0200,1176.9243,897.1737,64.1542,64.1542,1.5199,1.8999,160.7739,0.0000,0.0000,0.0000,188.8384,5.3708,2114.8823
03/04/2016 00:00:00,0.4740,0.6706,17.8153,0.0000,0.0000,0.0000,0.0000,0.0000,33.8991,0.0000,265.8899,47.4096,0.3571,0.6269,0.2179,0.0218,1174.3602,894.7878,64.1001,64.1001,1.5235,1.9044,160.5953,0.0000,0.0000,0.0000,188.2104,5.3541,2109.5251
04/04/2016 00:00:00,0.5097,0.6694,17.7613,0.0000,0.0000,0.0000,0.0000,0.0000,33.7711,0.0000,266.2318,50.3553,0.3571,0.7142,0.2355,0.0235,1171.7962,892.4020,64.0460,64.0459,1.5270,1.9088,160.4168,0.0000,0.0000,0.0000,187.5825,5.3375,2104.1680
05/04/2016 00:00:00,0.4730,0.6669,18.0867,0.0000,0.0000,0.0000,0.0000,0.0000,33.6431,0.0000,266.5738,53.3010,0.3571,0.8015,0.2530,0.0253,1169.2321,890.0161,63.9918,63.9918,1.5306,1.9133,160.2382,0.0000,0.0000,0.0000,186.9545,5.3208,2098.8108
06/04/2016 00:00:00,0.4069,0.6565,17.9117,0.0000,0.0000,0.0000,0.0000,0.0000,33.5151,0.0000,266.9158,56.2468,0.3571,0.8888,0.2706,0.0271,1166.6680,887.6303,63.9377,63.9377,1.5342,1.9177,160.0596,0.0000,0.0000,0.0000,186.3266,5.3042,2093.4537
07/04/2016 00:00:00,8.5969,0.6589,16.9724,0.0000,0.0000,0.0000,0.0000,0.0000,33.3871,0.0000,267.2578,59.1925,0.3571,0.9761,0.2882,0.0288,1164.1039,885.2444,63.8835,63.8835,1.5377,1.9222,159.8810,0.0000,0.0000,0.0000,185.6986,5.2875,2088.0965
08/04/2016 00:00:00,3.0924,0.6600,16.7435,0.0000,0.0000,0.0000,0.0000,0.0000,33.2591,0.0000,267.5997,62.1383,0.3571,1.0634,0.3057,0.0306,1161.5398,882.8586,63.8294,63.8294,1.5413,1.9266,159.7025,0.0000,0.0000,0.0000,185.0707,5.2708,2082.7394
09/04/2016 00:00:00,8.0765,0.6597,16.6666,0.0000,0.0000,0.0000,0.0000,0.0000,33.1311,0.0000,267.9417,65.0840,0.3571,1.1507,0.3233,0.0323,1158.9757,880.4727,63.7753,63.7752,1.5449,1.9311,159.5239,0.0000,0.0000,0.0000,184.4428,5.2542,2077.3823
10/04/2016 00:00:00,9.2185,0.6560,17.3542,0.0000,0.0000,0.0000,0.0000,0.0000,33.0031,0.0000,268.2837,68.0298,0.3571,1.2380,0.3409,0.0341,1156.4116,878.0869,63.7211,63.7211,1.5484,1.9355,159.3453,0.0000,0.0000,0.0000,183.8148,5.2375,2072.0251
11/04/2016 00:00:00,2.7692,0.6719,17.8283,0.0000,0.0000,0.0000,0.0000,0.0000,32.8751,0.0000,268.6257,70.9755,0.3571,1.3253,0.3584,0.0358,1153.8475,875.7010,63.6670,63.6670,1.5520,1.9400,159.1668,0.0000,0.0000,0.0000,183.1869,5.2209,2066.6680
12/04/2016 00:00:00,0.4592,0.6484,17.9176,0.0000,0.0000,0.0000,0.0000,0.0000,32.7471,0.0000,268.9676,73.9212,0.3571,1.4126,0.3760,0.0376,1151.2834,873.3152,63.6128,63.6128,1.5555,1.9444,158.9882,0.0000,0.0000,0.0000,182.5589,5.2042,2061.3108
13/04/2016 00:00:00,0.5230,0.6308,17.8143,0.0000,0.0000,0.0000,0.0000,0.0000,32.6191,0.0000,269.3096,76.8670,0.3571,1.4999,0.3935,0.0394,1148.7193,870.9293,63.5587,63.5587,1.5591,1.9489,158.8096,0.0000,0.0000,0.0000,181.9310,5.1875,2055.9537
14/04/2016 00:00:00,0.5364,0.6199,18.0722,0.0000,0.0000,0.0000,0.0000,0.0000,32.4911,0.0000,269.6516,79.8127,0.3571,1.5872,0.4111,0.0411,1146.1552,868.5435,63.5046,63.5045,1.5627,1.9533,158.6310,0.0000,0.0000,0.0000,181.3030,5.1709,2050.5965
15/04/2016 00:00:00,0.5132,0.6053,18.6091,0.0000,0.0000,0.0000,0.0000,0.0000,32.3631,0.0000,269.9936,82.7585,0.3571,1.6745,0.4287,0.0429,1143.5911,866.1576,63.4504,63.4504,1.5662,1.9578,158.4525,0.0000,0.0000,0.0000,180.6751,5.1542,2045.2394
16/04/2016 00:00:00,0.4787,0.5914,18.2489,0.0000,0.0000,0.0000,0.0000,0.0000,32.2350,0.0000,270.3355,85.7042,0.3571,1.7618,0.4462,0.0446,1141.0270,863.7718,63.3963,63.3963,1.5698,1.9622,158.2739,0.0000,0.0000,0.0000,180.0471,5.1375,2039.8823
17/04/2016 00:00:00,0.5254,0.5823,16.8630,0.0000,0.0000,0.0000,0.0000,0.0000,32.1070,0.0000,270.6775,88.6500,0.3571,1.8491,0.4638,0.0464,1138.4630,861.3859,63.3421,63.3421,1.5734,1.9667,158.0953,0.0000,0.0000,0.0000,179.4192,5.1209,2034.5251
18/04/2016 00:00:00,0.5384,0.5729,16.4015,0.0000,0.0000,0.0000,0.0000,0.0000,31.9790,0.0000,271.0195,91.5957,0.3571,1.9364,0.4814,0.0481,1135.8989,859.0000,63.2880,63.2880,1.5769,1.9711,157.9168,0.0000,0.0000,0.0000,178.7913,5.1042,2029.1680
19/04/2016 00:00:00,0.5293,0.5626,16.9378,0.0000,0.0000,0.0000,0.0000,0.0000,31.8510,0.0000,271.3615,94.5415,0.3571,2.0237,0.4989,0.0499,1133.3348,856.6142,63.2339,63.2338,1.5805,1.9756,157.7382,0.0000,0.0000,0.0000,178.1633,5.0876,2023.8108
20/04/2016 00:00:00,0.5214,0.5512,17.7586,0.0000,0.0000,0.0000,0.0000,0.0000,31.7230,0.0000,271.7034,97.4872,0.3571,2.1110,0.5165,0.0516,1130.7707,854.2283,63.1797,63.1797,1.5840,1.9801,157.5596,0.0000,0.0000,0.0000,177.5354,5.0709,2018.4537
21/04/2016 00:00:00,0.4612,0.5367,18.1622,0.0000,0.0000,0.0000,0.0000,0.0000,31.5950,0.0000,272.0454,100.4329,0.3571,2.1983,0.5340,0.0534,1128.2066,851.8425,63.1256,63.1256,1.5876,1.9845,157.3810,0.0000,0.0000,0.0000,176.9074,5.0542,2013.0965
22/04/2016 00:00:00,0.4935,0.5236,17.2313,0.0000,0.0000,0.0000,0.0000,0.0000,31.4670,0.0000,272.3874,103.3787,0.3571,2.2856,0.5516,0.0552,1125.6425,849.4566,63.0714,63.0714,1.5912,1.9890,157.2025,0.0000,0.0000,0.0000,176.2795,5.0376,2007.7394
23/04/2016 00:00:00,0.5208,0.5127,16.2258,0.0000,0.0000,0.0000,0.0000,0.0000,31.3390,0.0000,272.7294,106.3244,0.3571,2.3729,0.5692,0.0569,1123.0784,847.0708,63.0173,63.0173,1.5947,1.9934,157.0239,0.0000,0.0000,0.0000,175.6515,5.0209,2002.3823
24/04/2016 00:00:00,0.5511,0.5047,16.4038,0.0000,0.0000,0.0000,0.0000,0.0000,31.2110,0.0000,273.0713,109.2702,0.3571,2.4602,0.5867,0.0587,1120.5143,844.6849,62.9632,62.9631,1.5983,1.9979,156.8453,0.0000,0.0000,0.0000,175.0236,5.0043,1997.0251
25/04/2016 00:00:00,0.5438,0.4949,16.7951,0.0000,0.0000,0.0000,0.0000,0.0000,31.0830,0.0000,273.4133,112.2159,0.3571,2.5475,0.6043,0.0604,1117.9502,842.2991,62.9090,62.9090,1.6019,2.0023,156.6668,0.0000,0.0000,0.0000,174.3957,4.9876,1991.6680
26/04/2016 00:00:00,0.5567,0.4863,17.2359,0.0000,0.0000,0.0000,0.0000,0.0000,30.9550,0.0000,273.7553,115.1617,0.3571,2.6348,0.6219,0.0622,1115.3861,839.9132,62.8549,62.8549,1.6054,2.0068,156.4882,0.0000,0.0000,0.0000,173.7677,4.9709,1986.3108
27/04/2016 00:00:00,32.5396,0.4739,16.9048,0.0000,0.0000,0.0000,0.0000,0.0000,30.8270,0.0000,274.0973,118.1074,0.3571,2.7221,0.6394,0.0639,1112.8220,837.5274,62.8007,62.8007,1.6090,2.0112,156.3096,0.0000,0.0000,0.0000,173.1398,4.9543,1980.9537
28/04/2016 00:00:00,0.4845,0.4655,17.0579,0.0000,0.0000,0.0000,0.0000,0.0000,30.6990,0.0000,274.4392,121.0531,0.3571,2.8095,0.6570,0.0657,1110.2579,835.1415,62.7466,62.7466,1.6125,2.0157,156.1310,0.0000,0.0000,0.0000,172.5118,4.9376,1975.5965
29/04/2016 00:00:00,0.4727,0.4563,17.5358,0.0000,0.0000,0.0000,0.0000,0.0000,30.5710,0.0000,274.7812,123.9989,0.3571,2.8968,0.6745,0.0675,1107.6938,832.7557,62.6925,62.6924,1.6161,2.0201,155.9525,0.0000,0.0000,0.0000,171.8839,4.9210,1970.2394
30/04/2016 00:00:00,0.3957,0.5207,17.4530,0.0000,0.0000,0.0000,0.0000,0.0000,30.4430,0.0000,275.1232,126.9446,0.3571,2.9841,0.6921,0.0692,1105.1298,830.3698,62.6383,62.6383,1.6197,2.0246,155.7739,0.0000,0.0000,0.0000,171.2559,4.9043,1964.8823
01/05/2016 00:00:00,0.0174,14.8656,16.2788,0.0000,0.0000,0.0000,0.0000,0.0000,30.3149,0.0000,275.4652,129.8904,0.3571,3.0714,0.7097,0.0710,1102.5657,827.9840,62.5842,62.5842,1.6232,2.0290,155.5953,0.0000,0.0000,0.0000,170.6280,4.8876,1959.5251
02/05/2016 00:00:00,0.2658,4.4373,15.7548,0.0000,0.0000,0.0000,0.0000,0.0000,30.1869,0.0000,275.8071,128.1156,0.3571,2.9885,0.6977,0.0698,1100.0016,825.5981,62.9340,62.9341,1.6282,2.0353,155.4168,0.0000,0.0000,0.0000,170.0000,4.8710,1954.1680
03/05/2016 00:00:00,0.0159,14.1280,15.7984,0.0000,0.0000,0.0000,0.0000,0.0000,30.0589,0.0000,276.1491,126.3362,0.3571,2.9056,0.6858,0.0686,1097.4375,823.2123,63.2841,63.2842,1.6332,2.0415,155.2382,0.0000,0.0000,0.0000,169.3721,4.8543,1948.8108
04/05/2016 00:00:00,0.0364,15.3285,15.2930,0.0000,0.0000,0.0000,0.0000,0.0000,29.9309,0.0000,276.4911,124.5568,0.3571,2.8226,0.6738,0.0674,1094.8734,820.8264,63.6342,63.6343,1.6382,2.0477,155.0596,0.0000,0.0000,0.0000,168.7442,4.8377,1943.4537
05/05/2016 00:00:00,0.1338,7.5418,15.7310,0.0000,0.0000,0.0000,0.0000,0.0000,29.8029,0.0000,276.8331,122.7774,0.3571,2.7397,0.6618,0.0662,1092.3093,818.4406,63.9843,63.9844,1.6432,2.0540,154.8810,0.0000,0.0000,0.0000,168.1162,4.8210,1938.0966
06/05/2016 00:00:00,0.1657,3.2064,16.2062,0.0000,0.0000,0.0000,0.0000,0.0000,29.6749,0.0000,277.1750,120.9980,0.3571,2.6567,0.6499,0.0650,1089.7452,816.0547,64.3344,64.3345,1.6482,2.0602,154.7025,0.0000,0.0000,0.0000,167.4883,4.8043,1932.7394
07/05/2016 00:00:00,13.1582,2.0193,16.3397,0.0000,0.0000,0.0000,0.0000,0.0000,29.5469,0.0000,277.5170,119.2186,0.3571,2.5738,0.6379,0.0638,1087.1811,813.6689,64.6846,64.6847,1.6532,2.0664,154.5239,0.0000,0.0000,0.0000,166.8603,4.7877,1927.3823
08/05/2016 00:00:00,0.2124,1.5571,16.2457,0.0000,0.0000,0.0000,0.0000,0.0000,29.4189,0.0000,277.8590,117.4392,0.3571,2.4908,0.6259,0.0626,1084.6170,811.2830,65.0347,65.0348,1.6581,2.0727,154.3453,0.0000,0.0000,0.0000,166.2324,4.7710,1922.0251
09/05/2016 00:00:00,0.1215,4.9640,15.7742,0.0000,0.0000,0.0000,0.0000,0.0000,29.2909,0.0000,278.2010,115.6598,0.3571,2.4079,0.6140,0.0614,1082.0529,808.8972,65.3848,65.3849,1.6631,2.0789,154.1668,0.0000,0.0000,0.0000,165.6044,4.7544,1916.6680
10/05/2016 00:00:00,0.0000,14.0729,15.3322,0.0000,0.0000,0.0000,0.0000,0.0000,29.1629,0.0000,278.5429,113.8804,0.3571,2.3249,0.6020,0.0602,1079.4888,806.5113,65.7349,65.7350,1.6681,2.0851,153.9882,0.0000,0.0000,0.0000,164.9765,4.7377,1911.3108
11/05/2016 00:00:00,0.0652,13.7872,15.0573,0.0000,0.0000,0.0000,0.0000,0.0000,29.0349,0.0000,278.8849,112.1010,0.3571,2.2420,0.5900,0.0590,1076.9247,804.1255,66.0850,66.0851,1.6731,2.0914,153.8096,0.0000,0.0000,0.0000,164.3486,4.7210,1905.9537
12/05/2016 00:00:00,0.0958,10.4753,15.9088,0.0000,0.0000,0.0000,0.0000,0.0000,28.9069,0.0000,279.2269,110.3216,0.3571,2.1590,0.5780,0.0578,1074.3606,801.7396,66.4351,66.4352,1.6781,2.0976,153.6310,0.0000,0.0000,0.0000,163.7206,4.7044,1900.5966
13/05/2016 00:00:00,0.1834,4.7172,16.2139,0.0000,0.0000,0.0000,0.0000,0.0000,28.7789,0.0000,279.5689,108.5422,0.3571,2.0761,0.5661,0.0566,1071.7965,799.3538,66.7853,66.7853,1.6831,2.1039,153.4525,0.0000,0.0000,0.0000,163.0927,4.6877,1895.2394
14/05/2016 00:00:00,0.2144,2.2482,15.3135,0.0000,0.0000,0.0000,0.0000,0.0000,28.6509,0.0000,279.9108,106.7628,0.3571,1.9931,0.5541,0.0554,1069.2325,796.9679,67.1354,67.1354,1.6881,2.1101,153.2739,0.0000,0.0000,0.0000,162.4647,4.6710,1889.8823
15/05/2016 00:00:00,0.2101,1.9243,15.2971,0.0000,0.0000,0.0000,0.0000,0.0000,28.5228,0.0000,280.2528,104.9834,0.3571,1.9102,0.5421,0.0542,1066.6684,794.5821,67.4855,67.4855,1.6931,2.1163,153.0953,0.0000,0.0000,0.0000,161.8368,4.6544,1884.5251
16/05/2016 00:00:00,0.2110,1.8923,15.2458,0.0000,0.0000,0.0000,0.0000,0.0000,28.3948,0.0000,280.5948,103.2040,0.3571,1.8272,0.5302,0.0530,1064.1043,792.1962,67.8356,67.8356,1.6980,2.1226,152.9168,0.0000,0.0000,0.0000,161.2088,4.6377,1879.1680
17/05/2016 00:00:00,0.1963,1.8083,15.0343,0.0000,0.0000,0.0000,0.0000,0.0000,28.2668,0.0000,280.9368,101.4246,0.3571,1.7443,0.5182,0.0518,1061.5402,789.8104,68.1857,68.1857,1.7030,2.1288,152.7382,0.0000,0.0000,0.0000,160.5809,4.6211,1873.8108
18/05/2016 00:00:00,0.2032,1.7940,15.2227,0.0000,0.0000,0.0000,0.0000,0.0000,28.1388,0.0000,281.2787,99.6452,0.3571,1.6613,0.5062,0.0506,1058.9761,787.4245,68.5358,68.5358,1.7080,2.1350,152.5596,0.0000,0.0000,0.0000,159.9529,4.6044,1868.4537
19/05/2016 00:00:00,0.1565,1.9971,15.3038,0.0000,0.0000,0.0000,0.0000,0.0000,28.0108,0.0000,281.6207,97.8658,0.3571,1.5784,0.4943,0.0494,1056.4120,785.0387,68.8859,68.8859,1.7130,2.1413,152.3810,0.0000,0.0000,0.0000,159.3250,4.5877,1863.0966
20/05/2016 00:00:00,0.1886,2.1047,15.3068,0.0000,0.0000,0.0000,0.0000,0.0000,27.8828,0.0000,281.9627,96.0864,0.3571,1.4954,0.4823,0.0482,1053.8479,782.6528,69.2361,69.2360,1.7180,2.1475,152.2025,0.0000,0.0000,0.0000,158.6971,4.5711,1857.7394
21/05/2016 00:00:00,0.2199,1.6697,15.2213,0.0000,0.0000,0.0000,0.0000,0.0000,27.7548,0.0000,282.3047,94.3071,0.3571,1.4125,0.4703,0.0470,1051.2838,780.2670,69.5862,69.5861,1.7230,2.1537,152.0239,0.0000,0.0000,0.0000,158.0691,4.5544,1852.3823
22/05/2016 00:00:00,0.2009,1.3838,14.3935,0.0000,0.0000,0.0000,0.0000,0.0000,27.6268,0.0000,282.6466,92.5277,0.3571,1.3295,0.4584,0.0458,1048.7197,777.8811,69.9363,69.9362,1.7280,2.1600,151.8453,0.0000,0.0000,0.0000,157.4412,4.5378,1847.0251
23/05/2016 00:00:00,0.0858,6.0664,13.6666,0.0000,0.0000,0.0000,0.0000,0.0000,27.4988,0.0000,282.9886,90.7483,0.3571,1.2466,0.4464,0.0446,1046.1556,775.4953,70.2864,70.2863,1.7330,2.1662,151.6668,0.0000,0.0000,0.0000,156.8132,4.5211,1841.6680
24/05/2016 00:00:00,0.1622,5.0428,14.1980,0.0000,0.0000,0.0000,0.0000,0.0000,27.3708,0.0000,283.3306,88.9689,0.3571,1.1636,0.4344,0.0434,1043.5915,773.1094,70.6365,70.6364,1.7379,2.1724,151.4882,0.0000,0.0000,0.0000,156.1853,4.5044,1836.3108
25/05/2016 00:00:00,0.1756,3.0808,13.4225,0.0000,0.0000,0.0000,0.0000,0.0000,27.2428,0.0000,283.6726,87.1895,0.3571,1.0807,0.4225,0.0422,1041.0274,770.7236,70.9866,70.9865,1.7429,2.1787,151.3096,0.0000,0.0000,0.0000,155.5573,4.4878,1830.9537
26/05/2016 00:00:00,0.1370,4.1583,13.6844,0.0000,0.0000,0.0000,0.0000,0.0000,27.1148,0.0000,284.0145,85.4101,0.3571,0.9977,0.4105,0.0411,1038.4633,768.3377,71.3367,71.3367,1.7479,2.1849,151.1310,0.0000,0.0000,0.0000,154.9294,4.4711,1825.5966
27/05/2016 00:00:00,0.1083,6.1785,13.3162,0.0000,0.0000,0.0000,0.0000,0.0000,26.9868,0.0000,284.3565,83.6307,0.3571,0.9148,0.3985,0.0399,1035.8993,765.9518,71.6869,71.6868,1.7529,2.1911,150.9525,0.0000,0.0000,0.0000,154.3014,4.4545,1820.2394
28/05/2016 00:00:00,0.1026,11.1820,12.8802,0.0000,0.0000,0.0000,0.0000,0.0000,26.8588,0.0000,284.6985,81.8513,0.3571,0.8318,0.3866,0.0387,1033.3352,763.5660,72.0370,72.0369,1.7579,2.1974,150.7739,0.0000,0.0000,0.0000,153.6735,4.4378,1814.8823
29/05/2016 00:00:00,0.2244,2.6272,12.6488,0.0000,0.0000,0.0000,0.0000,0.0000,26.7307,0.0000,285.0405,80.0719,0.3571,0.7489,0.3746,0.0375,1030.7711,761.1801,72.3871,72.3870,1.7629,2.2036,150.5953,0.0000,0.0000,0.0000,153.0456,4.4211,1809.5251
30/05/2016 00:00:00,0.2339,1.5444,11.8680,0.0000,0.0000,0.0000,0.0000,0.0000,26.6027,0.0000,285.3824,78.2925,0.3571,0.6659,0.3626,0.0363,1028.2070,758.7943,72.7372,72.7371,1.7679,2.2098,150.4168,0.0000,0.0000,0.0000,152.4176,4.4045,1804.1680
31/05/2016 00:00:00,0.2297,1.4552,12.1343,0.0000,0.0000,0.0000,0.0000,0.0000,26.4747,0.0000,285.7244,76.5131,0.3571,0.5830,0.3507,0.0351,1025.6429,756.4084,73.0873,73.0872,1.7729,2.2161,150.2382,0.0000,0.0000,0.0000,151.7897,4.3878,1798.8108
01/06/2016 00:00:00,0.2302,1.3656,12.6501,0.0000,0.0000,0.0000,0.0000,0.0000,26.3467,0.0000,286.0664,74.7337,0.3571,0.5000,0.3387,0.0339,1023.0788,754.0226,73.4374,73.4373,1.7778,2.2223,150.0596,0.0000,0.0000,0.0000,151.1617,4.3712,1793.4537
02/06/2016 00:00:00,0.2325,1.2866,12.9009,0.0000,0.0000,0.0000,0.0000,0.0000,26.2187,0.0000,286.4084,73.7251,0.3571,0.5214,0.3414,0.0341,1020.5147,751.6367,72.8154,72.8157,1.7831,2.2289,149.8810,0.0000,0.0000,0.0000,150.5338,4.3545,1788.0966
03/06/2016 00:00:00,0.2318,1.2335,12.8406,0.0000,0.0000,0.0000,0.0000,0.0000,26.0907,0.0000,286.7503,72.7168,0.3571,0.5429,0.3441,0.0344,1017.9506,749.2509,72.1931,72.1934,1.7884,2.2355,149.7025,0.0000,0.0000,0.0000,149.9058,4.3378,1782.7394
04/06/2016 00:00:00,0.2287,1.1742,12.9838,0.0000,0.0000,0.0000,0.0000,0.0000,25.9627,0.0000,287.0923,71.7085,0.3571,0.5643,0.3468,0.0347,1015.3865,746.8650,71.5709,71.5711,1.7937,2.2421,149.5239,0.0000,0.0000,0.0000,149.2779,4.3212,1777.3823
05/06/2016 00:00:00,0.1924,1.7750,12.7595,0.0000,0.0000,0.0000,0.0000,0.0000,25.8347,0.0000,287.4343,70.7002,0.3571,0.5857,0.3495,0.0349,1012.8224,744.4792,70.9486,70.9488,1.7989,2.2487,149.3453,0.0000,0.0000,0.0000,148.6500,4.3045,1772.0251
06/06/2016 00:00:00,0.1071,5.9251,12.5397,0.0000,0.0000,0.0000,0.0000,0.0000,25.7067,0.0000,287.7763,69.6919,0.3571,0.6071,0.3521,0.0352,1010.2583,742.0933,70.3263,70.3265,1.8042,2.2552,149.1668,0.0000,0.0000,0.0000,148.0220,4.2878,1766.6680
07/06/2016 00:00:00,0.1692,5.6181,13.0499,0.0000,0.0000,0.0000,0.0000,0.0000,25.5787,0.0000,288.1182,68.6836,0.3571,0.6286,0.3548,0.0355,1007.6942,739.7075,69.7041,69.7042,1.8095,2.2618,148.9882,0.0000,0.0000,0.0000,147.3941,4.2712,1761.3108
08/06/2016 00:00:00,0.2233,2.3780,13.2762,0.0000,0.0000,0.0000,0.0000,0.0000,25.4507,0.0000,288.4602,67.6753,0.3571,0.6500,0.3575,0.0358,1005.1301,737.3216,69.0818,69.0820,1.8147,2.2684,148.8096,0.0000,0.0000,0.0000,146.7661,4.2545,1755.9537
09/06/2016 00:00:00,0.1004,6.3105,13.3420,0.0000,0.0000,0.0000,0.0000,0.0000,25.3227,0.0000,288.8022,66.6670,0.3571,0.6714,0.3602,0.0360,1002.5660,734.9358,68.4595,68.4597,1.8200,2.2750,148.6310,0.0000,0.0000,0.0000,146.1382,4.2379,1750.5966
10/06/2016 00:00:00,0.1942,4.0843,13.0390,0.0000,0.0000,0.0000,0.0000,0.0000,25.1947,0.0000,289.1442,65.6587,0.3571,0.6929,0.3629,0.0363,1000.0020,732.5499,67.8372,67.8374,1.8253,2.2816,148.4525,0.0000,0.0000,0.0000,145.5102,4.2212,1745.2394
11/06/2016 00:00:00,0.2129,2.5952,12.7166,0.0000,0.0000,0.0000,0.0000,0.0000,25.0667,0.0000,289.4861,64.6504,0.3571,0.7143,0.3656,0.0366,997.4379,730.1641,67.2150,67.2151,1.8305,2.2882,148.2739,0.0000,0.0000,0.0000,144.8823,4.2045,1739.8823
12/06/2016 00:00:00,0.2333,2.3369,12.5748,0.0000,0.0000,0.0000,0.0000,0.0000,24.9386,0.0000,289.8281,63.6420,0.3571,0.7357,0.3683,0.0368,994.8738,727.7782,66.5927,66.5928,1.8358,2.2948,148.0953,0.0000,0.0000,0.0000,144.2543,4.1879,1734.5251
13/06/2016 00:00:00,0.2430,1.9525,11.7265,0.0000,0.0000,0.0000,0.0000,0.0000,24.8106,0.0000,290.1701,62.6337,0.3571,0.7571,0.3710,0.0371,992.3097,725.3924,65.9704,65.9705,1.8411,2.3013,147.9168,0.0000,0.0000,0.0000,143.6264,4.1712,1729.1680
14/06/2016 00:00:00,0.2434,1.8237,11.1843,0.0000,0.0000,0.0000,0.0000,0.0000,24.6826,0.0000,290.5121,61.6254,0.3571,0.7786,0.3737,0.0374,989.7456,723.0065,65.3482,65.3483,1.8463,2.3079,147.7382,0.0000,0.0000,0.0000,142.9985,4.1546,1723.8108
15/06/2016 00:00:00,0.2441,1.6982,11.5464,0.0000,0.0000,0.0000,0.0000,0.0000,24.5546,0.0000,290.8540,60.6171,0.3571,0.8000,0.3763,0.0376,987.1815,720.6207,64.7259,64.7260,1.8516,2.3145,147.5596,0.0000,0.0000,0.0000,142.3705,4.1379,1718.4537
16/06/2016 00:00:00,0.2393,1.6205,11.8465,0.0000,0.0000,0.0000,0.0000,0.0000,24.4266,0.0000,291.1960,59.6088,0.3571,0.8214,0.3790,0.0379,984.6174,718.2348,64.1036,64.1037,1.8569,2.3211,147.3810,0.0000,0.0000,0.0000,141.7426,4.1212,1713.0966
17/06/2016 00:00:00,0.2214,1.5735,12.2205,0.0000,0.0000,0.0000,0.0000,0.0000,24.2986,0.0000,291.5380,58.6005,0.3571,0.8429,0.3817,0.0382,982.0533,715.8490,63.4813,63.4814,1.8621,2.3277,147.2025,0.0000,0.0000,0.0000,141.1146,4.1046,1707.7394
18/06/2016 00:00:00,0.2314,1.5536,12.2326,0.0000,0.0000,0.0000,0.0000,0.0000,24.1706,0.0000,291.8800,57.5922,0.3571,0.8643,0.3844,0.0384,979.4892,713.4631,62.8591,62.8591,1.8674,2.3343,147.0239,0.0000,0.0000,0.0000,140.4867,4.0879,1702.3823
19/06/2016 00:00:00,0.2335,1.5455,12.2097,0.0000,0.0000,0.0000,0.0000,0.0000,24.0426,0.0000,292.2219,56.5839,0.3571,0.8857,0.3871,0.0387,976.9251,711.0773,62.2368,62.2368,1.8727,2.3409,146.8453,0.0000,0.0000,0.0000,139.8587,4.0713,1697.0251
20/06/2016 00:00:00,0.2304,1.5296,12.2172,0.0000,0.0000,0.0000,0.0000,0.0000,23.9146,0.0000,292.5639,55.5756,0.3571,0.9071,0.3898,0.0390,974.3610,708.6914,61.6145,61.6145,1.8780,2.3474,146.6668,0.0000,0.0000,0.0000,139.2308,4.0546,1691.6680
21/06/2016 00:00:00,0.1601,2.4460,12.1486,0.0000,0.0000,0.0000,0.0000,0.0000,23.7866,0.0000,292.9059,54.5673,0.3571,0.9286,0.3925,0.0392,971.7969,706.3056,60.9923,60.9923,1.8832,2.3540,146.4882,0.0000,0.0000,0.0000,138.6028,4.0379,1686.3109
22/06/2016 00:00:00,0.1680,3.5427,11.9264,0.0000,0.0000,0.0000,0.0000,0.0000,23.6586,0.0000,293.2479,53.5590,0.3571,0.9500,0.3952,0.0395,969.2328,703.9197,60.3700,60.3700,1.8885,2.3606,146.3096,0.0000,0.0000,0.0000,137.9749,4.0213,1680.9537
23/06/2016 00:00:00,0.1085,5.5209,11.5782,0.0000,0.0000,0.0000,0.0000,0.0000,23.5306,0.0000,293.5898,52.5506,0.3571,0.9714,0.3978,0.0398,966.6688,701.5339,59.7477,59.7477,1.8938,2.3672,146.1310,0.0000,0.0000,0.0000,137.3470,4.0046,1675.5966
24/06/2016 00:00:00,0.0072,10.1905,10.1808,0.0000,0.0000,0.0000,0.0000,0.0000,23.4026,0.0000,293.9318,51.5423,0.3571,0.9929,0.4005,0.0401,964.1047,699.1480,59.1254,59.1254,1.8990,2.3738,145.9525,0.0000,0.0000,0.0000,136.7190,3.9880,1670.2394
25/06/2016 00:00:00,0.2001,6.7087,10.2960,0.0000,0.0000,0.0000,0.0000,0.0000,23.2746,0.0000,294.2738,50.5340,0.3571,1.0143,0.4032,0.0403,961.5406,696.7622,58.5032,58.5031,1.9043,2.3804,145.7739,0.0000,0.0000,0.0000,136.0911,3.9713,1664.8823
26/06/2016 00:00:00,0.2206,1.8986,10.2887,0.0000,0.0000,0.0000,0.0000,0.0000,23.1465,0.0000,294.6158,49.5257,0.3571,1.0357,0.4059,0.0406,958.9765,694.3763,57.8809,57.8808,1.9096,2.3870,145.5953,0.0000,0.0000,0.0000,135.4631,3.9546,1659.5251
27/06/2016 00:00:00,0.2212,1.8223,10.4324,0.0000,0.0000,0.0000,0.0000,0.0000,23.0185,0.0000,294.9577,48.5174,0.3571,1.0571,0.4086,0.0409,956.4124,691.9905,57.2586,57.2586,1.9148,2.3935,145.4168,0.0000,0.0000,0.0000,134.8352,3.9380,1654.1680
28/06/2016 00:00:00,0.2259,1.8435,10.9295,0.0000,0.0000,0.0000,0.0000,0.0000,22.8905,0.0000,295.2997,47.5091,0.3571,1.0786,0.4113,0.0411,953.8483,689.6046,56.6364,56.6363,1.9201,2.4001,145.2382,0.0000,0.0000,0.0000,134.2072,3.9213,1648.8109
29/06/2016 00:00:00,0.2339,1.8806,10.4206,0.0000,0.0000,0.0000,0.0000,0.0000,22.7625,0.0000,295.6417,46.5008,0.3571,1.1000,0.4140,0.0414,951.2842,687.2188,56.0141,56.0140,1.9254,2.4067,145.0596,0.0000,0.0000,0.0000,133.5793,3.9046,1643.4537
30/06/2016 00:00:00,0.1022,3.0091,10.2252,0.0000,0.0000,0.0000,0.0000,0.0000,22.6345,0.0000,295.9837,45.4925,0.3571,1.1214,0.4167,0.0417,948.7201,684.8329,55.3918,55.3917,1.9306,2.4133,144.8810,0.0000,0.0000,0.0000,132.9514,3.8880,1638.0966
01/07/2016 00:00:00,0.1973,3.0860,10.4901,0.0000,0.0000,0.0000,0.0000,0.0000,22.5065,0.0000,296.3256,44.4842,0.3571,1.1429,0.4194,0.0419,946.1560,682.4471,54.7695,54.7694,1.9359,2.4199,144.7025,0.0000,0.0000,0.0000,132.3234,3.8713,1632.7394
02/07/2016 00:00:00,14.2867,2.5132,11.1577,0.0000,0.0000,0.0000,0.0000,0.0000,22.3785,0.0000,296.6676,43.2789,0.3571,1.1175,0.4090,0.0409,943.5919,680.0612,55.3099,55.3100,1.9309,2.4136,144.5239,0.0000,0.0000,0.0000,131.6955,3.8547,1627.3823
03/07/2016 00:00:00,32.1981,2.3098,11.5424,0.0000,0.0000,0.0000,0.0000,0.0000,22.2505,0.0000,297.0096,42.0735,0.3571,1.0922,0.3985,0.0399,941.0278,677.6753,55.8512,55.8513,1.9259,2.4074,144.3453,0.0000,0.0000,0.0000,131.0675,3.8380,1622.0251
04/07/2016 00:00:00,0.1413,2.4099,10.9681,0.0000,0.0000,0.0000,0.0000,0.0000,22.1225,0.0000,297.3516,40.8682,0.3571,1.0668,0.3881,0.0388,938.4637,675.2895,56.3924,56.3925,1.9209,2.4012,144.1668,0.0000,0.0000,0.0000,130.4396,3.8213,1616.6680
05/07/2016 00:00:00,0.1241,2.9430,10.6977,0.0000,0.0000,0.0000,0.0000,0.0000,21.9945,0.0000,297.6935,39.6628,0.3571,1.0415,0.3777,0.0378,935.8996,672.9036,56.9336,56.9338,1.9159,2.3949,143.9882,0.0000,0.0000,0.0000,129.8116,3.8047,1611.3109
06/07/2016 00:00:00,0.2290,2.7801,11.2076,0.0000,0.0000,0.0000,0.0000,0.0000,21.8665,0.0000,298.0355,38.4575,0.3571,1.0161,0.3673,0.0367,933.3356,670.5178,57.4749,57.4750,1.9109,2.3887,143.8096,0.0000,0.0000,0.0000,129.1837,3.7880,1605.9537
07/07/2016 00:00:00,0.2363,2.5738,11.3591,0.0000,0.0000,0.0000,0.0000,0.0000,21.7385,0.0000,298.3775,37.2521,0.3571,0.9908,0.3569,0.0357,930.7715,668.1319,58.0161,58.0163,1.9059,2.3824,143.6310,0.0000,0.0000,0.0000,128.5557,3.7714,1600.5966
08/07/2016 00:00:00,0.2399,2.0643,10.9302,0.0000,0.0000,0.0000,0.0000,0.0000,21.6105,0.0000,298.7195,36.0468,0.3571,0.9654,0.3465,0.0347,928.2074,665.7461,58.5574,58.5575,1.9009,2.3762,143.4525,0.0000,0.0000,0.0000,127.9278,3.7547,1595.2394
09/07/2016 00:00:00,20.6667,1.9042,10.5381,0.0000,0.0000,0.0000,0.0000,0.0000,21.4825,0.0000,299.0614,34.8414,0.3571,0.9401,0.3361,0.0336,925.6433,663.3602,59.0986,59.0988,1.8960,2.3699,143.2739,0.0000,0.0000,0.0000,127.2999,3.7380,1589.8823
10/07/2016 00:00:00,15.2930,1.7494,10.6051,0.0000,0.0000,0.0000,0.0000,0.0000,21.3544,0.0000,299.4034,33.6361,0.3571,0.9148,0.3257,0.0326,923.0792,660.9744,59.6398,59.6400,1.8910,2.3637,143.0953,0.0000,0.0000,0.0000,126.6719,3.7214,1584.5251
11/07/2016 00:00:00,0.1109,5.2422,10.7911,0.0000,0.0000,0.0000,0.0000,0.0000,21.2264,0.0000,299.7454,32.4307,0.3571,0.8894,0.3153,0.0315,920.5151,658.5885,60.1811,60.1813,1.8860,2.3575,142.9167,0.0000,0.0000,0.0000,126.0440,3.7047,1579.1680
12/07/2016 00:00:00,0.0271,8.2288,10.0184,0.0000,0.0000,0.0000,0.0000,0.0000,21.0984,0.0000,300.0874,31.2254,0.3571,0.8641,0.3049,0.0305,917.9510,656.2027,60.7223,60.7225,1.8810,2.3512,142.7382,0.0000,0.0000,0.0000,125.4160,3.6881,1573.8109
13/07/2016 00:00:00,0.0347,12.5458,8.8494,0.0000,0.0000,0.0000,0.0000,0.0000,20.9704,0.0000,300.4293,30.0200,0.3571,0.8387,0.2945,0.0294,915.3869,653.8168,61.2636,61.2638,1.8760,2.3450,142.5596,0.0000,0.0000,0.0000,124.7881,3.6714,1568.4537
14/07/2016 00:00:00,0.2193,5.9680,9.5263,0.0000,0.0000,0.0000,0.0000,0.0000,20.8424,0.0000,300.7713,28.8147,0.3571,0.8134,0.2841,0.0284,912.8228,651.4310,61.8048,61.8050,1.8710,2.3387,142.3810,0.0000,0.0000,0.0000,124.1601,3.6547,1563.0966
15/07/2016 00:00:00,0.5100,2.9596,9.7886,0.0000,0.0000,0.0000,0.0000,0.0000,20.7144,0.0000,301.1133,27.6094,0.3571,0.7880,0.2737,0.0274,910.2587,649.0451,62.3460,62.3463,1.8660,2.3325,142.2025,0.0000,0.0000,0.0000,123.5322,3.6381,1557.7394
16/07/2016 00:00:00,16.4595,1.6520,9.8631,0.0000,0.0000,0.0000,0.0000,0.0000,20.5864,0.0000,301.4553,26.4040,0.3571,0.7627,0.2633,0.0263,907.6946,646.6593,62.8873,62.8875,1.8610,2.3262,142.0239,0.0000,0.0000,0.0000,122.9043,3.6214,1552.3823
17/07/2016 00:00:00,29.5332,1.0545,9.7796,0.0000,0.0000,0.0000,0.0000,0.0000,20.4584,0.0000,301.7972,25.1987,0.3571,0.7373,0.2529,0.0253,905.1305,644.2734,63.4285,63.4288,1.8560,2.3200,141.8453,0.0000,0.0000,0.0000,122.2763,3.6048,1547.0251
18/07/2016 00:00:00,0.6671,0.9730,10.2363,0.0000,0.0000,0.0000,0.0000,0.0000,20.3304,0.0000,302.1392,23.9933,0.3571,0.7120,0.2425,0.0242,902.5664,641.8876,63.9698,63.9700,1.8510,2.3138,141.6667,0.0000,0.0000,0.0000,121.6484,3.5881,1541.6680
19/07/2016 00:00:00,0.6662,0.9042,10.8119,0.0000,0.0000,0.0000,0.0000,0.0000,20.2024,0.0000,302.4812,22.7880,0.3571,0.6866,0.2321,0.0232,900.0023,639.5017,64.5110,64.5113,1.8460,2.3075,141.4882,0.0000,0.0000,0.0000,121.0204,3.5714,1536.3109
20/07/2016 00:00:00,0.6328,0.8985,11.2967,0.0000,0.0000,0.0000,0.0000,0.0000,20.0744,0.0000,302.8232,21.5826,0.3571,0.6613,0.2216,0.0222,897.4383,637.1159,65.0522,65.0525,1.8410,2.3013,141.3096,0.0000,0.0000,0.0000,120.3925,3.5548,1530.9537
21/07/2016 00:00:00,12.4478,0.8277,11.7317,0.0000,0.0000,0.0000,0.0000,0.0000,19.9464,0.0000,303.1651,20.3773,0.3571,0.6360,0.2112,0.0211,894.8742,634.7300,65.5935,65.5938,1.8360,2.2950,141.1310,0.0000,0.0000,0.0000,119.7645,3.5381,1525.5966
22/07/2016 00:00:00,16.1771,0.7800,12.7699,0.0000,0.0000,0.0000,0.0000,0.0000,19.8184,0.0000,303.5071,19.1719,0.3571,0.6106,0.2008,0.0201,892.3101,632.3442,66.1347,66.1350,1.8310,2.2888,140.9525,0.0000,0.0000,0.0000,119.1366,3.5215,1520.2394
23/07/2016 00:00:00,6.3987,1.3678,11.4421,0.0000,0.0000,0.0000,0.0000,0.0000,19.6904,0.0000,303.8491,17.9666,0.3571,0.5853,0.1904,0.0190,889.7460,629.9583,66.6759,66.6763,1.8260,2.2825,140.7739,0.0000,0.0000,0.0000,118.5086,3.5048,1514.8823
24/07/2016 00:00:00,12.5003,1.6390,10.5973,0.0000,0.0000,0.0000,0.0000,0.0000,19.5623,0.0000,304.1911,16.7612,0.3571,0.5599,0.1800,0.0180,887.1819,627.5725,67.2172,67.2175,1.8210,2.2763,140.5953,0.0000,0.0000,0.0000,117.8807,3.4881,1509.5251
25/07/2016 00:00:00,0.0934,4.7346,10.6210,0.0000,0.0000,0.0000,0.0000,0.0000,19.4343,0.0000,304.5330,15.5559,0.3571,0.5346,0.1696,0.0170,884.6178,625.1866,67.7584,67.7588,1.8160,2.2701,140.4167,0.0000,0.0000,0.0000,117.2528,3.4715,1504.1680
26/07/2016 00:00:00,0.1660,2.1207,10.1444,0.0000,0.0000,0.0000,0.0000,0.0000,19.3063,0.0000,304.8750,14.3505,0.3571,0.5092,0.1592,0.0159,882.0537,622.8008,68.2997,68.3000,1.8110,2.2638,140.2382,0.0000,0.0000,0.0000,116.6248,3.4548,1498.8109
27/07/2016 00:00:00,0.1350,3.4954,10.2369,0.0000,0.0000,0.0000,0.0000,0.0000,19.1783,0.0000,305.2170,13.1452,0.3571,0.4839,0.1488,0.0149,879.4896,620.4149,68.8409,68.8413,1.8061,2.2576,140.0596,0.0000,0.0000,0.0000,115.9969,3.4381,1493.4537
28/07/2016 00:00:00,0.4223,1.2468,10.7043,0.0000,0.0000,0.0000,0.0000,0.0000,19.0503,0.0000,305.5590,11.9398,0.3571,0.4585,0.1384,0.0138,876.9255,618.0291,69.3821,69.3825,1.8011,2.2513,139.8810,0.0000,0.0000,0.0000,115.3689,3.4215,1488.0966
29/07/2016 00:00:00,0.4117,0.5950,11.1813,0.0000,0.0000,0.0000,0.0000,0.0000,18.9223,0.0000,305.9009,10.7345,0.3571,0.4332,0.1280,0.0128,874.3614,615.6432,69.9234,69.9237,1.7961,2.2451,139.7025,0.0000,0.0000,0.0000,114.7410,3.4048,1482.7394
30/07/2016 00:00:00,38.0177,0.5453,11.1273,0.0000,0.0000,0.0000,0.0000,0.0000,18.7943,0.0000,306.2429,9.5291,0.3571,0.4078,0.1176,0.0118,871.7973,613.2574,70.4646,70.4650,1.7911,2.2388,139.5239,0.0000,0.0000,0.0000,114.1130,3.3882,1477.3823
31/07/2016 00:00:00,51.5353,0.5714,11.4559,0.0000,0.0000,0.0000,0.0000,0.0000,18.6663,0.0000,306.5849,8.3238,0.3571,0.3825,0.1072,0.0107,869.2332,610.8715,71.0059,71.0062,1.7861,2.2326,139.3453,0.0000,0.0000,0.0000,113.4851,3.3715,1472.0251
01/08/2016 00:00:00,39.5075,0.5423,12.0418,0.0000,0.0000,0.0000,0.0000,0.0000,18.5383,0.0000,306.9269,7.1185,0.3571,0.3572,0.0968,0.0097,866.6691,608.4857,71.5471,71.5475,1.7811,2.2264,139.1667,0.0000,0.0000,0.0000,112.8571,3.3548,1466.6680
02/08/2016 00:00:00,63.6693,0.5565,11.2255,0.0000,0.0000,0.0000,0.0000,0.0000,19.8229,0.0000,307.7742,7.5762,0.3594,0.3560,0.0989,0.0099,866.6667,625.7552,71.8894,71.8897,1.7874,2.2343,144.7824,0.0000,0.0000,0.0000,113.3640,3.3954,1484.4042
03/08/2016 00:00:00,28.6352,0.5622,11.5380,0.0000,0.0000,0.0000,0.0000,0.0000,21.1089,0.0000,308.6218,8.0354,0.3618,0.3548,0.1009,0.0101,866.6667,643.0253,72.2316,72.2318,1.7938,2.2422,150.4007,0.0000,0.0000,0.0000,113.8709,3.4360,1502.1462
04/08/2016 00:00:00,32.1015,0.5549,11.6139,0.0000,0.0000,0.0000,0.0000,0.0000,22.3949,0.0000,309.4694,8.4946,0.3641,0.3537,0.1030,0.0103,866.6667,660.2954,72.5738,72.5740,1.8001,2.2502,156.0190,0.0000,0.0000,0.0000,114.3778,3.4766,1519.8883
05/08/2016 00:00:00,53.7001,0.5685,11.5827,0.0000,0.0000,0.0000,0.0000,0.0000,23.6809,0.0000,310.3171,8.9538,0.3664,0.3525,0.1051,0.0105,866.6667,677.5654,72.9160,72.9161,1.8065,2.2581,161.6373,0.0000,0.0000,0.0000,114.8847,3.5172,1537.6303
06/08/2016 00:00:00,48.6717,0.7269,11.5036,0.0000,0.0000,0.0000,0.0000,0.0000,24.9668,0.0000,311.1647,9.4130,0.3687,0.3514,0.1072,0.0107,866.6667,694.8355,73.2581,73.2583,1.8129,2.2661,167.2556,0.0000,0.0000,0.0000,115.3916,3.5577,1555.3723
07/08/2016 00:00:00,48.0752,0.5565,11.6105,0.0000,0.0000,0.0000,0.0000,0.0000,26.2528,0.0000,312.0123,9.8722,0.3710,0.3502,0.1093,0.0109,866.6667,712.1056,73.6003,73.6005,1.8192,2.2740,172.8738,0.0000,0.0000,0.0000,115.8985,3.5983,1573.1143
08/08/2016 00:00:00,44.3004,0.4743,11.8040,0.0000,0.0000,0.0000,0.0000,0.0000,27.5388,0.0000,312.8600,10.3314,0.3733,0.3491,0.1113,0.0111,866.6667,729.3757,73.9425,73.9426,1.8256,2.2820,178.4921,0.0000,0.0000,0.0000,116.4054,3.6389,1590.8563
09/08/2016 00:00:00,22.2972,0.4808,12.3708,0.0000,0.0000,0.0000,0.0000,0.0000,28.8248,0.0000,313.7076,10.7906,0.3756,0.3479,0.1134,0.0113,866.6667,746.6457,74.2847,74.2848,1.8319,2.2899,184.1104,0.0000,0.0000,0.0000,116.9123,3.6795,1608.5983
10/08/2016 00:00:00,0.0291,0.8808,11.5369,0.0000,0.0000,0.0000,0.0000,0.0000,30.1108,0.0000,314.5552,11.2498,0.3779,0.3468,0.1155,0.0116,866.6667,763.9158,74.6268,74.6269,1.8383,2.2978,189.7287,0.0000,0.0000,0.0000,117.4192,3.7201,1626.3403
11/08/2016 00:00:00,0.1521,0.8525,11.1343,0.0000,0.0000,0.0000,0.0000,0.0000,31.3968,0.0000,315.4028,11.7090,0.3802,0.3456,0.1176,0.0118,866.6667,781.1859,74.9690,74.9691,1.8446,2.3058,195.3470,0.0000,0.0000,0.0000,117.9261,3.7607,1644.0824
12/08/2016 00:00:00,7.7735,0.6252,11.7202,0.0000,0.0000,0.0000,0.0000,0.0000,32.6828,0.0000,316.2505,12.1682,0.3825,0.3445,0.1197,0.0120,866.6667,798.4560,75.3112,75.3112,1.8510,2.3137,200.9653,0.0000,0.0000,0.0000,118.4330,3.8012,1661.8244
13/08/2016 00:00:00,0.2151,0.5509,12.0598,0.0000,0.0000,0.0000,0.0000,0.0000,33.9688,0.0000,317.0981,12.6274,0.3848,0.3433,0.1217,0.0122,866.6667,815.7260,75.6534,75.6534,1.8573,2.3217,206.5836,0.0000,0.0000,0.0000,118.9399,3.8418,1679.5664
14/08/2016 00:00:00,0.2185,0.5344,12.0166,0.0000,0.0000,0.0000,0.0000,0.0000,35.2548,0.0000,317.9457,13.0866,0.3871,0.3422,0.1238,0.0124,866.6667,832.9961,75.9955,75.9955,1.8637,2.3296,212.2019,0.0000,0.0000,0.0000,119.4468,3.8824,1697.3084
15/08/2016 00:00:00,6.6681,0.5262,12.1905,0.0000,0.0000,0.0000,0.0000,0.0000,36.5407,0.0000,318.7934,13.5458,0.3894,0.3410,0.1259,0.0126,866.6667,850.2662,76.3377,76.3377,1.8700,2.3376,217.8202,0.0000,0.0000,0.0000,119.9537,3.9230,1715.0504
16/08/2016 00:00:00,12.1487,0.4909,12.4590,0.0000,0.0000,0.0000,0.0000,0.0000,37.8267,0.0000,319.6410,14.0050,0.3917,0.3399,0.1280,0.0128,866.6667,867.5363,76.6799,76.6799,1.8764,2.3455,223.4384,0.0000,0.0000,0.0000,120.4606,3.9636,1732.7924
17/08/2016 00:00:00,11.8648,0.5189,12.9970,0.0000,0.0000,0.0000,0.0000,0.0000,39.1127,0.0000,320.4886,14.4642,0.3940,0.3387,0.1301,0.0130,866.6667,884.8063,77.0220,77.0220,1.8827,2.3534,229.0567,0.0000,0.0000,0.0000,120.9675,4.0041,1750.5344
18/08/2016 00:00:00,8.3370,0.5654,13.6267,0.0000,0.0000,0.0000,0.0000,0.0000,40.3987,0.0000,321.3363,14.9234,0.3963,0.3376,0.1322,0.0132,866.6667,902.0764,77.3642,77.3642,1.8891,2.3614,234.6750,0.0000,0.0000,0.0000,121.4744,4.0447,1768.2765
19/08/2016 00:00:00,0.1628,0.6145,13.4432,0.0000,0.0000,0.0000,0.0000,0.0000,41.6847,0.0000,322.1839,15.3826,0.3986,0.3364,0.1342,0.0134,866.6667,919.3465,77.7064,77.7063,1.8955,2.3693,240.2933,0.0000,0.0000,0.0000,121.9813,4.0853,1786.0185
20/08/2016 00:00:00,14.0054,0.7735,12.1519,0.0000,0.0000,0.0000,0.0000,0.0000,42.9707,0.0000,323.0315,15.8418,0.4009,0.3353,0.1363,0.0136,866.6667,936.6166,78.0486,78.0485,1.9018,2.3773,245.9116,0.0000,0.0000,0.0000,122.4882,4.1259,1803.7605
21/08/2016 00:00:00,20.7562,0.6755,12.6987,0.0000,0.0000,0.0000,0.0000,0.0000,44.2567,0.0000,323.8791,16.3010,0.4032,0.3341,0.1384,0.0138,866.6667,953.8866,78.3907,78.3906,1.9082,2.3852,251.5299,0.0000,0.0000,0.0000,122.9951,4.1665,1821.5025
22/08/2016 00:00:00,8.8205,0.6348,12.8386,0.0000,0.0000,0.0000,0.0000,0.0000,45.5427,0.0000,324.7268,16.7602,0.4055,0.3329,0.1405,0.0140,866.6667,971.1567,78.7329,78.7328,1.9145,2.3932,257.1482,0.0000,0.0000,0.0000,123.5020,4.2071,1839.2445
23/08/2016 00:00:00,14.9600,0.6533,13.1077,0.0000,0.0000,0.0000,0.0000,0.0000,46.8287,0.0000,325.5744,17.2194,0.4078,0.3318,0.1426,0.0143,866.6667,988.4268,79.0751,79.0750,1.9209,2.4011,262.7665,0.0000,0.0000,0.0000,124.0089,4.2476,1856.9865
24/08/2016 00:00:00,34.7167,0.6732,13.0819,0.0000,0.0000,0.0000,0.0000,0.0000,48.1146,0.0000,326.4220,17.6786,0.4101,0.3306,0.1446,0.0145,866.6667,1005.6969,79.4173,79.4171,1.9272,2.4090,268.3848,0.0000,0.0000,0.0000,124.5158,4.2882,1874.7285
25/08/2016 00:00:00,43.3254,0.6307,12.9953,0.0000,0.0000,0.0000,0.0000,0.0000,49.4006,0.0000,327.2697,18.1378,0.4124,0.3295,0.1467,0.0147,866.6667,1022.9669,79.7594,79.7593,1.9336,2.4170,274.0030,0.0000,0.0000,0.0000,125.0227,4.3288,1892.4706
26/08/2016 00:00:00,44.2932,0.6500,12.8149,0.0000,0.0000,0.0000,0.0000,0.0000,50.6866,0.0000,328.1173,18.5970,0.4147,0.3283,0.1488,0.0149,866.6667,1040.2370,80.1016,80.1014,1.9399,2.4249,279.6213,0.0000,0.0000,0.0000,125.5296,4.3694,1910.2126
27/08/2016 00:00:00,46.7441,0.7073,12.4063,0.0000,0.0000,0.0000,0.0000,0.0000,51.9726,0.0000,328.9649,19.0562,0.4170,0.3272,0.1509,0.0151,866.6667,1057.5071,80.4438,80.4436,1.9463,2.4329,285.2396,0.0000,0.0000,0.0000,126.0365,4.4100,1927.9546
28/08/2016 00:00:00,48.0264,0.6297,12.7349,0.0000,0.0000,0.0000,0.0000,0.0000,53.2586,0.0000,329.8126,19.5154,0.4194,0.3260,0.1530,0.0153,866.6667,1074.7771,80.7860,80.7857,1.9526,2.4408,290.8579,0.0000,0.0000,0.0000,126.5434,4.4506,1945.6966
29/08/2016 00:00:00,48.8205,0.4513,13.0096,0.0000,0.0000,0.0000,0.0000,0.0000,54.5446,0.0000,330.6602,19.9746,0.4217,0.3249,0.1550,0.0155,866.6667,1092.0472,81.1281,81.1279,1.9590,2.4487,296.4762,0.0000,0.0000,0.0000,127.0503,4.4911,1963.4386
30/08/2016 00:00:00,50.7497,0.4916,13.3452,0.0000,0.0000,0.0000,0.0000,0.0000,55.8306,0.0000,331.5078,20.4338,0.4240,0.3237,0.1571,0.0157,866.6667,1109.3173,81.4703,81.4701,1.9654,2.4567,302.0945,0.0000,0.0000,0.0000,127.5572,4.5317,1981.1806
31/08/2016 00:00:00,48.9886,0.5034,13.8554,0.0000,0.0000,0.0000,0.0000,0.0000,57.1166,0.0000,332.3554,20.8930,0.4263,0.3226,0.1592,0.0159,866.6667,1126.5874,81.8125,81.8122,1.9717,2.4646,307.7128,0.0000,0.0000,0.0000,128.0641,4.5723,1998.9227
01/09/2016 00:00:00,52.8801,0.4374,14.2121,0.0000,0.0000,0.0000,0.0000,0.0000,58.4026,0.0000,333.2031,21.3522,0.4286,0.3214,0.1613,0.0161,866.6667,1143.8574,82.1547,82.1544,1.9781,2.4726,313.3311,0.0000,0.0000,0.0000,128.5710,4.6129,2016.6647
02/09/2016 00:00:00,33.4801,0.4141,14.7929,0.0000,0.0000,0.0000,0.0000,0.0000,58.2667,0.0000,331.2863,21.3998,0.4262,0.3279,0.1639,0.0164,868.0553,1136.8298,82.0695,82.0696,1.9912,2.4889,308.7936,0.0000,0.0000,0.0000,128.5595,4.6263,2010.8341
03/09/2016 00:00:00,0.5200,0.4275,14.2625,0.0000,0.0000,0.0000,0.0000,0.0000,58.1307,0.0000,329.3693,21.4472,0.4238,0.3343,0.1665,0.0166,869.4442,1129.7848,81.9843,81.9844,2.0042,2.5053,304.2520,0.0000,0.0000,0.0000,128.5476,4.6398,2005.0010
04/09/2016 00:00:00,0.6809,0.4318,13.5605,0.0000,0.0000,0.0000,0.0000,0.0000,57.9946,0.0000,327.4524,21.4946,0.4214,0.3407,0.1690,0.0169,870.8330,1122.7399,81.8992,81.8992,2.0173,2.5217,299.7104,0.0000,0.0000,0.0000,128.5357,4.6532,1999.1678
05/09/2016 00:00:00,0.7175,0.4378,14.0019,0.0000,0.0000,0.0000,0.0000,0.0000,57.8586,0.0000,325.5354,21.5421,0.4190,0.3471,0.1716,0.0172,872.2219,1115.6949,81.8140,81.8141,2.0304,2.5380,295.1688,0.0000,0.0000,0.0000,128.5238,4.6667,1993.3346
06/09/2016 00:00:00,8.5429,0.4411,14.8417,0.0000,0.0000,0.0000,0.0000,0.0000,57.7226,0.0000,323.6185,21.5895,0.4167,0.3536,0.1742,0.0174,873.6108,1108.6500,81.7288,81.7289,2.0435,2.5544,290.6272,0.0000,0.0000,0.0000,128.5119,4.6801,1987.5014
07/09/2016 00:00:00,16.3442,0.4328,15.4112,0.0000,0.0000,0.0000,0.0000,0.0000,57.5865,0.0000,321.7015,21.6370,0.4143,0.3600,0.1768,0.0177,874.9996,1101.6050,81.6437,81.6437,2.0566,2.5708,286.0856,0.0000,0.0000,0.0000,128.5000,4.6935,1981.6683
08/09/2016 00:00:00,36.0712,0.3868,15.4454,0.0000,0.0000,0.0000,0.0000,0.0000,57.4505,0.0000,319.7846,21.6844,0.4119,0.3664,0.1794,0.0179,876.3885,1094.5601,81.5585,81.5585,2.0697,2.5871,281.5440,0.0000,0.0000,0.0000,128.4881,4.7070,1975.8351
09/09/2016 00:00:00,21.4817,0.3772,14.9528,0.0000,0.0000,0.0000,0.0000,0.0000,57.3144,0.0000,317.8676,21.7319,0.4095,0.3729,0.1819,0.0182,877.7773,1087.5151,81.4733,81.4734,2.0828,2.6035,277.0024,0.0000,0.0000,0.0000,128.4762,4.7204,1970.0019
10/09/2016 00:00:00,0.6998,0.3862,14.4259,0.0000,0.0000,0.0000,0.0000,0.0000,57.1784,0.0000,315.9507,21.7793,0.4071,0.3793,0.1845,0.0185,879.1662,1080.4702,81.3881,81.3882,2.0959,2.6198,272.4608,0.0000,0.0000,0.0000,128.4643,4.7339,1964.1687
11/09/2016 00:00:00,0.7659,0.3893,14.2538,0.0000,0.0000,0.0000,0.0000,0.0000,57.0423,0.0000,314.0337,21.8268,0.4048,0.3857,0.1871,0.0187,880.5550,1073.4252,81.3030,81.3030,2.1090,2.6362,267.9192,0.0000,0.0000,0.0000,128.4524,4.7473,1958.3356
12/09/2016 00:00:00,16.0970,0.3868,14.0344,0.0000,0.0000,0.0000,0.0000,0.0000,56.9063,0.0000,312.1167,21.8742,0.4024,0.3921,0.1897,0.0190,881.9439,1066.3803,81.2178,81.2179,2.1221,2.6526,263.3776,0.0000,0.0000,0.0000,128.4405,4.7607,1952.5024
13/09/2016 00:00:00,30.7503,0.3485,13.4203,0.0000,0.0000,0.0000,0.0000,0.0000,56.7702,0.0000,310.1998,21.9217,0.4000,0.3986,0.1923,0.0192,883.3327,1059.3353,81.1326,81.1327,2.1351,2.6689,258.8360,0.0000,0.0000,0.0000,128.4286,4.7742,1946.6692
14/09/2016 00:00:00,0.3714,0.3477,12.2223,0.0000,0.0000,0.0000,0.0000,0.0000,56.6342,0.0000,308.2828,21.9691,0.3976,0.4050,0.1948,0.0195,884.7216,1052.2904,81.0475,81.0475,2.1482,2.6853,254.2944,0.0000,0.0000,0.0000,128.4167,4.7876,1940.8360
15/09/2016 00:00:00,31.3394,0.3604,12.3529,0.0000,0.0000,0.0000,0.0000,0.0000,56.4982,0.0000,306.3659,22.0166,0.3952,0.4114,0.1974,0.0197,886.1105,1045.2454,80.9623,80.9623,2.1613,2.7017,249.7528,0.0000,0.0000,0.0000,128.4048,4.8011,1935.0029
16/09/2016 00:00:00,29.1268,0.3318,13.1186,0.0000,0.0000,0.0000,0.0000,0.0000,56.3621,0.0000,304.4489,22.0640,0.3929,0.4179,0.2000,0.0200,887.4993,1038.2005,80.8771,80.8772,2.1744,2.7180,245.2112,0.0000,0.0000,0.0000,128.3929,4.8145,1929.1697
17/09/2016 00:00:00,0.5668,0.3378,13.4814,0.0000,0.0000,0.0000,0.0000,0.0000,56.2261,0.0000,302.5320,22.1115,0.3905,0.4243,0.2026,0.0203,888.8882,1031.1555,80.7920,80.7920,2.1875,2.7344,240.6696,0.0000,0.0000,0.0000,128.3810,4.8280,1923.3365
18/09/2016 00:00:00,0.6439,0.3409,13.0306,0.0000,0.0000,0.0000,0.0000,0.0000,56.0900,0.0000,300.6150,22.1589,0.3881,0.4307,0.2052,0.0205,890.2770,1024.1106,80.7068,80.7068,2.2006,2.7507,236.1280,0.0000,0.0000,0.0000,128.3691,4.8414,1917.5033
19/09/2016 00:00:00,30.4730,0.3487,13.2153,0.0000,0.0000,0.0000,0.0000,0.0000,55.9540,0.0000,298.6981,22.2064,0.3857,0.4371,0.2077,0.0208,891.6659,1017.0656,80.6216,80.6216,2.2137,2.7671,231.5864,0.0000,0.0000,0.0000,128.3572,4.8548,1911.6702
20/09/2016 00:00:00,34.1018,0.3578,13.2384,0.0000,0.0000,0.0000,0.0000,0.0000,55.8179,0.0000,296.7811,22.2538,0.3833,0.4436,0.2103,0.0210,893.0547,1010.0207,80.5364,80.5365,2.2268,2.7835,227.0448,0.0000,0.0000,0.0000,128.3452,4.8683,1905.8370
21/09/2016 00:00:00,23.2686,0.3617,13.1294,0.0000,0.0000,0.0000,0.0000,0.0000,55.6819,0.0000,294.8642,22.3013,0.3810,0.4500,0.2129,0.0213,894.4436,1002.9757,80.4513,80.4513,2.2399,2.7998,222.5032,0.0000,0.0000,0.0000,128.3333,4.8817,1900.0038
22/09/2016 00:00:00,44.9089,0.3387,13.1540,0.0000,0.0000,0.0000,0.0000,0.0000,55.5459,0.0000,292.9472,22.3487,0.3786,0.4564,0.2155,0.0215,895.8324,995.9308,80.3661,80.3661,2.2530,2.8162,217.9616,0.0000,0.0000,0.0000,128.3214,4.8952,1894.1706
23/09/2016 00:00:00,49.7401,0.3014,13.5351,0.0000,0.0000,0.0000,0.0000,0.0000,55.4098,0.0000,291.0302,22.3962,0.3762,0.4629,0.2181,0.0218,897.2213,988.8858,80.2809,80.2810,2.2660,2.8326,213.4200,0.0000,0.0000,0.0000,128.3095,4.9086,1888.3375
24/09/2016 00:00:00,41.3099,0.2945,13.8923,0.0000,0.0000,0.0000,0.0000,0.0000,55.2738,0.0000,289.1133,22.4436,0.3738,0.4693,0.2206,0.0221,898.6102,981.8409,80.1958,80.1958,2.2791,2.8489,208.8784,0.0000,0.0000,0.0000,128.2976,4.9220,1882.5043
25/09/2016 00:00:00,40.9423,0.2691,13.5793,0.0000,0.0000,0.0000,0.0000,0.0000,55.1377,0.0000,287.1963,22.4911,0.3714,0.4757,0.2232,0.0223,899.9990,974.7959,80.1106,80.1106,2.2922,2.8653,204.3368,0.0000,0.0000,0.0000,128.2857,4.9355,1876.6711
26/09/2016 00:00:00,39.7960,0.2352,13.6452,0.0000,0.0000,0.0000,0.0000,0.0000,55.0017,0.0000,285.2794,22.5385,0.3690,0.4821,0.2258,0.0226,901.3879,967.7510,80.0254,80.0254,2.3053,2.8816,199.7952,0.0000,0.0000,0.0000,128.2738,4.9489,1870.8379
27/09/2016 00:00:00,41.6086,0.2257,13.2572,0.0000,0.0000,0.0000,0.0000,0.0000,54.8656,0.0000,283.3624,22.5860,0.3667,0.4886,0.2284,0.0228,902.7767,960.7060,79.9402,79.9403,2.3184,2.8980,195.2536,0.0000,0.0000,0.0000,128.2619,4.9624,1865.0048
28/09/2016 00:00:00,31.8424,0.2198,13.0906,0.0000,0.0000,0.0000,0.0000,0.0000,54.7296,0.0000,281.4455,22.6334,0.3643,0.4950,0.2310,0.0231,904.1656,953.6611,79.8551,79.8551,2.3315,2.9144,190.7120,0.0000,0.0000,0.0000,128.2500,4.9758,1859.1716
29/09/2016 00:00:00,2.3302,0.6236,12.4562,0.0000,0.0000,0.0000,0.0000,0.0000,54.5936,0.0000,279.5285,22.6809,0.3619,0.5014,0.2335,0.0234,905.5544,946.6161,79.7699,79.7699,2.3446,2.9307,186.1704,0.0000,0.0000,0.0000,128.2381,4.9892,1853.3384
30/09/2016 00:00:00,0.0728,1.8850,12.7394,0.0000,0.0000,0.0000,0.0000,0.0000,54.4575,0.0000,277.6116,22.7283,0.3595,0.5079,0.2361,0.0236,906.9433,939.5712,79.6847,79.6847,2.3577,2.9471,181.6288,0.0000,0.0000,0.0000,128.2262,5.0027,1847.5052
01/10/2016 00:00:00,39.7724,0.7207,13.3183,0.0000,0.0000,0.0000,0.0000,0.0000,54.3215,0.0000,275.6946,22.7758,0.3571,0.5143,0.2387,0.0239,908.3321,932.5262,79.5996,79.5996,2.3708,2.9635,177.0872,0.0000,0.0000,0.0000,128.2143,5.0161,1841.6721
02/10/2016 00:00:00,40.3140,0.2576,14.0190,0.0000,0.0000,0.0000,0.0000,0.0000,53.7309,0.0000,277.8543,22.9211,0.3571,0.5115,0.2379,0.0238,911.8250,941.3855,79.4035,79.4036,2.3499,2.9374,177.7817,0.0000,0.0000,0.0000,129.4691,5.0156,1854.0208
03/10/2016 00:00:00,0.1760,0.3692,13.4353,0.0000,0.0000,0.0000,0.0000,0.0000,53.1399,0.0000,280.0144,23.0665,0.3571,0.5088,0.2372,0.0237,915.3197,950.2467,79.2074,79.2074,2.3291,2.9114,178.4806,0.0000,0.0000,0.0000,130.7249,5.0151,1866.3864
04/10/2016 00:00:00,0.1249,1.1823,13.6946,0.0000,0.0000,0.0000,0.0000,0.0000,52.5489,0.0000,282.1745,23.2119,0.3571,0.5060,0.2364,0.0236,918.8144,959.1080,79.0113,79.0113,2.3082,2.8853,179.1796,0.0000,0.0000,0.0000,131.9806,5.0146,1878.7520
05/10/2016 00:00:00,31.7074,0.6079,14.2965,0.0000,0.0000,0.0000,0.0000,0.0000,51.9578,0.0000,284.3345,23.3573,0.3571,0.5032,0.2357,0.0236,922.3091,967.9692,78.8152,78.8152,2.2874,2.8593,179.8785,0.0000,0.0000,0.0000,133.2364,5.0140,1891.1176
06/10/2016 00:00:00,49.7390,0.2750,15.2741,0.0000,0.0000,0.0000,0.0000,0.0000,51.3668,0.0000,286.4946,23.5027,0.3571,0.5005,0.2349,0.0235,925.8038,976.8304,78.6191,78.6191,2.2666,2.8332,180.5774,0.0000,0.0000,0.0000,134.4922,5.0135,1903.4831
07/10/2016 00:00:00,48.4866,0.2846,15.8717,0.0000,0.0000,0.0000,0.0000,0.0000,50.7758,0.0000,288.6546,23.6482,0.3571,0.4977,0.2341,0.0234,929.2984,985.6917,78.4229,78.4229,2.2457,2.8072,181.2764,0.0000,0.0000,0.0000,135.7480,5.0130,1915.8487
08/10/2016 00:00:00,58.7000,0.2407,16.0391,0.0000,0.0000,0.0000,0.0000,0.0000,50.1848,0.0000,290.8147,23.7936,0.3571,0.4949,0.2334,0.0233,932.7931,994.5529,78.2268,78.2268,2.2249,2.7811,181.9753,0.0000,0.0000,0.0000,137.0038,5.0125,1928.2143
09/10/2016 00:00:00,37.6039,0.2207,16.0278,0.0000,0.0000,0.0000,0.0000,0.0000,49.5937,0.0000,292.9748,23.9390,0.3571,0.4922,0.2326,0.0233,936.2878,1003.4142,78.0307,78.0307,2.2041,2.7551,182.6742,0.0000,0.0000,0.0000,138.2595,5.0120,1940.5799
10/10/2016 00:00:00,0.1274,0.2443,14.3971,0.0000,0.0000,0.0000,0.0000,0.0000,49.0027,0.0000,295.1348,24.0844,0.3571,0.4894,0.2318,0.0232,939.7825,1012.2754,77.8346,77.8346,2.1832,2.7290,183.3732,0.0000,0.0000,0.0000,139.5153,5.0114,1952.9455
11/10/2016 00:00:00,29.1313,0.2571,13.9521,0.0000,0.0000,0.0000,0.0000,0.0000,48.4117,0.0000,297.2949,24.2298,0.3571,0.4866,0.2311,0.0231,943.2772,1021.1366,77.6385,77.6385,2.1624,2.7030,184.0721,0.0000,0.0000,0.0000,140.7711,5.0109,1965.3111
12/10/2016 00:00:00,50.2566,0.2314,14.8491,0.0000,0.0000,0.0000,0.0000,0.0000,47.8207,0.0000,299.4550,24.3752,0.3571,0.4839,0.2303,0.0230,946.7719,1029.9979,77.4423,77.4423,2.1415,2.6769,184.7711,0.0000,0.0000,0.0000,142.0269,5.0104,1977.6767
13/10/2016 00:00:00,53.9076,0.1999,15.5078,0.0000,0.0000,0.0000,0.0000,0.0000,47.2297,0.0000,301.6150,24.5206,0.3571,0.4811,0.2296,0.0230,950.2665,1038.8591,77.2462,77.2462,2.1207,2.6509,185.4700,0.0000,0.0000,0.0000,143.2826,5.0099,1990.0422
14/10/2016 00:00:00,54.8854,0.1924,16.3829,0.0000,0.0000,0.0000,0.0000,0.0000,46.6386,0.0000,303.7751,24.6660,0.3571,0.4783,0.2288,0.0229,953.7612,1047.7204,77.0501,77.0501,2.0999,2.6248,186.1689,0.0000,0.0000,0.0000,144.5384,5.0094,2002.4078
15/10/2016 00:00:00,51.2466,0.1820,16.3811,0.0000,0.0000,0.0000,0.0000,0.0000,46.0476,0.0000,305.9351,24.8114,0.3571,0.4756,0.2280,0.0228,957.2559,1056.5816,76.8540,76.8540,2.0790,2.5988,186.8679,0.0000,0.0000,0.0000,145.7942,5.0088,2014.7734
16/10/2016 00:00:00,20.0298,0.1984,15.9314,0.0000,0.0000,0.0000,0.0000,0.0000,45.4566,0.0000,308.0952,24.9568,0.3571,0.4728,0.2273,0.0227,960.7506,1065.4428,76.6578,76.6579,2.0582,2.5727,187.5668,0.0000,0.0000,0.0000,147.0500,5.0083,2027.1390
17/10/2016 00:00:00,10.7434,0.2163,14.9298,0.0000,0.0000,0.0000,0.0000,0.0000,44.8656,0.0000,310.2553,25.1023,0.3571,0.4700,0.2265,0.0227,964.2453,1074.3041,76.4617,76.4617,2.0373,2.5467,188.2657,0.0000,0.0000,0.0000,148.3058,5.0078,2039.5046
18/10/2016 00:00:00,9.5775,0.2456,14.4542,0.0000,0.0000,0.0000,0.0000,0.0000,44.2745,0.0000,312.4153,25.2477,0.3571,0.4673,0.2257,0.0226,967.7400,1083.1653,76.2656,76.2656,2.0165,2.5206,188.9647,0.0000,0.0000,0.0000,149.5615,5.0073,2051.8702
19/10/2016 00:00:00,21.7855,0.2355,14.2619,0.0000,0.0000,0.0000,0.0000,0.0000,43.6835,0.0000,314.5754,25.3931,0.3571,0.4645,0.2250,0.0225,971.2346,1092.0265,76.0695,76.0695,1.9957,2.4946,189.6636,0.0000,0.0000,0.0000,150.8173,5.0068,2064.2357
20/10/2016 00:00:00,23.6457,0.2070,15.7876,0.0000,0.0000,0.0000,0.0000,0.0000,43.0925,0.0000,316.7355,25.5385,0.3571,0.4618,0.2242,0.0224,974.7293,1100.8878,75.8734,75.8734,1.9748,2.4685,190.3626,0.0000,0.0000,0.0000,152.0731,5.0062,2076.6013
21/10/2016 00:00:00,14.8218,0.2158,15.9702,0.0000,0.0000,0.0000,0.0000,0.0000,42.5015,0.0000,318.8955,25.6839,0.3571,0.4590,0.2234,0.0223,978.2240,1109.7490,75.6772,75.6772,1.9540,2.4425,191.0615,0.0000,0.0000,0.0000,153.3289,5.0057,2088.9669
22/10/2016 00:00:00,0.2062,0.2214,14.4866,0.0000,0.0000,0.0000,0.0000,0.0000,41.9105,0.0000,321.0556,25.8293,0.3571,0.4562,0.2227,0.0223,981.7187,1118.6103,75.4811,75.4811,1.9331,2.4164,191.7604,0.0000,0.0000,0.0000,154.5846,5.0052,2101.3325
23/10/2016 00:00:00,0.2247,0.2268,14.4390,0.0000,0.0000,0.0000,0.0000,0.0000,41.3194,0.0000,323.2156,25.9747,0.3571,0.4535,0.2219,0.0222,985.2134,1127.4715,75.2850,75.2850,1.9123,2.3904,192.4594,0.0000,0.0000,0.0000,155.8404,5.0047,2113.6981
24/10/2016 00:00:00,47.8629,0.2201,15.2495,0.0000,0.0000,0.0000,0.0000,0.0000,40.7284,0.0000,325.3757,26.1201,0.3571,0.4507,0.2212,0.0221,988.7081,1136.3327,75.0889,75.0889,1.8915,2.3643,193.1583,0.0000,0.0000,0.0000,157.0962,5.0042,2126.0637
25/10/2016 00:00:00,66.0513,0.2172,15.7454,0.0000,0.0000,0.0000,0.0000,0.0000,40.1374,0.0000,327.5358,26.2655,0.3571,0.4479,0.2204,0.0220,992.2027,1145.1940,74.8928,74.8928,1.8706,2.3383,193.8573,0.0000,0.0000,0.0000,158.3520,5.0036,2138.4293
26/10/2016 00:00:00,58.2510,0.2122,16.1561,0.0000,0.0000,0.0000,0.0000,0.0000,39.5464,0.0000,329.6958,26.4109,0.3571,0.4452,0.2196,0.0220,995.6974,1154.0552,74.6966,74.6966,1.8498,2.3122,194.5562,0.0000,0.0000,0.0000,159.6078,5.0031,2150.7948
27/10/2016 00:00:00,60.1031,0.2085,16.4395,0.0000,0.0000,0.0000,0.0000,0.0000,38.9553,0.0000,331.8559,26.5563,0.3571,0.4424,0.2189,0.0219,999.1921,1162.9165,74.5005,74.5005,1.8289,2.2862,195.2551,0.0000,0.0000,0.0000,160.8635,5.0026,2163.1604
28/10/2016 00:00:00,39.0864,0.2067,17.1141,0.0000,0.0000,0.0000,0.0000,0.0000,38.3643,0.0000,334.0159,26.7018,0.3571,0.4396,0.2181,0.0218,1002.6868,1171.7777,74.3044,74.3044,1.8081,2.2601,195.9541,0.0000,0.0000,0.0000,162.1193,5.0021,2175.5260
29/10/2016 00:00:00,0.7101,0.2104,18.0063,0.0000,0.0000,0.0000,0.0000,0.0000,37.7733,0.0000,336.1760,26.8472,0.3571,0.4369,0.2173,0.0217,1006.1815,1180.6389,74.1083,74.1083,1.7873,2.2341,196.6530,0.0000,0.0000,0.0000,163.3751,5.0016,2187.8916
30/10/2016 00:00:00,0.2004,0.2250,17.3646,0.0000,0.0000,0.0000,0.0000,0.0000,37.1823,0.0000,338.3361,26.9926,0.3571,0.4341,0.2166,0.0217,1009.6762,1189.5002,73.9122,73.9122,1.7664,2.2080,197.3519,0.0000,0.0000,0.0000,164.6309,5.0010,2200.2572
31/10/2016 00:00:00,9.9428,0.4201,15.3216,0.0000,0.0000,0.0000,0.0000,0.0000,36.5913,0.0000,340.4961,27.1380,0.3571,0.4313,0.2158,0.0216,1013.1708,1198.3614,73.7160,73.7160,1.7456,2.1820,198.0509,0.0000,0.0000,0.0000,165.8866,5.0005,2212.6228
01/11/2016 00:00:00,17.6815,0.3429,15.3939,0.0000,0.0000,0.0000,0.0000,0.0000,36.0002,0.0000,342.6562,27.2834,0.3571,0.4286,0.2151,0.0215,1016.6655,1207.2227,73.5199,73.5199,1.7247,2.1559,198.7498,0.0000,0.0000,0.0000,167.1424,5.0000,2224.9883
02/11/2016 00:00:00,39.1306,0.2226,15.7684,0.0000,0.0000,0.0000,0.0000,0.0000,35.6628,0.0000,340.4150,27.8761,0.3690,0.4222,0.2158,0.0216,1016.3890,1201.5978,73.7483,73.7484,1.7300,2.1625,197.6114,0.0000,0.0000,0.0000,166.9762,5.0043,2218.8945
03/11/2016 00:00:00,54.1330,0.2169,16.2759,0.0000,0.0000,0.0000,0.0000,0.0000,35.3256,0.0000,338.1738,28.4693,0.3810,0.4159,0.2165,0.0216,1016.1112,1195.9587,73.9772,73.9772,1.7353,2.1691,196.4725,0.0000,0.0000,0.0000,166.8096,5.0086,2212.7832
04/11/2016 00:00:00,30.6455,0.2255,17.6398,0.0000,0.0000,0.0000,0.0000,0.0000,34.9884,0.0000,335.9325,29.0624,0.3929,0.4095,0.2172,0.0217,1015.8334,1190.3195,74.2060,74.2060,1.7406,2.1757,195.3337,0.0000,0.0000,0.0000,166.6429,5.0129,2206.6720
05/11/2016 00:00:00,0.4307,0.2363,15.9518,0.0000,0.0000,0.0000,0.0000,0.0000,34.6512,0.0000,333.6912,29.6555,0.4048,0.4032,0.2179,0.0218,1015.5556,1184.6803,74.4349,74.4349,1.7458,2.1823,194.1948,0.0000,0.0000,0.0000,166.4762,5.0172,2200.5607
06/11/2016 00:00:00,0.5941,0.2396,16.4008,0.0000,0.0000,0.0000,0.0000,0.0000,34.3140,0.0000,331.4499,30.2486,0.4167,0.3968,0.2186,0.0219,1015.2779,1179.0412,74.6637,74.6637,1.7511,2.1889,193.0559,0.0000,0.0000,0.0000,166.3096,5.0215,2194.4494
07/11/2016 00:00:00,35.9985,0.2345,18.1064,0.0000,0.0000,0.0000,0.0000,0.0000,33.9768,0.0000,329.2086,30.8417,0.4286,0.3905,0.2194,0.0219,1015.0001,1173.4020,74.8925,74.8926,1.7564,2.1955,191.9170,0.0000,0.0000,0.0000,166.1429,5.0258,2188.3382
08/11/2016 00:00:00,56.6844,0.2007,17.2444,0.0000,0.0000,0.0000,0.0000,0.0000,33.6396,0.0000,326.9674,31.4348,0.4405,0.3841,0.2201,0.0220,1014.7223,1167.7629,75.1214,75.1214,1.7617,2.2021,190.7781,0.0000,0.0000,0.0000,165.9762,5.0301,2182.2269
09/11/2016 00:00:00,58.6553,0.1829,17.4264,0.0000,0.0000,0.0000,0.0000,0.0000,33.3025,0.0000,324.7261,32.0280,0.4524,0.3778,0.2208,0.0221,1014.4445,1162.1237,75.3502,75.3502,1.7669,2.2087,189.6392,0.0000,0.0000,0.0000,165.8096,5.0344,2176.1156
10/11/2016 00:00:00,62.1584,0.1834,17.6633,0.0000,0.0000,0.0000,0.0000,0.0000,32.9653,0.0000,322.4848,32.6211,0.4643,0.3714,0.2215,0.0222,1014.1668,1156.4846,75.5790,75.5791,1.7722,2.2153,188.5004,0.0000,0.0000,0.0000,165.6429,5.0387,2170.0044
11/11/2016 00:00:00,45.3757,0.1997,17.9793,0.0000,0.0000,0.0000,0.0000,0.0000,32.6281,0.0000,320.2435,33.2142,0.4762,0.3651,0.2222,0.0222,1013.8890,1150.8454,75.8079,75.8079,1.7775,2.2219,187.3615,0.0000,0.0000,0.0000,165.4762,5.0430,2163.8931
12/11/2016 00:00:00,0.2309,0.1995,17.6674,0.0000,0.0000,0.0000,0.0000,0.0000,32.2909,0.0000,318.0023,33.8073,0.4881,0.3587,0.2229,0.0223,1013.6112,1145.2062,76.0367,76.0368,1.7828,2.2285,186.2226,0.0000,0.0000,0.0000,165.3096,5.0473,2157.7819
13/11/2016 00:00:00,0.0550,0.3255,15.6864,0.0000,0.0000,0.0000,0.0000,0.0000,31.9537,0.0000,315.7610,34.4004,0.5000,0.3524,0.2237,0.0224,1013.3334,1139.5671,76.2656,76.2656,1.7880,2.2351,185.0837,0.0000,0.0000,0.0000,165.1429,5.0516,2151.6706
14/11/2016 00:00:00,0.5342,0.3324,15.0219,0.0000,0.0000,0.0000,0.0000,0.0000,31.6165,0.0000,313.5197,34.9935,0.5119,0.3460,0.2244,0.0224,1013.0557,1133.9279,76.4944,76.4944,1.7933,2.2417,183.9448,0.0000,0.0000,0.0000,164.9762,5.0559,2145.5593
15/11/2016 00:00:00,43.0836,0.8935,16.0320,0.0000,0.0000,0.0000,0.0000,0.0000,31.2793,0.0000,311.2784,35.5867,0.5238,0.3397,0.2251,0.0225,1012.7779,1128.2888,76.7232,76.7233,1.7986,2.2483,182.8060,0.0000,0.0000,0.0000,164.8096,5.0602,2139.4481
16/11/2016 00:00:00,64.7522,0.7492,16.7905,0.0000,0.0000,0.0000,0.0000,0.0000,30.9421,0.0000,309.0372,36.1798,0.5357,0.3333,0.2258,0.0226,1012.5001,1122.6496,76.9521,76.9521,1.8039,2.2548,181.6671,0.0000,0.0000,0.0000,164.6429,5.0645,2133.3368
17/11/2016 00:00:00,62.1147,0.4551,19.1466,0.0000,0.0000,0.0000,0.0000,0.0000,30.6049,0.0000,306.7959,36.7729,0.5476,0.3270,0.2265,0.0227,1012.2223,1117.0105,77.1809,77.1810,1.8092,2.2614,180.5282,0.0000,0.0000,0.0000,164.4762,5.0688,2127.2255
18/11/2016 00:00:00,58.4792,0.7073,18.7125,0.0000,0.0000,0.0000,0.0000,0.0000,30.2677,0.0000,304.5546,37.3660,0.5595,0.3206,0.2272,0.0227,1011.9446,1111.3713,77.4098,77.4098,1.8144,2.2680,179.3893,0.0000,0.0000,0.0000,164.3096,5.0731,2121.1143
19/11/2016 00:00:00,60.0724,0.6910,18.7752,0.0000,0.0000,0.0000,0.0000,0.0000,29.9305,0.0000,302.3133,37.9591,0.5714,0.3143,0.2280,0.0228,1011.6668,1105.7321,77.6386,77.6386,1.8197,2.2746,178.2504,0.0000,0.0000,0.0000,164.1429,5.0774,2115.0030
20/11/2016 00:00:00,60.0245,0.3242,20.4796,0.0000,0.0000,0.0000,0.0000,0.0000,29.5933,0.0000,300.0720,38.5522,0.5833,0.3079,0.2287,0.0229,1011.3890,1100.0930,77.8674,77.8675,1.8250,2.2812,177.1116,0.0000,0.0000,0.0000,163.9762,5.0817,2108.8918
21/11/2016 00:00:00,45.6307,0.2200,21.6146,0.0000,0.0000,0.0000,0.0000,0.0000,29.2561,0.0000,297.8308,39.1454,0.5952,0.3016,0.2294,0.0229,1011.1112,1094.4538,78.0963,78.0963,1.8303,2.2878,175.9727,0.0000,0.0000,0.0000,163.8096,5.0860,2102.7805
22/11/2016 00:00:00,52.5290,0.1961,19.8963,0.0000,0.0000,0.0000,0.0000,0.0000,28.9189,0.0000,295.5895,39.7385,0.6071,0.2952,0.2301,0.0230,1010.8334,1088.8147,78.3251,78.3252,1.8355,2.2944,174.8338,0.0000,0.0000,0.0000,163.6429,5.0903,2096.6692
23/11/2016 00:00:00,46.0412,0.1917,17.9915,0.0000,0.0000,0.0000,0.0000,0.0000,28.5817,0.0000,293.3482,40.3316,0.6190,0.2889,0.2308,0.0231,1010.5557,1083.1755,78.5539,78.5540,1.8408,2.3010,173.6949,0.0000,0.0000,0.0000,163.4762,5.0946,2090.5580
24/11/2016 00:00:00,46.2907,0.1804,18.2191,0.0000,0.0000,0.0000,0.0000,0.0000,28.2445,0.0000,291.1069,40.9247,0.6309,0.2825,0.2315,0.0232,1010.2779,1077.5364,78.7828,78.7828,1.8461,2.3076,172.5560,0.0000,0.0000,0.0000,163.3096,5.0989,2084.4467
25/11/2016 00:00:00,46.0589,0.1861,18.4724,0.0000,0.0000,0.0000,0.0000,0.0000,27.9073,0.0000,288.8657,41.5178,0.6428,0.2762,0.2323,0.0232,1010.0001,1071.8972,79.0116,79.0117,1.8514,2.3142,171.4171,0.0000,0.0000,0.0000,163.1429,5.1032,2078.3354
26/11/2016 00:00:00,47.5608,0.1831,18.5155,0.0000,0.0000,0.0000,0.0000,0.0000,27.5701,0.0000,286.6244,42.1109,0.6548,0.2698,0.2330,0.0233,1009.7223,1066.2581,79.2405,79.2405,1.8566,2.3208,170.2783,0.0000,0.0000,0.0000,162.9762,5.1075,2072.2242
27/11/2016 00:00:00,48.0265,0.1703,19.3563,0.0000,0.0000,0.0000,0.0000,0.0000,27.2329,0.0000,284.3831,42.7041,0.6667,0.2635,0.2337,0.0234,1009.4446,1060.6189,79.4693,79.4694,1.8619,2.3274,169.1394,0.0000,0.0000,0.0000,162.8096,5.1118,2066.1129
28/11/2016 00:00:00,46.1708,0.1501,20.5692,0.0000,0.0000,0.0000,0.0000,0.0000,26.8957,0.0000,282.1418,43.2972,0.6786,0.2571,0.2344,0.0234,1009.1668,1054.9797,79.6981,79.6982,1.8672,2.3340,168.0005,0.0000,0.0000,0.0000,162.6429,5.1161,2060.0016
29/11/2016 00:00:00,33.7014,0.1603,21.2140,0.0000,0.0000,0.0000,0.0000,0.0000,26.5585,0.0000,279.9006,43.8903,0.6905,0.2508,0.2351,0.0235,1008.8890,1049.3406,79.9270,79.9270,1.8725,2.3406,166.8616,0.0000,0.0000,0.0000,162.4762,5.1204,2053.8904
30/11/2016 00:00:00,23.6291,0.1722,20.3842,0.0000,0.0000,0.0000,0.0000,0.0000,26.2213,0.0000,277.6593,44.4834,0.7024,0.2445,0.2358,0.0236,1008.6112,1043.7014,80.1558,80.1559,1.8777,2.3472,165.7227,0.0000,0.0000,0.0000,162.3096,5.1247,2047.7791
01/12/2016 00:00:00,15.7371,0.1780,20.3335,0.0000,0.0000,0.0000,0.0000,0.0000,25.8841,0.0000,275.4180,45.0765,0.7143,0.2381,0.2366,0.0237,1008.3335,1038.0623,80.3846,80.3847,1.8830,2.3538,164.5839,0.0000,0.0000,0.0000,162.1429,5.1290,2041.6679
02/12/2016 00:00:00,22.9629,0.1822,20.1129,0.0000,0.0000,0.0000,0.0000,0.0000,26.5264,0.0000,274.1238,44.1978,0.7097,0.2534,0.2379,0.0238,1019.6184,1048.7768,80.1306,80.1305,1.8862,2.3578,163.6564,0.0000,0.0000,0.0000,163.2024,5.1769,2063.9736
03/12/2016 00:00:00,0.5960,0.1900,20.2616,0.0000,0.0000,0.0000,0.0000,0.0000,27.1689,0.0000,272.8301,43.3177,0.7051,0.2688,0.2393,0.0239,1030.9087,1059.4992,79.8762,79.8761,1.8895,2.3619,162.7289,0.0000,0.0000,0.0000,164.2623,5.2247,2086.2849
04/12/2016 00:00:00,0.6506,0.1930,20.5950,0.0000,0.0000,0.0000,0.0000,0.0000,27.8115,0.0000,271.5364,42.4376,0.7005,0.2842,0.2407,0.0241,1042.1989,1070.2217,79.6218,79.6217,1.8927,2.3659,161.8015,0.0000,0.0000,0.0000,165.3222,5.2726,2108.5962
05/12/2016 00:00:00,27.3661,0.1877,19.6844,0.0000,0.0000,0.0000,0.0000,0.0000,28.4541,0.0000,270.2428,41.5575,0.6959,0.2995,0.2421,0.0242,1053.4891,1080.9442,79.3674,79.3673,1.8960,2.3700,160.8741,0.0000,0.0000,0.0000,166.3820,5.3205,2130.9075
06/12/2016 00:00:00,37.7265,0.1770,20.0260,0.0000,0.0000,0.0000,0.0000,0.0000,29.0967,0.0000,268.9491,40.6774,0.6912,0.3149,0.2435,0.0243,1064.7794,1091.6666,79.1130,79.1129,1.8992,2.3740,159.9467,0.0000,0.0000,0.0000,167.4419,5.3683,2153.2188
07/12/2016 00:00:00,29.7470,0.1698,20.5441,0.0000,0.0000,0.0000,0.0000,0.0000,29.7393,0.0000,267.6554,39.7973,0.6866,0.3302,0.2449,0.0245,1076.0696,1102.3891,78.8586,78.8585,1.9024,2.3781,159.0193,0.0000,0.0000,0.0000,168.5018,5.4162,2175.5301
08/12/2016 00:00:00,0.1532,0.1720,19.7664,0.0000,0.0000,0.0000,0.0000,0.0000,30.3818,0.0000,266.3618,38.9172,0.6820,0.3456,0.2463,0.0246,1087.3599,1113.1116,78.6043,78.6041,1.9057,2.3821,158.0919,0.0000,0.0000,0.0000,169.5617,5.4641,2197.8414
09/12/2016 00:00:00,32.7964,0.1642,17.9113,0.0000,0.0000,0.0000,0.0000,0.0000,31.0244,0.0000,265.0681,38.0370,0.6774,0.3610,0.2477,0.0248,1098.6501,1123.8340,78.3499,78.3498,1.9089,2.3862,157.1645,0.0000,0.0000,0.0000,170.6216,5.5119,2220.1527
10/12/2016 00:00:00,54.9736,0.1566,18.9106,0.0000,0.0000,0.0000,0.0000,0.0000,31.6670,0.0000,263.7744,37.1569,0.6728,0.3763,0.2490,0.0249,1109.9403,1134.5565,78.0955,78.0954,1.9122,2.3902,156.2371,0.0000,0.0000,0.0000,171.6815,5.5598,2242.4641
11/12/2016 00:00:00,58.0605,0.1589,19.9511,0.0000,0.0000,0.0000,0.0000,0.0000,32.3096,0.0000,262.4808,36.2768,0.6682,0.3917,0.2504,0.0250,1121.2306,1145.2790,77.8411,77.8410,1.9154,2.3943,155.3097,0.0000,0.0000,0.0000,172.7414,5.6077,2264.7754
12/12/2016 00:00:00,57.0856,0.1621,21.3289,0.0000,0.0000,0.0000,0.0000,0.0000,32.9521,0.0000,261.1871,35.3967,0.6636,0.4071,0.2518,0.0252,1132.5208,1156.0015,77.5867,77.5866,1.9186,2.3983,154.3823,0.0000,0.0000,0.0000,173.8013,5.6555,2287.0867
13/12/2016 00:00:00,35.1776,0.1650,21.5832,0.0000,0.0000,0.0000,0.0000,0.0000,33.5947,0.0000,259.8934,34.5166,0.6590,0.4224,0.2532,0.0253,1143.8111,1166.7239,77.3323,77.3322,1.9219,2.4024,153.4549,0.0000,0.0000,0.0000,174.8612,5.7034,2309.3980
14/12/2016 00:00:00,25.2040,0.1643,20.0890,0.0000,0.0000,0.0000,0.0000,0.0000,34.2373,0.0000,258.5997,33.6365,0.6544,0.4378,0.2546,0.0255,1155.1013,1177.4464,77.0779,77.0778,1.9251,2.4064,152.5275,0.0000,0.0000,0.0000,175.9210,5.7513,2331.7093
15/12/2016 00:00:00,35.3735,0.1632,18.9296,0.0000,0.0000,0.0000,0.0000,0.0000,34.8799,0.0000,257.3061,32.7564,0.6498,0.4531,0.2560,0.0256,1166.3916,1188.1689,76.8235,76.8234,1.9284,2.4105,151.6001,0.0000,0.0000,0.0000,176.9809,5.7991,2354.0206
16/12/2016 00:00:00,42.0320,0.1625,19.8057,0.0000,0.0000,0.0000,0.0000,0.0000,35.5225,0.0000,256.0124,31.8762,0.6452,0.4685,0.2574,0.0257,1177.6818,1198.8913,76.5691,76.5690,1.9316,2.4145,150.6727,0.0000,0.0000,0.0000,178.0408,5.8470,2376.3319
17/12/2016 00:00:00,33.9007,0.1615,19.7531,0.0000,0.0000,0.0000,0.0000,0.0000,36.1650,0.0000,254.7187,30.9961,0.6406,0.4839,0.2588,0.0259,1188.9720,1209.6138,76.3147,76.3146,1.9348,2.4186,149.7453,0.0000,0.0000,0.0000,179.1007,5.8949,2398.6432
18/12/2016 00:00:00,48.9335,0.1625,19.4579,0.0000,0.0000,0.0000,0.0000,0.0000,36.8076,0.0000,253.4251,30.1160,0.6359,0.4992,0.2601,0.0260,1200.2623,1220.3363,76.0603,76.0602,1.9381,2.4226,148.8179,0.0000,0.0000,0.0000,180.1606,5.9427,2420.9545
19/12/2016 00:00:00,49.6483,0.1624,20.2375,0.0000,0.0000,0.0000,0.0000,0.0000,37.4502,0.0000,252.1314,29.2359,0.6313,0.5146,0.2615,0.0262,1211.5525,1231.0587,75.8060,75.8058,1.9413,2.4267,147.8905,0.0000,0.0000,0.0000,181.2205,5.9906,2443.2658
20/12/2016 00:00:00,42.6564,0.1665,20.3659,0.0000,0.0000,0.0000,0.0000,0.0000,38.0928,0.0000,250.8377,28.3558,0.6267,0.5299,0.2629,0.0263,1222.8428,1241.7812,75.5516,75.5514,1.9446,2.4307,146.9631,0.0000,0.0000,0.0000,182.2804,6.0385,2465.5771
21/12/2016 00:00:00,57.1966,0.1656,20.1551,0.0000,0.0000,0.0000,0.0000,0.0000,38.7354,0.0000,249.5441,27.4757,0.6221,0.5453,0.2643,0.0264,1234.1330,1252.5037,75.2972,75.2970,1.9478,2.4348,146.0357,0.0000,0.0000,0.0000,183.3403,6.0863,2487.8884
22/12/2016 00:00:00,67.8992,0.1657,20.8331,0.0000,0.0000,0.0000,0.0000,0.0000,39.3779,0.0000,248.2504,26.5956,0.6175,0.5607,0.2657,0.0266,1245.4232,1263.2261,75.0428,75.0426,1.9510,2.4388,145.1083,0.0000,0.0000,0.0000,184.4002,6.1342,2510.1998
23/12/2016 00:00:00,63.9561,0.1752,21.8176,0.0000,0.0000,0.0000,0.0000,0.0000,40.0205,0.0000,246.9567,25.7154,0.6129,0.5760,0.2671,0.0267,1256.7135,1273.9486,74.7884,74.7882,1.9543,2.4429,144.1809,0.0000,0.0000,0.0000,185.4600,6.1821,2532.5111
24/12/2016 00:00:00,62.7597,0.1817,22.7025,0.0000,0.0000,0.0000,0.0000,0.0000,40.6631,0.0000,245.6631,24.8353,0.6083,0.5914,0.2685,0.0268,1268.0037,1284.6711,74.5340,74.5339,1.9575,2.4469,143.2535,0.0000,0.0000,0.0000,186.5199,6.2299,2554.8224
25/12/2016 00:00:00,57.5664,0.1750,23.6898,0.0000,0.0000,0.0000,0.0000,0.0000,41.3057,0.0000,244.3694,23.9552,0.6037,0.6068,0.2699,0.0270,1279.2940,1295.3935,74.2796,74.2795,1.9608,2.4510,142.3260,0.0000,0.0000,0.0000,187.5798,6.2778,2577.1337
26/12/2016 00:00:00,57.4996,0.1749,23.7715,0.0000,0.0000,0.0000,0.0000,0.0000,41.9483,0.0000,243.0757,23.0751,0.5991,0.6221,0.2712,0.0271,1290.5842,1306.1160,74.0252,74.0251,1.9640,2.4550,141.3986,0.0000,0.0000,0.0000,188.6397,6.3257,2599.4450
27/12/2016 00:00:00,62.3282,0.1768,23.3556,0.0000,0.0000,0.0000,0.0000,0.0000,42.5908,0.0000,241.7821,22.1950,0.5945,0.6375,0.2726,0.0273,1301.8745,1316.8385,73.7708,73.7707,1.9672,2.4590,140.4712,0.0000,0.0000,0.0000,189.6996,6.3735,2621.7563
28/12/2016 00:00:00,62.6545,0.1711,24.0585,0.0000,0.0000,0.0000,0.0000,0.0000,43.2334,0.0000,240.4884,21.3149,0.5899,0.6528,0.2740,0.0274,1313.1647,1327.5609,73.5164,73.5163,1.9705,2.4631,139.5438,0.0000,0.0000,0.0000,190.7595,6.4214,2644.0676
29/12/2016 00:00:00,45.4573,0.1751,24.7598,0.0000,0.0000,0.0000,0.0000,0.0000,43.8760,0.0000,239.1947,20.4348,0.5853,0.6682,0.2754,0.0275,1324.4549,1338.2834,73.2620,73.2619,1.9737,2.4671,138.6164,0.0000,0.0000,0.0000,191.8194,6.4693,2666.3789
30/12/2016 00:00:00,40.0938,0.1761,23.6302,0.0000,0.0000,0.0000,0.0000,0.0000,44.5186,0.0000,237.9011,19.5546,0.5806,0.6836,0.2768,0.0277,1335.7452,1349.0059,73.0077,73.0075,1.9770,2.4712,137.6890,0.0000,0.0000,0.0000,192.8793,6.5171,2688.6902
31/12/2016 00:00:00,49.2085,0.1679,22.9831,0.0000,0.0000,0.0000,0.0000,0.0000,45.1611,0.0000,236.6074,18.6745,0.5760,0.6989,0.2782,0.0278,1347.0354,1359.7284,72.7533,72.7531,1.9802,2.4752,136.7616,0.0000,0.0000,0.0000,193.9392,6.5650,2711.0015
01/01/2017 00:00:00,50.4307,0.1609,22.4633,0.0000,0.0000,0.0000,0.0000,0.0000,45.8037,0.0000,235.3137,17.7944,0.5714,0.7143,0.2796,0.0280,1358.3257,1370.4508,72.4989,72.4987,1.9834,2.4793,135.8342,0.0000,0.0000,0.0000,194.9990,6.6129,2733.3128
02/01/2017 00:00:00,60.0890,0.1573,21.1413,0.0000,0.0000,0.0000,0.0000,0.0000,45.6751,0.0000,235.6146,18.0803,0.5645,0.7131,0.2773,0.0277,1357.5274,1359.8927,72.3008,72.3006,1.9635,2.4544,136.9882,0.0000,0.0000,0.0000,196.0359,6.6056,2723.9332
03/01/2017 00:00:00,57.4456,0.1614,20.6572,0.0000,0.0000,0.0000,0.0000,0.0000,45.5465,0.0000,235.9171,18.3673,0.5576,0.7120,0.2751,0.0275,1356.7210,1349.3199,72.1027,72.1026,1.9436,2.4295,138.1441,0.0000,0.0000,0.0000,197.0728,6.5983,2714.5245
04/01/2017 00:00:00,26.1189,0.1689,22.0558,0.0000,0.0000,0.0000,0.0000,0.0000,45.4179,0.0000,236.2195,18.6543,0.5507,0.7108,0.2728,0.0273,1355.9145,1338.7471,71.9047,71.9045,1.9237,2.4046,139.3000,0.0000,0.0000,0.0000,198.1097,6.5911,2705.1157
05/01/2017 00:00:00,14.7643,0.1747,22.2902,0.0000,0.0000,0.0000,0.0000,0.0000,45.2893,0.0000,236.5219,18.9413,0.5438,0.7097,0.2706,0.0271,1355.1081,1328.1744,71.7066,71.7065,1.9037,2.3797,140.4559,0.0000,0.0000,0.0000,199.1465,6.5838,2695.7070
06/01/2017 00:00:00,16.6419,0.1674,24.0460,0.0000,0.0000,0.0000,0.0000,0.0000,45.1607,0.0000,236.8243,19.2283,0.5369,0.7085,0.2683,0.0268,1354.3016,1317.6016,71.5085,71.5084,1.8838,2.3548,141.6118,0.0000,0.0000,0.0000,200.1834,6.5765,2686.2983
07/01/2017 00:00:00,16.1252,0.1565,25.2486,0.0000,0.0000,0.0000,0.0000,0.0000,45.0321,0.0000,237.1267,19.5153,0.5300,0.7074,0.2660,0.0266,1353.4952,1307.0289,71.3105,71.3104,1.8639,2.3299,142.7678,0.0000,0.0000,0.0000,201.2203,6.5692,2676.8895
08/01/2017 00:00:00,13.8246,0.1553,25.1485,0.0000,0.0000,0.0000,0.0000,0.0000,44.9035,0.0000,237.4291,19.8023,0.5230,0.7062,0.2638,0.0264,1352.6887,1296.4561,71.1124,71.1123,1.8440,2.3050,143.9237,0.0000,0.0000,0.0000,202.2571,6.5619,2667.4808
09/01/2017 00:00:00,14.6414,0.1497,24.5626,0.0000,0.0000,0.0000,0.0000,0.0000,44.7749,0.0000,237.7316,20.0893,0.5161,0.7051,0.2615,0.0262,1351.8823,1285.8833,70.9144,70.9143,1.8240,2.2801,145.0796,0.0000,0.0000,0.0000,203.2940,6.5546,2658.0721
10/01/2017 00:00:00,14.4489,0.1434,24.0707,0.0000,0.0000,0.0000,0.0000,0.0000,44.6463,0.0000,238.0340,20.3763,0.5092,0.7039,0.2593,0.0259,1351.0758,1275.3106,70.7163,70.7162,1.8041,2.2552,146.2355,0.0000,0.0000,0.0000,204.3309,6.5474,2648.6633
11/01/2017 00:00:00,13.6911,0.1410,23.3841,0.0000,0.0000,0.0000,0.0000,0.0000,44.5176,0.0000,238.3364,20.6633,0.5023,0.7028,0.2570,0.0257,1350.2694,1264.7378,70.5183,70.5182,1.7842,2.2303,147.3914,0.0000,0.0000,0.0000,205.3677,6.5401,2639.2546
12/01/2017 00:00:00,15.6365,0.1526,23.7495,0.0000,0.0000,0.0000,0.0000,0.0000,44.3890,0.0000,238.6388,20.9503,0.4954,0.7016,0.2548,0.0255,1349.4629,1254.1651,70.3202,70.3201,1.7643,2.2053,148.5474,0.0000,0.0000,0.0000,206.4046,6.5328,2629.8458
13/01/2017 00:00:00,7.3368,0.1559,23.6232,0.0000,0.0000,0.0000,0.0000,0.0000,44.2604,0.0000,238.9412,21.2372,0.4885,0.7005,0.2525,0.0253,1348.6565,1243.5923,70.1221,70.1221,1.7444,2.1804,149.7033,0.0000,0.0000,0.0000,207.4414,6.5255,2620.4371
14/01/2017 00:00:00,0.4420,0.1981,20.6304,0.0000,0.0000,0.0000,0.0000,0.0000,44.1318,0.0000,239.2437,21.5242,0.4816,0.6993,0.2503,0.0250,1347.8500,1233.0195,69.9241,69.9240,1.7244,2.1555,150.8592,0.0000,0.0000,0.0000,208.4783,6.5182,2611.0284
15/01/2017 00:00:00,0.6841,0.1722,20.7301,0.0000,0.0000,0.0000,0.0000,0.0000,44.0032,0.0000,239.5461,21.8112,0.4747,0.6982,0.2480,0.0248,1347.0436,1222.4468,69.7260,69.7259,1.7045,2.1306,152.0151,0.0000,0.0000,0.0000,209.5152,6.5109,2601.6196
16/01/2017 00:00:00,11.1971,0.1678,22.0820,0.0000,0.0000,0.0000,0.0000,0.0000,43.8746,0.0000,239.8485,22.0982,0.4677,0.6970,0.2458,0.0246,1346.2371,1211.8740,69.5280,69.5279,1.6846,2.1057,153.1711,0.0000,0.0000,0.0000,210.5520,6.5036,2592.2109
17/01/2017 00:00:00,15.4178,0.1579,23.4739,0.0000,0.0000,0.0000,0.0000,0.0000,43.7460,0.0000,240.1509,22.3852,0.4608,0.6959,0.2435,0.0243,1345.4307,1201.3013,69.3299,69.3298,1.6647,2.0808,154.3270,0.0000,0.0000,0.0000,211.5889,6.4964,2582.8021
18/01/2017 00:00:00,15.8689,0.1680,23.2480,0.0000,0.0000,0.0000,0.0000,0.0000,43.6174,0.0000,240.4533,22.6722,0.4539,0.6947,0.2412,0.0241,1344.6242,1190.7285,69.1318,69.1318,1.6447,2.0559,155.4829,0.0000,0.0000,0.0000,212.6258,6.4891,2573.3934
19/01/2017 00:00:00,17.5522,0.1736,22.2159,0.0000,0.0000,0.0000,0.0000,0.0000,43.4888,0.0000,240.7558,22.9592,0.4470,0.6935,0.2390,0.0239,1343.8178,1180.1557,68.9338,68.9337,1.6248,2.0310,156.6388,0.0000,0.0000,0.0000,213.6626,6.4818,2563.9847
20/01/2017 00:00:00,14.3796,0.1731,21.5999,0.0000,0.0000,0.0000,0.0000,0.0000,43.3601,0.0000,241.0582,23.2462,0.4401,0.6924,0.2367,0.0237,1343.0113,1169.5830,68.7357,68.7357,1.6049,2.0061,157.7947,0.0000,0.0000,0.0000,214.6995,6.4745,2554.5759
21/01/2017 00:00:00,16.7969,0.1814,21.6960,0.0000,0.0000,0.0000,0.0000,0.0000,43.2315,0.0000,241.3606,23.5332,0.4332,0.6912,0.2345,0.0234,1342.2049,1159.0102,68.5377,68.5376,1.5850,1.9812,158.9507,0.0000,0.0000,0.0000,215.7364,6.4672,2545.1672
22/01/2017 00:00:00,16.7830,0.2214,22.5565,0.0000,0.0000,0.0000,0.0000,0.0000,43.1029,0.0000,241.6630,23.8202,0.4263,0.6901,0.2322,0.0232,1341.3984,1148.4375,68.3396,68.3396,1.5650,1.9563,160.1066,0.0000,0.0000,0.0000,216.7732,6.4599,2535.7585
23/01/2017 00:00:00,15.1978,0.2307,23.2104,0.0000,0.0000,0.0000,0.0000,0.0000,42.9743,0.0000,241.9654,24.1072,0.4194,0.6889,0.2300,0.0230,1340.5920,1137.8647,68.1416,68.1415,1.5451,1.9314,161.2625,0.0000,0.0000,0.0000,217.8101,6.4527,2526.3497
24/01/2017 00:00:00,12.7203,0.2355,22.4004,0.0000,0.0000,0.0000,0.0000,0.0000,42.8457,0.0000,242.2679,24.3942,0.4124,0.6878,0.2277,0.0228,1339.7855,1127.2919,67.9435,67.9435,1.5252,1.9065,162.4184,0.0000,0.0000,0.0000,218.8470,6.4454,2516.9410
25/01/2017 00:00:00,15.4740,0.2342,22.0387,0.0000,0.0000,0.0000,0.0000,0.0000,42.7171,0.0000,242.5703,24.6812,0.4055,0.6866,0.2255,0.0225,1338.9790,1116.7192,67.7454,67.7454,1.5053,1.8816,163.5744,0.0000,0.0000,0.0000,219.8838,6.4381,2507.5322
26/01/2017 00:00:00,15.5356,0.2294,21.7034,0.0000,0.0000,0.0000,0.0000,0.0000,42.5885,0.0000,242.8727,24.9682,0.3986,0.6855,0.2232,0.0223,1338.1726,1106.1464,67.5474,67.5474,1.4853,1.8567,164.7303,0.0000,0.0000,0.0000,220.9207,6.4308,2498.1235
27/01/2017 00:00:00,15.9863,0.2281,22.0636,0.0000,0.0000,0.0000,0.0000,0.0000,42.4599,0.0000,243.1751,25.2552,0.3917,0.6843,0.2210,0.0221,1337.3661,1095.5737,67.3493,67.3493,1.4654,1.8318,165.8862,0.0000,0.0000,0.0000,221.9576,6.4235,2488.7148
28/01/2017 00:00:00,15.1368,0.2259,23.1851,0.0000,0.0000,0.0000,0.0000,0.0000,42.3313,0.0000,243.4775,25.5421,0.3848,0.6832,0.2187,0.0219,1336.5597,1085.0009,67.1513,67.1512,1.4455,1.8069,167.0421,0.0000,0.0000,0.0000,222.9944,6.4162,2479.3060
29/01/2017 00:00:00,15.4026,0.2222,24.2452,0.0000,0.0000,0.0000,0.0000,0.0000,42.2026,0.0000,243.7800,25.8291,0.3779,0.6820,0.2164,0.0216,1335.7532,1074.4281,66.9532,66.9532,1.4256,1.7820,168.1980,0.0000,0.0000,0.0000,224.0313,6.4089,2469.8973
30/01/2017 00:00:00,13.7781,0.2208,24.3092,0.0000,0.0000,0.0000,0.0000,0.0000,42.0740,0.0000,244.0824,26.1161,0.3710,0.6809,0.2142,0.0214,1334.9468,1063.8554,66.7552,66.7551,1.4057,1.7571,169.3540,0.0000,0.0000,0.0000,225.0682,6.4017,2460.4885
31/01/2017 00:00:00,13.6604,0.2146,22.7721,0.0000,0.0000,0.0000,0.0000,0.0000,41.9454,0.0000,244.3848,26.4031,0.3641,0.6797,0.2119,0.0212,1334.1403,1053.2826,66.5571,66.5571,1.3857,1.7322,170.5099,0.0000,0.0000,0.0000,226.1050,6.3944,2451.0798
01/02/2017 00:00:00,14.8013,0.2156,21.8296,0.0000,0.0000,0.0000,0.0000,0.0000,41.8168,0.0000,244.6872,26.6901,0.3571,0.6786,0.2097,0.0210,1333.3339,1042.7099,66.3590,66.3590,1.3658,1.7073,171.6658,0.0000,0.0000,0.0000,227.1419,6.3871,2441.6711
02/02/2017 00:00:00,14.5654,0.2190,21.8044,0.0000,0.0000,0.0000,0.0000,0.0000,41.6882,0.0000,245.0310,26.6269,0.3571,0.6709,0.2068,0.0207,1330.7568,1040.3097,66.6900,66.6900,1.3906,1.7382,171.4872,0.0000,0.0000,0.0000,226.5120,6.3703,2436.2824
03/02/2017 00:00:00,14.8817,0.2203,22.4745,0.0000,0.0000,0.0000,0.0000,0.0000,41.5596,0.0000,245.3749,26.5634,0.3571,0.6633,0.2039,0.0204,1328.1786,1037.9107,67.0215,67.0215,1.4153,1.7692,171.3077,0.0000,0.0000,0.0000,225.8806,6.3536,2430.8957
04/02/2017 00:00:00,14.8807,0.2206,22.9194,0.0000,0.0000,0.0000,0.0000,0.0000,41.4310,0.0000,245.7188,26.4998,0.3571,0.6556,0.2010,0.0201,1325.6003,1035.5116,67.3531,67.3530,1.4401,1.8001,171.1281,0.0000,0.0000,0.0000,225.2492,6.3368,2425.5090
05/02/2017 00:00:00,14.3061,0.2201,22.9906,0.0000,0.0000,0.0000,0.0000,0.0000,41.3024,0.0000,246.0626,26.4363,0.3571,0.6480,0.1982,0.0198,1323.0220,1033.1126,67.6846,67.6845,1.4649,1.8311,170.9486,0.0000,0.0000,0.0000,224.6178,6.3201,2420.1222
06/02/2017 00:00:00,14.6197,0.2183,21.4436,0.0000,0.0000,0.0000,0.0000,0.0000,41.1738,0.0000,246.4065,26.3727,0.3571,0.6403,0.1953,0.0195,1320.4437,1030.7136,68.0161,68.0160,1.4897,1.8621,170.7690,0.0000,0.0000,0.0000,223.9864,6.3033,2414.7355
07/02/2017 00:00:00,17.2564,0.2179,20.4914,0.0000,0.0000,0.0000,0.0000,0.0000,41.0451,0.0000,246.7504,26.3092,0.3571,0.6327,0.1924,0.0192,1317.8655,1028.3146,68.3476,68.3475,1.5144,1.8930,170.5894,0.0000,0.0000,0.0000,223.3550,6.2866,2409.3487
08/02/2017 00:00:00,16.8765,0.2221,22.1019,0.0000,0.0000,0.0000,0.0000,0.0000,40.9165,0.0000,247.0942,26.2456,0.3571,0.6250,0.1895,0.0190,1315.2872,1025.9156,68.6791,68.6790,1.5392,1.9240,170.4099,0.0000,0.0000,0.0000,222.7235,6.2698,2403.9620
09/02/2017 00:00:00,14.7536,0.2268,24.2473,0.0000,0.0000,0.0000,0.0000,0.0000,40.7879,0.0000,247.4381,26.1821,0.3571,0.6173,0.1866,0.0187,1312.7089,1023.5166,69.0106,69.0105,1.5640,1.9550,170.2303,0.0000,0.0000,0.0000,222.0921,6.2531,2398.5753
10/02/2017 00:00:00,9.4311,0.2275,24.6725,0.0000,0.0000,0.0000,0.0000,0.0000,40.6593,0.0000,247.7820,26.1185,0.3571,0.6097,0.1838,0.0184,1310.1306,1021.1176,69.3421,69.3420,1.5887,1.9859,170.0508,0.0000,0.0000,0.0000,221.4607,6.2363,2393.1885
11/02/2017 00:00:00,0.6578,0.2268,24.3329,0.0000,0.0000,0.0000,0.0000,0.0000,40.5307,0.0000,248.1258,26.0550,0.3571,0.6020,0.1809,0.0181,1307.5524,1018.7186,69.6736,69.6735,1.6135,2.0169,169.8712,0.0000,0.0000,0.0000,220.8293,6.2196,2387.8018
12/02/2017 00:00:00,0.5600,0.2289,21.5623,0.0000,0.0000,0.0000,0.0000,0.0000,40.4021,0.0000,248.4697,25.9914,0.3571,0.5944,0.1780,0.0178,1304.9741,1016.3196,70.0051,70.0050,1.6383,2.0478,169.6917,0.0000,0.0000,0.0000,220.1979,6.2028,2382.4150
13/02/2017 00:00:00,9.0645,0.2290,19.7688,0.0000,0.0000,0.0000,0.0000,0.0000,40.2735,0.0000,248.8136,25.9279,0.3571,0.5867,0.1751,0.0175,1302.3958,1013.9206,70.3366,70.3365,1.6630,2.0788,169.5121,0.0000,0.0000,0.0000,219.5665,6.1861,2377.0283
14/02/2017 00:00:00,15.3236,0.2305,20.6604,0.0000,0.0000,0.0000,0.0000,0.0000,40.1449,0.0000,249.1574,25.8643,0.3571,0.5791,0.1722,0.0172,1299.8175,1011.5215,70.6681,70.6680,1.6878,2.1098,169.3325,0.0000,0.0000,0.0000,218.9351,6.1693,2371.6416
15/02/2017 00:00:00,14.5949,0.2300,21.7510,0.0000,0.0000,0.0000,0.0000,0.0000,40.0163,0.0000,249.5013,25.8008,0.3571,0.5714,0.1694,0.0169,1297.2393,1009.1225,70.9996,70.9995,1.7126,2.1407,169.1530,0.0000,0.0000,0.0000,218.3036,6.1526,2366.2548
16/02/2017 00:00:00,14.2398,0.2323,22.3372,0.0000,0.0000,0.0000,0.0000,0.0000,39.8876,0.0000,249.8452,25.7372,0.3571,0.5638,0.1665,0.0166,1294.6610,1006.7235,71.3311,71.3310,1.7374,2.1717,168.9734,0.0000,0.0000,0.0000,217.6722,6.1358,2360.8681
17/02/2017 00:00:00,8.0357,0.2332,21.3225,0.0000,0.0000,0.0000,0.0000,0.0000,39.7590,0.0000,250.1890,25.6737,0.3571,0.5561,0.1636,0.0164,1292.0827,1004.3245,71.6626,71.6625,1.7621,2.2026,168.7939,0.0000,0.0000,0.0000,217.0408,6.1191,2355.4813
18/02/2017 00:00:00,0.4226,0.2361,19.2543,0.0000,0.0000,0.0000,0.0000,0.0000,39.6304,0.0000,250.5329,25.6101,0.3571,0.5485,0.1607,0.0161,1289.5044,1001.9255,71.9941,71.9940,1.7869,2.2336,168.6143,0.0000,0.0000,0.0000,216.4094,6.1023,2350.0946
19/02/2017 00:00:00,0.4359,0.2398,18.0477,0.0000,0.0000,0.0000,0.0000,0.0000,39.5018,0.0000,250.8768,25.5466,0.3571,0.5408,0.1578,0.0158,1286.9261,999.5265,72.3256,72.3255,1.8117,2.2646,168.4347,0.0000,0.0000,0.0000,215.7780,6.0855,2344.7079
20/02/2017 00:00:00,8.0095,0.2416,18.3157,0.0000,0.0000,0.0000,0.0000,0.0000,39.3732,0.0000,251.2206,25.4830,0.3571,0.5332,0.1550,0.0155,1284.3479,997.1275,72.6571,72.6570,1.8364,2.2955,168.2552,0.0000,0.0000,0.0000,215.1466,6.0688,2339.3211
21/02/2017 00:00:00,15.5470,0.2445,19.5172,0.0000,0.0000,0.0000,0.0000,0.0000,39.2446,0.0000,251.5645,25.4195,0.3571,0.5255,0.1521,0.0152,1281.7696,994.7285,72.9886,72.9885,1.8612,2.3265,168.0756,0.0000,0.0000,0.0000,214.5152,6.0520,2333.9344
22/02/2017 00:00:00,12.7509,0.2451,19.9727,0.0000,0.0000,0.0000,0.0000,0.0000,39.1160,0.0000,251.9084,25.3559,0.3571,0.5179,0.1492,0.0149,1279.1913,992.3295,73.3201,73.3200,1.8860,2.3575,167.8961,0.0000,0.0000,0.0000,213.8837,6.0353,2328.5476
23/02/2017 00:00:00,13.3905,2.1188,19.8708,0.0000,0.0000,0.0000,0.0000,0.0000,38.9874,0.0000,252.2522,25.2924,0.3571,0.5102,0.1463,0.0146,1276.6130,989.9305,73.6516,73.6515,1.9107,2.3884,167.7165,0.0000,0.0000,0.0000,213.2523,6.0185,2323.1609
24/02/2017 00:00:00,13.9294,0.2649,19.5693,0.0000,0.0000,0.0000,0.0000,0.0000,38.8587,0.0000,252.5961,25.2288,0.3571,0.5026,0.1434,0.0143,1274.0348,987.5314,73.9831,73.9830,1.9355,2.4194,167.5369,0.0000,0.0000,0.0000,212.6209,6.0018,2317.7742
25/02/2017 00:00:00,0.6100,0.2946,18.7409,0.0000,0.0000,0.0000,0.0000,0.0000,38.7301,0.0000,252.9400,25.1653,0.3571,0.4949,0.1406,0.0141,1271.4565,985.1324,74.3147,74.3145,1.9603,2.4503,167.3574,0.0000,0.0000,0.0000,211.9895,5.9850,2312.3874
26/02/2017 00:00:00,0.6461,0.2867,18.7712,0.0000,0.0000,0.0000,0.0000,0.0000,38.6015,0.0000,253.2838,25.1017,0.3571,0.4872,0.1377,0.0138,1268.8782,982.7334,74.6462,74.6460,1.9850,2.4813,167.1778,0.0000,0.0000,0.0000,211.3581,5.9683,2307.0007
27/02/2017 00:00:00,9.3854,0.2666,20.0979,0.0000,0.0000,0.0000,0.0000,0.0000,38.4729,0.0000,253.6277,25.0382,0.3571,0.4796,0.1348,0.0135,1266.2999,980.3344,74.9777,74.9775,2.0098,2.5123,166.9983,0.0000,0.0000,0.0000,210.7267,5.9515,2301.6139
28/02/2017 00:00:00,14.1217,0.2495,21.8127,0.0000,0.0000,0.0000,0.0000,0.0000,38.3443,0.0000,253.9716,24.9746,0.3571,0.4719,0.1319,0.0132,1263.7217,977.9354,75.3092,75.3090,2.0346,2.5432,166.8187,0.0000,0.0000,0.0000,210.0953,5.9348,2296.2272
01/03/2017 00:00:00,12.9756,0.2516,22.6185,0.0000,0.0000,0.0000,0.0000,0.0000,38.2157,0.0000,254.3154,24.9111,0.3571,0.4643,0.1290,0.0129,1261.1434,975.5364,75.6407,75.6405,2.0594,2.5742,166.6392,0.0000,0.0000,0.0000,209.4639,5.9180,2290.8405
02/03/2017 00:00:00,11.2059,0.2549,22.7365,0.0000,0.0000,0.0000,0.0000,0.0000,38.0871,0.0000,254.6593,25.4463,0.3571,0.4639,0.1308,0.0131,1258.5651,973.1374,75.2721,75.2723,2.0418,2.5523,166.4596,0.0000,0.0000,0.0000,208.8324,5.9013,2285.4537
03/03/2017 00:00:00,13.3535,0.2648,22.4569,0.0000,0.0000,0.0000,0.0000,0.0000,37.9585,0.0000,255.0032,25.9821,0.3571,0.4635,0.1325,0.0133,1255.9868,970.7384,74.9033,74.9035,2.0243,2.5304,166.2800,0.0000,0.0000,0.0000,208.2010,5.8845,2280.0670
04/03/2017 00:00:00,12.4565,0.2774,22.0679,0.0000,0.0000,0.0000,0.0000,0.0000,37.8299,0.0000,255.3470,26.5178,0.3571,0.4631,0.1342,0.0134,1253.4085,968.3394,74.5345,74.5347,2.0068,2.5085,166.1005,0.0000,0.0000,0.0000,207.5696,5.8678,2274.6802
05/03/2017 00:00:00,11.3363,0.2845,21.4716,0.0000,0.0000,0.0000,0.0000,0.0000,37.7012,0.0000,255.6909,27.0535,0.3571,0.4627,0.1360,0.0136,1250.8303,965.9404,74.1658,74.1659,1.9893,2.4866,165.9209,0.0000,0.0000,0.0000,206.9382,5.8510,2269.2935
06/03/2017 00:00:00,12.1308,0.2963,20.5911,0.0000,0.0000,0.0000,0.0000,0.0000,37.5726,0.0000,256.0347,27.5893,0.3571,0.4624,0.1377,0.0138,1248.2520,963.5413,73.7970,73.7971,1.9718,2.4647,165.7414,0.0000,0.0000,0.0000,206.3068,5.8343,2263.9068
07/03/2017 00:00:00,12.2422,0.3048,21.1119,0.0000,0.0000,0.0000,0.0000,0.0000,37.4440,0.0000,256.3786,28.1250,0.3571,0.4620,0.1394,0.0139,1245.6737,961.1423,73.4282,73.4283,1.9543,2.4428,165.5618,0.0000,0.0000,0.0000,205.6754,5.8175,2258.5200
08/03/2017 00:00:00,11.6625,0.3110,21.7046,0.0000,0.0000,0.0000,0.0000,0.0000,37.3154,0.0000,256.7225,28.6607,0.3571,0.4616,0.1412,0.0141,1243.0954,958.7433,73.0594,73.0595,1.9367,2.4209,165.3822,0.0000,0.0000,0.0000,205.0440,5.8008,2253.1333
09/03/2017 00:00:00,11.7245,0.3202,22.5837,0.0000,0.0000,0.0000,0.0000,0.0000,37.1868,0.0000,257.0663,29.1964,0.3571,0.4612,0.1429,0.0143,1240.5172,956.3443,72.6906,72.6907,1.9192,2.3990,165.2027,0.0000,0.0000,0.0000,204.4125,5.7840,2247.7465
10/03/2017 00:00:00,8.1040,0.3203,22.4932,0.0000,0.0000,0.0000,0.0000,0.0000,37.0582,0.0000,257.4102,29.7322,0.3571,0.4608,0.1446,0.0145,1237.9389,953.9453,72.3218,72.3219,1.9017,2.3771,165.0231,0.0000,0.0000,0.0000,203.7811,5.7672,2242.3598
11/03/2017 00:00:00,0.5295,0.3219,21.5342,0.0000,0.0000,0.0000,0.0000,0.0000,36.9296,0.0000,257.7541,30.2679,0.3571,0.4604,0.1464,0.0146,1235.3606,951.5463,71.9531,71.9531,1.8842,2.3552,164.8436,0.0000,0.0000,0.0000,203.1497,5.7505,2236.9731
12/03/2017 00:00:00,0.3439,0.3206,20.6335,0.0000,0.0000,0.0000,0.0000,0.0000,36.8010,0.0000,258.0979,30.8036,0.3571,0.4601,0.1481,0.0148,1232.7823,949.1473,71.5843,71.5843,1.8667,2.3333,164.6640,0.0000,0.0000,0.0000,202.5183,5.7337,2231.5863
13/03/2017 00:00:00,0.3743,0.5480,19.9255,0.0000,0.0000,0.0000,0.0000,0.0000,36.6724,0.0000,258.4418,31.3394,0.3571,0.4597,0.1498,0.0150,1230.2041,946.7483,71.2155,71.2155,1.8492,2.3114,164.4845,0.0000,0.0000,0.0000,201.8869,5.7170,2226.1996
14/03/2017 00:00:00,6.9447,0.4654,20.7382,0.0000,0.0000,0.0000,0.0000,0.0000,36.5437,0.0000,258.7857,31.8751,0.3571,0.4593,0.1516,0.0152,1227.6258,944.3493,70.8467,70.8467,1.8316,2.2896,164.3049,0.0000,0.0000,0.0000,201.2555,5.7002,2220.8128
15/03/2017 00:00:00,12.3091,0.3750,22.2120,0.0000,0.0000,0.0000,0.0000,0.0000,36.4151,0.0000,259.1295,32.4108,0.3571,0.4589,0.1533,0.0153,1225.0475,941.9503,70.4779,70.4779,1.8141,2.2677,164.1253,0.0000,0.0000,0.0000,200.6241,5.6835,2215.4261
16/03/2017 00:00:00,4.9897,0.5638,21.1119,0.0000,0.0000,0.0000,0.0000,0.0000,36.2865,0.0000,259.4734,32.9466,0.3571,0.4585,0.1550,0.0155,1222.4692,939.5512,70.1091,70.1091,1.7966,2.2458,163.9458,0.0000,0.0000,0.0000,199.9926,5.6667,2210.0394
17/03/2017 00:00:00,10.4563,0.4033,20.3161,0.0000,0.0000,0.0000,0.0000,0.0000,36.1579,0.0000,259.8173,33.4823,0.3571,0.4581,0.1568,0.0157,1219.8909,937.1522,69.7404,69.7403,1.7791,2.2239,163.7662,0.0000,0.0000,0.0000,199.3612,5.6500,2204.6526
18/03/2017 00:00:00,12.1473,0.3255,20.7081,0.0000,0.0000,0.0000,0.0000,0.0000,36.0293,0.0000,260.1611,34.0180,0.3571,0.4578,0.1585,0.0159,1217.3127,934.7532,69.3716,69.3715,1.7616,2.2020,163.5867,0.0000,0.0000,0.0000,198.7298,5.6332,2199.2659
19/03/2017 00:00:00,11.3326,0.3219,21.4765,0.0000,0.0000,0.0000,0.0000,0.0000,35.9007,0.0000,260.5050,34.5538,0.3571,0.4574,0.1602,0.0160,1214.7344,932.3542,69.0028,69.0027,1.7441,2.1801,163.4071,0.0000,0.0000,0.0000,198.0984,5.6165,2193.8791
20/03/2017 00:00:00,7.3514,0.3300,22.6219,0.0000,0.0000,0.0000,0.0000,0.0000,35.7721,0.0000,260.8489,35.0895,0.3571,0.4570,0.1620,0.0162,1212.1561,929.9552,68.6340,68.6339,1.7265,2.1582,163.2275,0.0000,0.0000,0.0000,197.4670,5.5997,2188.4924
21/03/2017 00:00:00,0.4482,0.3268,23.3761,0.0000,0.0000,0.0000,0.0000,0.0000,35.6435,0.0000,261.1927,35.6252,0.3571,0.4566,0.1637,0.0164,1209.5778,927.5562,68.2652,68.2651,1.7090,2.1363,163.0480,0.0000,0.0000,0.0000,196.8356,5.5830,2183.1057
22/03/2017 00:00:00,0.5010,0.3331,21.5622,0.0000,0.0000,0.0000,0.0000,0.0000,35.5149,0.0000,261.5366,36.1610,0.3571,0.4562,0.1655,0.0165,1206.9996,925.1572,67.8964,67.8964,1.6915,2.1144,162.8684,0.0000,0.0000,0.0000,196.2042,5.5662,2177.7189
23/03/2017 00:00:00,4.8936,0.3343,20.9356,0.0000,0.0000,0.0000,0.0000,0.0000,35.3862,0.0000,261.8805,36.6967,0.3571,0.4558,0.1672,0.0167,1204.4213,922.7582,67.5277,67.5276,1.6740,2.0925,162.6889,0.0000,0.0000,0.0000,195.5727,5.5495,2172.3322
24/03/2017 00:00:00,13.5980,0.3354,22.1436,0.0000,0.0000,0.0000,0.0000,0.0000,35.2576,0.0000,262.2243,37.2324,0.3571,0.4555,0.1689,0.0169,1201.8430,920.3592,67.1589,67.1588,1.6565,2.0706,162.5093,0.0000,0.0000,0.0000,194.9413,5.5327,2166.9454
25/03/2017 00:00:00,11.8029,0.3410,22.5338,0.0000,0.0000,0.0000,0.0000,0.0000,35.1290,0.0000,262.5682,37.7682,0.3571,0.4551,0.1707,0.0171,1199.2647,917.9602,66.7901,66.7900,1.6390,2.0487,162.3297,0.0000,0.0000,0.0000,194.3099,5.5160,2161.5587
26/03/2017 00:00:00,12.0987,0.3434,22.4887,0.0000,0.0000,0.0000,0.0000,0.0000,35.0004,0.0000,262.9121,38.3039,0.3571,0.4547,0.1724,0.0172,1196.6865,915.5611,66.4213,66.4212,1.6214,2.0268,162.1502,0.0000,0.0000,0.0000,193.6785,5.4992,2156.1720
27/03/2017 00:00:00,6.9979,0.3660,21.9533,0.0000,0.0000,0.0000,0.0000,0.0000,34.8718,0.0000,263.2559,38.8396,0.3571,0.4543,0.1741,0.0174,1194.1082,913.1621,66.0525,66.0524,1.6039,2.0049,161.9706,0.0000,0.0000,0.0000,193.0471,5.4824,2150.7852
28/03/2017 00:00:00,4.2761,1.3521,20.9340,0.0000,0.0000,0.0000,0.0000,0.0000,34.7432,0.0000,263.5998,39.3754,0.3571,0.4539,0.1759,0.0176,1191.5299,910.7631,65.6837,65.6836,1.5864,1.9830,161.7911,0.0000,0.0000,0.0000,192.4157,5.4657,2145.3985
29/03/2017 00:00:00,0.1799,3.4602,19.6585,0.0000,0.0000,0.0000,0.0000,0.0000,34.6146,0.0000,263.9437,39.9111,0.3571,0.4535,0.1776,0.0178,1188.9516,908.3641,65.3150,65.3148,1.5689,1.9611,161.6115,0.0000,0.0000,0.0000,191.7843,5.4489,2140.0117
30/03/2017 00:00:00,0.1461,13.1262,17.1951,0.0000,0.0000,0.0000,0.0000,0.0000,34.4860,0.0000,264.2875,40.4468,0.3571,0.4531,0.1793,0.0179,1186.3733,905.9651,64.9462,64.9460,1.5514,1.9392,161.4320,0.0000,0.0000,0.0000,191.1528,5.4322,2134.6250
31/03/2017 00:00:00,0.3710,4.3251,16.8408,0.0000,0.0000,0.0000,0.0000,0.0000,34.3574,0.0000,264.6314,40.9826,0.3571,0.4528,0.1811,0.0181,1183.7951,903.5661,64.5774,64.5772,1.5339,1.9173,161.2524,0.0000,0.0000,0.0000,190.5214,5.4154,2129.2383
01/04/2017 00:00:00,0.3546,4.2549,16.8036,0.0000,0.0000,0.0000,0.0000,0.0000,34.2287,0.0000,264.9753,41.5183,0.3571,0.4524,0.1828,0.0183,1181.2168,901.1671,64.2086,64.2084,1.5163,1.8954,161.0728,0.0000,0.0000,0.0000,189.8900,5.3987,2123.8515
02/04/2017 00:00:00,0.4682,1.8570,16.8470,0.0000,0.0000,0.0000,0.0000,0.0000,34.1001,0.0000,265.3191,44.4636,0.3571,0.5396,0.2003,0.0200,1178.6385,898.7681,64.1542,64.1542,1.5199,1.8999,160.8933,0.0000,0.0000,0.0000,189.2586,5.3819,2118.4648
03/04/2017 00:00:00,7.1191,1.1138,16.4635,0.0000,0.0000,0.0000,0.0000,0.0000,33.9715,0.0000,265.6630,47.4094,0.3571,0.6269,0.2179,0.0218,1176.0602,896.3691,64.1001,64.1001,1.5235,1.9043,160.7137,0.0000,0.0000,0.0000,188.6272,5.3652,2113.0780
04/04/2017 00:00:00,13.1674,0.5405,17.1659,0.0000,0.0000,0.0000,0.0000,0.0000,33.8429,0.0000,266.0069,50.3552,0.3571,0.7142,0.2355,0.0235,1173.4820,893.9701,64.0459,64.0459,1.5270,1.9088,160.5342,0.0000,0.0000,0.0000,187.9958,5.3484,2107.6913
05/04/2017 00:00:00,13.2163,0.3309,18.3957,0.0000,0.0000,0.0000,0.0000,0.0000,33.7143,0.0000,266.3507,53.3010,0.3571,0.8015,0.2530,0.0253,1170.9037,891.5710,63.9918,63.9918,1.5306,1.9132,160.3546,0.0000,0.0000,0.0000,187.3644,5.3317,2102.3046
06/04/2017 00:00:00,11.9268,0.3826,19.1152,0.0000,0.0000,0.0000,0.0000,0.0000,33.5857,0.0000,266.6946,56.2468,0.3571,0.8888,0.2706,0.0271,1168.3254,889.1720,63.9377,63.9376,1.5342,1.9177,160.1750,0.0000,0.0000,0.0000,186.7330,5.3149,2096.9178
07/04/2017 00:00:00,8.2556,0.4291,19.3483,0.0000,0.0000,0.0000,0.0000,0.0000,33.4571,0.0000,267.0385,59.1925,0.3571,0.9761,0.2882,0.0288,1165.7471,886.7730,63.8835,63.8835,1.5377,1.9222,159.9955,0.0000,0.0000,0.0000,186.1015,5.2982,2091.5311
08/04/2017 00:00:00,0.4213,0.4426,19.3053,0.0000,0.0000,0.0000,0.0000,0.0000,33.3285,0.0000,267.3823,62.1383,0.3571,1.0634,0.3057,0.0306,1163.1689,884.3740,63.8294,63.8294,1.5413,1.9266,159.8159,0.0000,0.0000,0.0000,185.4701,5.2814,2086.1443
09/04/2017 00:00:00,0.0056,1.5906,16.3141,0.0000,0.0000,0.0000,0.0000,0.0000,33.1999,0.0000,267.7262,65.0841,0.3571,1.1507,0.3233,0.0323,1160.5906,881.9750,63.7752,63.7752,1.5448,1.9311,159.6364,0.0000,0.0000,0.0000,184.8387,5.2647,2080.7576
10/04/2017 00:00:00,0.2344,3.5039,14.5359,0.0000,0.0000,0.0000,0.0000,0.0000,33.0712,0.0000,268.0701,68.0299,0.3571,1.2380,0.3408,0.0341,1158.0123,879.5760,63.7211,63.7211,1.5484,1.9355,159.4568,0.0000,0.0000,0.0000,184.2073,5.2479,2075.3709
11/04/2017 00:00:00,0.4836,2.1376,15.3356,0.0000,0.0000,0.0000,0.0000,0.0000,32.9426,0.0000,268.4139,70.9757,0.3571,1.3253,0.3584,0.0358,1155.4340,877.1770,63.6670,63.6669,1.5520,1.9400,159.2772,0.0000,0.0000,0.0000,183.5759,5.2312,2069.9841
12/04/2017 00:00:00,15.6116,0.9012,16.1685,0.0000,0.0000,0.0000,0.0000,0.0000,32.8140,0.0000,268.7578,73.9215,0.3571,1.4126,0.3760,0.0376,1152.8558,874.7780,63.6128,63.6128,1.5555,1.9444,159.0977,0.0000,0.0000,0.0000,182.9445,5.2144,2064.5974
13/04/2017 00:00:00,0.4639,0.6960,17.1186,0.0000,0.0000,0.0000,0.0000,0.0000,32.6854,0.0000,269.1017,76.8672,0.3571,1.4999,0.3935,0.0394,1150.2775,872.3790,63.5587,63.5587,1.5591,1.9489,158.9181,0.0000,0.0000,0.0000,182.3131,5.1977,2059.2106
14/04/2017 00:00:00,0.4828,0.6449,17.7951,0.0000,0.0000,0.0000,0.0000,0.0000,32.5568,0.0000,269.4455,79.8130,0.3571,1.5872,0.4111,0.0411,1147.6992,869.9800,63.5046,63.5045,1.5627,1.9533,158.7386,0.0000,0.0000,0.0000,181.6816,5.1809,2053.8239
15/04/2017 00:00:00,0.4700,0.6243,18.2256,0.0000,0.0000,0.0000,0.0000,0.0000,32.4282,0.0000,269.7894,82.7588,0.3571,1.6745,0.4287,0.0429,1145.1209,867.5809,63.4504,63.4504,1.5662,1.9578,158.5590,0.0000,0.0000,0.0000,181.0502,5.1641,2048.4372
16/04/2017 00:00:00,0.4501,0.6006,18.1043,0.0000,0.0000,0.0000,0.0000,0.0000,32.2996,0.0000,270.1333,85.7046,0.3571,1.7618,0.4462,0.0446,1142.5426,865.1819,63.3963,63.3963,1.5698,1.9622,158.3795,0.0000,0.0000,0.0000,180.4188,5.1474,2043.0504
17/04/2017 00:00:00,0.5279,0.6194,17.8648,0.0000,0.0000,0.0000,0.0000,0.0000,32.1710,0.0000,270.4771,88.6504,0.3571,1.8491,0.4638,0.0464,1139.9644,862.7829,63.3421,63.3421,1.5733,1.9667,158.1999,0.0000,0.0000,0.0000,179.7874,5.1306,2037.6637
18/04/2017 00:00:00,0.5436,0.6038,17.8054,0.0000,0.0000,0.0000,0.0000,0.0000,32.0424,0.0000,270.8210,91.5961,0.3571,1.9364,0.4814,0.0481,1137.3861,860.3839,63.2880,63.2880,1.5769,1.9711,158.0203,0.0000,0.0000,0.0000,179.1560,5.1139,2032.2769
19/04/2017 00:00:00,0.5432,0.5911,17.7349,0.0000,0.0000,0.0000,0.0000,0.0000,31.9137,0.0000,271.1649,94.5419,0.3571,2.0237,0.4989,0.0499,1134.8078,857.9849,63.2339,63.2338,1.5805,1.9756,157.8408,0.0000,0.0000,0.0000,178.5246,5.0971,2026.8902
20/04/2017 00:00:00,0.5147,0.5847,18.2795,0.0000,0.0000,0.0000,0.0000,0.0000,31.7851,0.0000,271.5087,97.4877,0.3571,2.1110,0.5165,0.0516,1132.2295,855.5859,63.1797,63.1797,1.5840,1.9800,157.6612,0.0000,0.0000,0.0000,177.8932,5.0804,2021.5035
21/04/2017 00:00:00,0.5061,0.5739,18.7972,0.0000,0.0000,0.0000,0.0000,0.0000,31.6565,0.0000,271.8526,100.4335,0.3571,2.1983,0.5340,0.0534,1129.6513,853.1869,63.1256,63.1256,1.5876,1.9845,157.4817,0.0000,0.0000,0.0000,177.2617,5.0636,2016.1167
22/04/2017 00:00:00,0.5494,0.5700,18.7437,0.0000,0.0000,0.0000,0.0000,0.0000,31.5279,0.0000,272.1965,103.3793,0.3571,2.2856,0.5516,0.0552,1127.0730,850.7879,63.0714,63.0714,1.5912,1.9889,157.3021,0.0000,0.0000,0.0000,176.6303,5.0469,2010.7300
23/04/2017 00:00:00,0.5695,0.5705,19.1923,0.0000,0.0000,0.0000,0.0000,0.0000,31.3993,0.0000,272.5403,106.3250,0.3571,2.3729,0.5692,0.0569,1124.4947,848.3889,63.0173,63.0173,1.5947,1.9934,157.1225,0.0000,0.0000,0.0000,175.9989,5.0301,2005.3432
24/04/2017 00:00:00,0.5599,0.5730,19.3768,0.0000,0.0000,0.0000,0.0000,0.0000,31.2707,0.0000,272.8842,109.2708,0.3571,2.4602,0.5867,0.0587,1121.9164,845.9899,62.9632,62.9632,1.5983,1.9979,156.9430,0.0000,0.0000,0.0000,175.3675,5.0134,1999.9565
25/04/2017 00:00:00,0.3562,0.6034,18.6884,0.0000,0.0000,0.0000,0.0000,0.0000,31.1421,0.0000,273.2280,112.2166,0.3571,2.5475,0.6043,0.0604,1119.3382,843.5908,62.9090,62.9090,1.6018,2.0023,156.7634,0.0000,0.0000,0.0000,174.7361,4.9966,1994.5698
26/04/2017 00:00:00,0.1331,4.4623,14.6944,0.0000,0.0000,0.0000,0.0000,0.0000,31.0135,0.0000,273.5719,115.1624,0.3571,2.6348,0.6219,0.0622,1116.7599,841.1918,62.8549,62.8549,1.6054,2.0068,156.5839,0.0000,0.0000,0.0000,174.1047,4.9799,1989.1830
27/04/2017 00:00:00,9.4021,3.5382,14.2419,0.0000,0.0000,0.0000,0.0000,0.0000,30.8849,0.0000,273.9158,118.1082,0.3571,2.7221,0.6394,0.0639,1114.1816,838.7928,62.8007,62.8007,1.6090,2.0112,156.4043,0.0000,0.0000,0.0000,173.4733,4.9631,1983.7963
28/04/2017 00:00:00,9.6810,1.2657,14.8920,0.0000,0.0000,0.0000,0.0000,0.0000,30.7562,0.0000,274.2596,121.0540,0.3571,2.8094,0.6570,0.0657,1111.6033,836.3938,62.7466,62.7466,1.6125,2.0157,156.2247,0.0000,0.0000,0.0000,172.8418,4.9464,1978.4095
29/04/2017 00:00:00,0.4859,0.7963,15.7206,0.0000,0.0000,0.0000,0.0000,0.0000,30.6276,0.0000,274.6035,123.9997,0.3571,2.8967,0.6745,0.0675,1109.0250,833.9948,62.6925,62.6925,1.6161,2.0201,156.0452,0.0000,0.0000,0.0000,172.2104,4.9296,1973.0228
30/04/2017 00:00:00,0.5195,0.7864,16.2776,0.0000,0.0000,0.0000,0.0000,0.0000,30.4990,0.0000,274.9474,126.9455,0.3571,2.9841,0.6921,0.0692,1106.4468,831.5958,62.6383,62.6383,1.6197,2.0246,155.8656,0.0000,0.0000,0.0000,171.5790,4.9129,1967.6361
01/05/2017 00:00:00,0.4369,1.7450,15.6261,0.0000,0.0000,0.0000,0.0000,0.0000,30.3704,0.0000,275.2912,129.8913,0.3571,3.0714,0.7097,0.0710,1103.8685,829.1968,62.5842,62.5842,1.6232,2.0290,155.6861,0.0000,0.0000,0.0000,170.9476,4.8961,1962.2493
02/05/2017 00:00:00,0.4733,0.7020,14.8109,0.0000,0.0000,0.0000,0.0000,0.0000,30.2418,0.0000,275.6351,128.1151,0.3571,2.9886,0.6977,0.0698,1101.2902,826.7978,62.9340,62.9340,1.6282,2.0353,155.5065,0.0000,0.0000,0.0000,170.3162,4.8793,1956.8626
03/05/2017 00:00:00,8.7700,0.6153,14.9892,0.0000,0.0000,0.0000,0.0000,0.0000,30.1132,0.0000,275.9790,126.3357,0.3571,2.9056,0.6857,0.0686,1098.7119,824.3988,63.2841,63.2841,1.6332,2.0415,155.3270,0.0000,0.0000,0.0000,169.6848,4.8626,1951.4758
04/05/2017 00:00:00,5.0446,0.5045,14.9066,0.0000,0.0000,0.0000,0.0000,0.0000,29.9846,0.0000,276.3228,124.5563,0.3571,2.8226,0.6738,0.0674,1096.1337,821.9998,63.6342,63.6342,1.6382,2.0477,155.1474,0.0000,0.0000,0.0000,169.0534,4.8458,1946.0891
05/05/2017 00:00:00,0.6038,0.5112,14.7048,0.0000,0.0000,0.0000,0.0000,0.0000,29.8560,0.0000,276.6667,122.7770,0.3571,2.7397,0.6618,0.0662,1093.5554,819.6007,63.9843,63.9843,1.6432,2.0540,154.9678,0.0000,0.0000,0.0000,168.4219,4.8291,1940.7024
06/05/2017 00:00:00,0.4790,0.5086,14.2629,0.0000,0.0000,0.0000,0.0000,0.0000,29.7274,0.0000,277.0106,120.9976,0.3571,2.6567,0.6498,0.0650,1090.9771,817.2017,64.3344,64.3344,1.6482,2.0602,154.7883,0.0000,0.0000,0.0000,167.7905,4.8123,1935.3156
07/05/2017 00:00:00,0.5613,0.5005,13.7014,0.0000,0.0000,0.0000,0.0000,0.0000,29.5987,0.0000,277.3544,119.2183,0.3571,2.5738,0.6379,0.0638,1088.3988,814.8027,64.6845,64.6845,1.6531,2.0664,154.6087,0.0000,0.0000,0.0000,167.1591,4.7956,1929.9289
08/05/2017 00:00:00,0.5898,0.4983,13.5354,0.0000,0.0000,0.0000,0.0000,0.0000,29.4701,0.0000,277.6983,117.4389,0.3571,2.4908,0.6259,0.0626,1085.8206,812.4037,65.0346,65.0347,1.6581,2.0727,154.4292,0.0000,0.0000,0.0000,166.5277,4.7788,1924.5421
09/05/2017 00:00:00,8.5332,0.4856,13.5117,0.0000,0.0000,0.0000,0.0000,0.0000,29.3415,0.0000,278.0422,115.6596,0.3571,2.4079,0.6139,0.0614,1083.2423,810.0047,65.3847,65.3848,1.6631,2.0789,154.2496,0.0000,0.0000,0.0000,165.8963,4.7621,1919.1554
10/05/2017 00:00:00,13.0633,0.4409,13.6158,0.0000,0.0000,0.0000,0.0000,0.0000,29.2129,0.0000,278.3860,113.8802,0.3571,2.3249,0.6020,0.0602,1080.6640,807.6057,65.7349,65.7349,1.6681,2.0851,154.0700,0.0000,0.0000,0.0000,165.2649,4.7453,1913.7687
11/05/2017 00:00:00,11.5763,0.4181,13.6626,0.0000,0.0000,0.0000,0.0000,0.0000,29.0843,0.0000,278.7299,112.1009,0.3571,2.2420,0.5900,0.0590,1078.0857,805.2067,66.0850,66.0850,1.6731,2.0914,153.8905,0.0000,0.0000,0.0000,164.6335,4.7286,1908.3819
12/05/2017 00:00:00,11.8757,0.4219,14.0568,0.0000,0.0000,0.0000,0.0000,0.0000,28.9557,0.0000,279.0738,110.3215,0.3571,2.1590,0.5780,0.0578,1075.5074,802.8077,66.4351,66.4351,1.6781,2.0976,153.7109,0.0000,0.0000,0.0000,164.0020,4.7118,1902.9952
13/05/2017 00:00:00,12.7190,0.4299,14.0253,0.0000,0.0000,0.0000,0.0000,0.0000,28.8271,0.0000,279.4176,108.5422,0.3571,2.0761,0.5661,0.0566,1072.9292,800.4087,66.7852,66.7852,1.6831,2.1038,153.5314,0.0000,0.0000,0.0000,163.3706,4.6951,1897.6084
14/05/2017 00:00:00,12.7126,0.4221,14.0174,0.0000,0.0000,0.0000,0.0000,0.0000,28.6985,0.0000,279.7615,106.7628,0.3571,1.9931,0.5541,0.0554,1070.3509,798.0097,67.1353,67.1353,1.6881,2.1101,153.3518,0.0000,0.0000,0.0000,162.7392,4.6783,1892.2217
15/05/2017 00:00:00,13.2114,0.4202,13.9037,0.0000,0.0000,0.0000,0.0000,0.0000,28.5699,0.0000,280.1054,104.9835,0.3571,1.9102,0.5421,0.0542,1067.7726,795.6106,67.4854,67.4854,1.6931,2.1163,153.1722,0.0000,0.0000,0.0000,162.1078,4.6616,1886.8350
16/05/2017 00:00:00,14.3923,0.4230,13.2987,0.0000,0.0000,0.0000,0.0000,0.0000,28.4412,0.0000,280.4492,103.2041,0.3571,1.8272,0.5302,0.0530,1065.1943,793.2116,67.8355,67.8355,1.6980,2.1226,152.9927,0.0000,0.0000,0.0000,161.4764,4.6448,1881.4482
17/05/2017 00:00:00,11.4071,0.4537,12.9380,0.0000,0.0000,0.0000,0.0000,0.0000,28.3126,0.0000,280.7931,101.4247,0.3571,1.7443,0.5182,0.0518,1062.6161,790.8126,68.1856,68.1856,1.7030,2.1288,152.8131,0.0000,0.0000,0.0000,160.8450,4.6281,1876.0615
18/05/2017 00:00:00,11.4861,0.4748,13.2136,0.0000,0.0000,0.0000,0.0000,0.0000,28.1840,0.0000,281.1370,99.6454,0.3571,1.6613,0.5062,0.0506,1060.0378,788.4136,68.5357,68.5357,1.7080,2.1350,152.6336,0.0000,0.0000,0.0000,160.2136,4.6113,1870.6747
19/05/2017 00:00:00,12.3005,0.4882,13.4857,0.0000,0.0000,0.0000,0.0000,0.0000,28.0554,0.0000,281.4808,97.8660,0.3571,1.5784,0.4943,0.0494,1057.4595,786.0146,68.8858,68.8858,1.7130,2.1413,152.4540,0.0000,0.0000,0.0000,159.5822,4.5946,1865.2880
20/05/2017 00:00:00,12.0285,0.4622,13.8861,0.0000,0.0000,0.0000,0.0000,0.0000,27.9268,0.0000,281.8247,96.0867,0.3571,1.4954,0.4823,0.0482,1054.8812,783.6156,69.2359,69.2360,1.7180,2.1475,152.2745,0.0000,0.0000,0.0000,158.9507,4.5778,1859.9013
21/05/2017 00:00:00,12.2090,0.4131,14.4883,0.0000,0.0000,0.0000,0.0000,0.0000,27.7982,0.0000,282.1686,94.3073,0.3571,1.4125,0.4703,0.0470,1052.3030,781.2166,69.5861,69.5861,1.7230,2.1537,152.0949,0.0000,0.0000,0.0000,158.3193,4.5610,1854.5145
22/05/2017 00:00:00,12.1275,0.3627,14.2669,0.0000,0.0000,0.0000,0.0000,0.0000,27.6696,0.0000,282.5124,92.5280,0.3571,1.3295,0.4584,0.0458,1049.7247,778.8176,69.9362,69.9362,1.7280,2.1600,151.9153,0.0000,0.0000,0.0000,157.6879,4.5443,1849.1278
23/05/2017 00:00:00,5.2802,0.3662,14.5157,0.0000,0.0000,0.0000,0.0000,0.0000,27.5410,0.0000,282.8563,90.7486,0.3571,1.2466,0.4464,0.0446,1047.1464,776.4186,70.2863,70.2863,1.7330,2.1662,151.7358,0.0000,0.0000,0.0000,157.0565,4.5275,1843.7410
24/05/2017 00:00:00,0.3214,0.8719,14.4479,0.0000,0.0000,0.0000,0.0000,0.0000,27.4124,0.0000,283.2002,88.9693,0.3571,1.1636,0.4344,0.0434,1044.5681,774.0196,70.6364,70.6364,1.7379,2.1724,151.5562,0.0000,0.0000,0.0000,156.4251,4.5108,1838.3543
25/05/2017 00:00:00,0.4243,0.9790,14.6872,0.0000,0.0000,0.0000,0.0000,0.0000,27.2837,0.0000,283.5440,87.1899,0.3571,1.0807,0.4225,0.0422,1041.9898,771.6205,70.9865,70.9865,1.7429,2.1787,151.3767,0.0000,0.0000,0.0000,155.7937,4.4940,1832.9676
26/05/2017 00:00:00,0.3995,0.6266,15.0831,0.0000,0.0000,0.0000,0.0000,0.0000,27.1551,0.0000,283.8879,85.4106,0.3571,0.9977,0.4105,0.0411,1039.4116,769.2215,71.3366,71.3366,1.7479,2.1849,151.1971,0.0000,0.0000,0.0000,155.1623,4.4773,1827.5808
27/05/2017 00:00:00,0.1877,1.1611,14.7283,0.0000,0.0000,0.0000,0.0000,0.0000,27.0265,0.0000,284.2318,83.6312,0.3571,0.9148,0.3985,0.0399,1036.8333,766.8225,71.6867,71.6867,1.7529,2.1911,151.0175,0.0000,0.0000,0.0000,154.5308,4.4605,1822.1941
28/05/2017 00:00:00,0.1283,3.8839,13.6625,0.0000,0.0000,0.0000,0.0000,0.0000,26.8979,0.0000,284.5756,81.8518,0.3571,0.8318,0.3866,0.0387,1034.2550,764.4235,72.0368,72.0368,1.7579,2.1974,150.8380,0.0000,0.0000,0.0000,153.8994,4.4438,1816.8073
29/05/2017 00:00:00,0.1956,3.3910,13.0999,0.0000,0.0000,0.0000,0.0000,0.0000,26.7693,0.0000,284.9195,80.0725,0.3571,0.7489,0.3746,0.0375,1031.6767,762.0245,72.3869,72.3869,1.7629,2.2036,150.6584,0.0000,0.0000,0.0000,153.2680,4.4270,1811.4206
30/05/2017 00:00:00,0.2078,0.9843,12.7678,0.0000,0.0000,0.0000,0.0000,0.0000,26.6407,0.0000,285.2634,78.2931,0.3571,0.6659,0.3626,0.0363,1029.0985,759.6255,72.7370,72.7370,1.7679,2.2098,150.4789,0.0000,0.0000,0.0000,152.6366,4.4103,1806.0339
31/05/2017 00:00:00,0.2387,0.8675,12.3674,0.0000,0.0000,0.0000,0.0000,0.0000,26.5121,0.0000,285.6072,76.5138,0.3571,0.5830,0.3507,0.0351,1026.5202,757.2265,73.0871,73.0872,1.7729,2.2161,150.2993,0.0000,0.0000,0.0000,152.0052,4.3935,1800.6471
01/06/2017 00:00:00,0.4817,0.7124,12.2616,0.0000,0.0000,0.0000,0.0000,0.0000,26.3835,0.0000,285.9511,74.7344,0.3571,0.5000,0.3387,0.0339,1023.9419,754.8275,73.4372,73.4373,1.7778,2.2223,150.1198,0.0000,0.0000,0.0000,151.3738,4.3768,1795.2604
02/06/2017 00:00:00,0.6752,0.5820,11.7578,0.0000,0.0000,0.0000,0.0000,0.0000,26.2549,0.0000,286.2950,73.7255,0.3571,0.5214,0.3414,0.0341,1021.3636,752.4285,72.8157,72.8157,1.7831,2.2289,149.9402,0.0000,0.0000,0.0000,150.7424,4.3600,1789.8736
03/06/2017 00:00:00,0.6694,0.4685,11.4450,0.0000,0.0000,0.0000,0.0000,0.0000,26.1262,0.0000,286.6388,72.7172,0.3571,0.5428,0.3441,0.0344,1018.7854,750.0294,72.1935,72.1934,1.7884,2.2355,149.7606,0.0000,0.0000,0.0000,150.1109,4.3433,1784.4869
04/06/2017 00:00:00,0.6350,0.4550,11.1857,0.0000,0.0000,0.0000,0.0000,0.0000,25.9976,0.0000,286.9827,71.7089,0.3571,0.5643,0.3468,0.0347,1016.2071,747.6304,71.5712,71.5711,1.7937,2.2421,149.5811,0.0000,0.0000,0.0000,149.4795,4.3265,1779.1002
05/06/2017 00:00:00,0.5877,0.4359,11.8744,0.0000,0.0000,0.0000,0.0000,0.0000,25.8690,0.0000,287.3266,70.7006,0.3571,0.5857,0.3495,0.0349,1013.6288,745.2314,70.9489,70.9488,1.7989,2.2487,149.4015,0.0000,0.0000,0.0000,148.8481,4.3098,1773.7134
06/06/2017 00:00:00,0.6037,0.4168,12.3563,0.0000,0.0000,0.0000,0.0000,0.0000,25.7404,0.0000,287.6704,69.6923,0.3571,0.6071,0.3522,0.0352,1011.0505,742.8324,70.3266,70.3265,1.8042,2.2552,149.2220,0.0000,0.0000,0.0000,148.2167,4.2930,1768.3267
07/06/2017 00:00:00,0.6329,0.4153,12.0719,0.0000,0.0000,0.0000,0.0000,0.0000,25.6118,0.0000,288.0143,68.6839,0.3571,0.6286,0.3548,0.0355,1008.4723,740.4334,69.7043,69.7042,1.8095,2.2618,149.0424,0.0000,0.0000,0.0000,147.5853,4.2762,1762.9399
08/06/2017 00:00:00,0.6143,0.4010,11.6670,0.0000,0.0000,0.0000,0.0000,0.0000,25.4832,0.0000,288.3582,67.6756,0.3571,0.6500,0.3575,0.0358,1005.8940,738.0344,69.0821,69.0819,1.8147,2.2684,148.8628,0.0000,0.0000,0.0000,146.9539,4.2595,1757.5532
09/06/2017 00:00:00,0.6239,0.3835,11.9491,0.0000,0.0000,0.0000,0.0000,0.0000,25.3546,0.0000,288.7020,66.6673,0.3571,0.6714,0.3602,0.0360,1003.3157,735.6354,68.4598,68.4596,1.8200,2.2750,148.6833,0.0000,0.0000,0.0000,146.3225,4.2427,1752.1665
10/06/2017 00:00:00,0.6338,0.3726,12.3519,0.0000,0.0000,0.0000,0.0000,0.0000,25.2260,0.0000,289.0459,65.6590,0.3571,0.6929,0.3629,0.0363,1000.7374,733.2364,67.8375,67.8374,1.8253,2.2816,148.5037,0.0000,0.0000,0.0000,145.6910,4.2260,1746.7797
11/06/2017 00:00:00,0.6132,0.3677,12.1460,0.0000,0.0000,0.0000,0.0000,0.0000,25.0973,0.0000,289.3898,64.6507,0.3571,0.7143,0.3656,0.0366,998.1591,730.8374,67.2152,67.2151,1.8305,2.2882,148.3242,0.0000,0.0000,0.0000,145.0596,4.2092,1741.3930
12/06/2017 00:00:00,0.5858,0.3573,12.2359,0.0000,0.0000,0.0000,0.0000,0.0000,24.9687,0.0000,289.7336,63.6424,0.3571,0.7357,0.3683,0.0368,995.5809,728.4384,66.5930,66.5928,1.8358,2.2948,148.1446,0.0000,0.0000,0.0000,144.4282,4.1925,1736.0062
13/06/2017 00:00:00,0.6183,0.3474,13.0109,0.0000,0.0000,0.0000,0.0000,0.0000,24.8401,0.0000,290.0775,62.6340,0.3571,0.7571,0.3710,0.0371,993.0026,726.0393,65.9707,65.9705,1.8411,2.3013,147.9650,0.0000,0.0000,0.0000,143.7968,4.1757,1730.6195
14/06/2017 00:00:00,0.6205,0.3380,12.8367,0.0000,0.0000,0.0000,0.0000,0.0000,24.7115,0.0000,290.4213,61.6257,0.3571,0.7786,0.3737,0.0374,990.4243,723.6403,65.3484,65.3482,1.8463,2.3079,147.7855,0.0000,0.0000,0.0000,143.1654,4.1590,1725.2328
15/06/2017 00:00:00,0.5991,0.3361,12.8130,0.0000,0.0000,0.0000,0.0000,0.0000,24.5829,0.0000,290.7652,60.6174,0.3571,0.8000,0.3763,0.0376,987.8460,721.2413,64.7261,64.7259,1.8516,2.3145,147.6059,0.0000,0.0000,0.0000,142.5340,4.1422,1719.8460
16/06/2017 00:00:00,0.5959,0.3344,12.7770,0.0000,0.0000,0.0000,0.0000,0.0000,24.4543,0.0000,291.1091,59.6091,0.3571,0.8214,0.3790,0.0379,985.2678,718.8423,64.1038,64.1036,1.8569,2.3211,147.4264,0.0000,0.0000,0.0000,141.9026,4.1255,1714.4593
17/06/2017 00:00:00,0.5952,0.3332,12.6211,0.0000,0.0000,0.0000,0.0000,0.0000,24.3257,0.0000,291.4529,58.6008,0.3571,0.8429,0.3817,0.0382,982.6895,716.4433,63.4816,63.4813,1.8621,2.3277,147.2468,0.0000,0.0000,0.0000,141.2711,4.1087,1709.0725
18/06/2017 00:00:00,0.5883,0.3315,12.7903,0.0000,0.0000,0.0000,0.0000,0.0000,24.1971,0.0000,291.7968,57.5925,0.3571,0.8643,0.3844,0.0384,980.1112,714.0443,62.8593,62.8590,1.8674,2.3343,147.0673,0.0000,0.0000,0.0000,140.6397,4.0920,1703.6858
19/06/2017 00:00:00,0.5996,0.3327,12.7465,0.0000,0.0000,0.0000,0.0000,0.0000,24.0685,0.0000,292.1407,56.5841,0.3571,0.8857,0.3871,0.0387,977.5329,711.6453,62.2370,62.2367,1.8727,2.3409,146.8877,0.0000,0.0000,0.0000,140.0083,4.0752,1698.2991
20/06/2017 00:00:00,0.5990,0.3324,12.5626,0.0000,0.0000,0.0000,0.0000,0.0000,23.9398,0.0000,292.4845,55.5758,0.3571,0.9071,0.3898,0.0390,974.9547,709.2463,61.6147,61.6144,1.8780,2.3474,146.7081,0.0000,0.0000,0.0000,139.3769,4.0585,1692.9123
21/06/2017 00:00:00,0.5937,0.3314,12.3436,0.0000,0.0000,0.0000,0.0000,0.0000,23.8112,0.0000,292.8284,54.5675,0.3571,0.9286,0.3925,0.0392,972.3764,706.8473,60.9924,60.9921,1.8832,2.3540,146.5286,0.0000,0.0000,0.0000,138.7455,4.0417,1687.5256
22/06/2017 00:00:00,0.6273,0.3320,12.6325,0.0000,0.0000,0.0000,0.0000,0.0000,23.6826,0.0000,293.1723,53.5592,0.3571,0.9500,0.3952,0.0395,969.7981,704.4483,60.3702,60.3698,1.8885,2.3606,146.3490,0.0000,0.0000,0.0000,138.1141,4.0250,1682.1388
23/06/2017 00:00:00,0.5911,0.3323,12.2162,0.0000,0.0000,0.0000,0.0000,0.0000,23.5540,0.0000,293.5161,52.5509,0.3571,0.9714,0.3978,0.0398,967.2198,702.0492,59.7479,59.7475,1.8938,2.3672,146.1695,0.0000,0.0000,0.0000,137.4827,4.0082,1676.7521
24/06/2017 00:00:00,0.4952,1.3842,12.3729,0.0000,0.0000,0.0000,0.0000,0.0000,23.4254,0.0000,293.8600,51.5426,0.3571,0.9929,0.4005,0.0401,964.6415,699.6502,59.1256,59.1252,1.8990,2.3738,145.9899,0.0000,0.0000,0.0000,136.8513,3.9915,1671.3654
25/06/2017 00:00:00,0.4953,1.5594,12.5551,0.0000,0.0000,0.0000,0.0000,0.0000,23.2968,0.0000,294.2039,50.5342,0.3571,1.0143,0.4032,0.0403,962.0633,697.2512,58.5033,58.5029,1.9043,2.3804,145.8103,0.0000,0.0000,0.0000,136.2198,3.9747,1665.9786
26/06/2017 00:00:00,0.5868,0.4523,12.3780,0.0000,0.0000,0.0000,0.0000,0.0000,23.1682,0.0000,294.5477,49.5259,0.3571,1.0357,0.4059,0.0406,959.4850,694.8522,57.8810,57.8806,1.9096,2.3870,145.6308,0.0000,0.0000,0.0000,135.5884,3.9579,1660.5919
27/06/2017 00:00:00,0.6138,0.4103,12.5684,0.0000,0.0000,0.0000,0.0000,0.0000,23.0396,0.0000,294.8916,48.5176,0.3571,1.0571,0.4086,0.0409,956.9067,692.4532,57.2588,57.2584,1.9148,2.3935,145.4512,0.0000,0.0000,0.0000,134.9570,3.9412,1655.2051
28/06/2017 00:00:00,0.6141,0.3623,12.2719,0.0000,0.0000,0.0000,0.0000,0.0000,22.9110,0.0000,295.2355,47.5093,0.3571,1.0786,0.4113,0.0411,954.3284,690.0542,56.6365,56.6361,1.9201,2.4001,145.2717,0.0000,0.0000,0.0000,134.3256,3.9244,1649.8184
29/06/2017 00:00:00,20.2881,0.3385,12.1987,0.0000,0.0000,0.0000,0.0000,0.0000,22.7823,0.0000,295.5793,46.5010,0.3571,1.1000,0.4140,0.0414,951.7502,687.6552,56.0142,56.0138,1.9254,2.4067,145.0921,0.0000,0.0000,0.0000,133.6942,3.9077,1644.4317
30/06/2017 00:00:00,46.8320,0.3167,12.2416,0.0000,0.0000,0.0000,0.0000,0.0000,22.6537,0.0000,295.9232,45.4927,0.3571,1.1214,0.4167,0.0417,949.1719,685.2562,55.3919,55.3915,1.9306,2.4133,144.9125,0.0000,0.0000,0.0000,133.0628,3.8909,1639.0449
01/07/2017 00:00:00,0.0000,0.3150,11.7620,0.0000,0.0000,0.0000,0.0000,0.0000,22.5251,0.0000,296.2671,44.4843,0.3571,1.1429,0.4194,0.0419,946.5936,682.8572,54.7696,54.7692,1.9359,2.4199,144.7330,0.0000,0.0000,0.0000,132.4314,3.8742,1633.6582
02/07/2017 00:00:00,0.0000,0.3176,10.9024,0.0000,0.0000,0.0000,0.0000,0.0000,22.3965,0.0000,296.6109,43.2790,0.3571,1.1175,0.4090,0.0409,944.0153,680.4582,55.3098,55.3102,1.9309,2.4136,144.5534,0.0000,0.0000,0.0000,131.7999,3.8574,1628.2714
03/07/2017 00:00:00,0.0000,1.0698,10.5336,0.0000,0.0000,0.0000,0.0000,0.0000,22.2679,0.0000,296.9548,42.0737,0.3571,1.0922,0.3985,0.0399,941.4371,678.0591,55.8511,55.8515,1.9259,2.4074,144.3739,0.0000,0.0000,0.0000,131.1685,3.8407,1622.8847
04/07/2017 00:00:00,0.0000,8.7285,11.5757,0.0000,0.0000,0.0000,0.0000,0.0000,22.1393,0.0000,297.2987,40.8683,0.3571,1.0668,0.3881,0.0388,938.8588,675.6601,56.3923,56.3927,1.9209,2.4012,144.1943,0.0000,0.0000,0.0000,130.5371,3.8239,1617.4980
05/07/2017 00:00:00,0.0000,0.7995,11.6332,0.0000,0.0000,0.0000,0.0000,0.0000,22.0107,0.0000,297.6425,39.6630,0.3571,1.0415,0.3777,0.0378,936.2805,673.2611,56.9336,56.9339,1.9159,2.3949,144.0148,0.0000,0.0000,0.0000,129.9057,3.8072,1612.1112
06/07/2017 00:00:00,0.0000,0.5884,11.5395,0.0000,0.0000,0.0000,0.0000,0.0000,21.8821,0.0000,297.9864,38.4576,0.3571,1.0161,0.3673,0.0367,933.7022,670.8621,57.4748,57.4752,1.9109,2.3887,143.8352,0.0000,0.0000,0.0000,129.2743,3.7904,1606.7245
07/07/2017 00:00:00,0.0000,7.1882,11.5397,0.0000,0.0000,0.0000,0.0000,0.0000,21.7535,0.0000,298.3303,37.2523,0.3571,0.9908,0.3569,0.0357,931.1239,668.4631,58.0161,58.0164,1.9059,2.3824,143.6556,0.0000,0.0000,0.0000,128.6429,3.7737,1601.3377
08/07/2017 00:00:00,0.0000,3.9900,11.0780,0.0000,0.0000,0.0000,0.0000,0.0000,21.6248,0.0000,298.6741,36.0469,0.3571,0.9654,0.3465,0.0347,928.5457,666.0641,58.5573,58.5576,1.9009,2.3762,143.4761,0.0000,0.0000,0.0000,128.0115,3.7569,1595.9510
09/07/2017 00:00:00,0.0000,1.1069,10.6083,0.0000,0.0000,0.0000,0.0000,0.0000,21.4962,0.0000,299.0180,34.8416,0.3571,0.9401,0.3361,0.0336,925.9674,663.6651,59.0985,59.0989,1.8960,2.3699,143.2965,0.0000,0.0000,0.0000,127.3800,3.7402,1590.5643
10/07/2017 00:00:00,0.0000,0.8650,10.7466,0.0000,0.0000,0.0000,0.0000,0.0000,21.3676,0.0000,299.3619,33.6362,0.3571,0.9147,0.3257,0.0326,923.3891,661.2661,59.6398,59.6401,1.8910,2.3637,143.1170,0.0000,0.0000,0.0000,126.7486,3.7234,1585.1775
11/07/2017 00:00:00,0.0000,0.5216,11.0598,0.0000,0.0000,0.0000,0.0000,0.0000,21.2390,0.0000,299.7057,32.4309,0.3571,0.8894,0.3153,0.0315,920.8108,658.8671,60.1810,60.1813,1.8860,2.3575,142.9374,0.0000,0.0000,0.0000,126.1172,3.7067,1579.7908
12/07/2017 00:00:00,0.0000,0.3837,11.1928,0.0000,0.0000,0.0000,0.0000,0.0000,21.1104,0.0000,300.0496,31.2255,0.3571,0.8641,0.3049,0.0305,918.2326,656.4681,60.7223,60.7226,1.8810,2.3512,142.7578,0.0000,0.0000,0.0000,125.4858,3.6899,1574.4040
13/07/2017 00:00:00,0.0000,0.3287,11.3075,0.0000,0.0000,0.0000,0.0000,0.0000,20.9818,0.0000,300.3935,30.0202,0.3571,0.8387,0.2945,0.0294,915.6543,654.0690,61.2635,61.2638,1.8760,2.3450,142.5783,0.0000,0.0000,0.0000,124.8544,3.6731,1569.0173
14/07/2017 00:00:00,0.0000,0.3184,11.5181,0.0000,0.0000,0.0000,0.0000,0.0000,20.8532,0.0000,300.7373,28.8148,0.3571,0.8134,0.2841,0.0284,913.0760,651.6700,61.8047,61.8051,1.8710,2.3387,142.3987,0.0000,0.0000,0.0000,124.2230,3.6564,1563.6306
15/07/2017 00:00:00,0.0000,0.3128,11.2473,0.0000,0.0000,0.0000,0.0000,0.0000,20.7246,0.0000,301.0812,27.6095,0.3571,0.7880,0.2737,0.0274,910.4977,649.2710,62.3460,62.3463,1.8660,2.3325,142.2192,0.0000,0.0000,0.0000,123.5916,3.6396,1558.2438
16/07/2017 00:00:00,0.0000,0.3138,10.9714,0.0000,0.0000,0.0000,0.0000,0.0000,20.5960,0.0000,301.4251,26.4041,0.3571,0.7627,0.2633,0.0263,907.9195,646.8720,62.8872,62.8875,1.8610,2.3262,142.0396,0.0000,0.0000,0.0000,122.9601,3.6229,1552.8571
17/07/2017 00:00:00,0.0000,0.5408,10.7752,0.0000,0.0000,0.0000,0.0000,0.0000,20.4673,0.0000,301.7689,25.1987,0.3571,0.7373,0.2529,0.0253,905.3412,644.4730,63.4285,63.4288,1.8560,2.3200,141.8600,0.0000,0.0000,0.0000,122.3287,3.6061,1547.4703
18/07/2017 00:00:00,0.0000,14.0752,11.6166,0.0000,0.0000,0.0000,0.0000,0.0000,20.3387,0.0000,302.1128,23.9934,0.3571,0.7120,0.2425,0.0242,902.7629,642.0740,63.9697,63.9700,1.8510,2.3138,141.6805,0.0000,0.0000,0.0000,121.6973,3.5894,1542.0836
19/07/2017 00:00:00,0.0000,15.6918,11.5556,0.0000,0.0000,0.0000,0.0000,0.0000,20.2101,0.0000,302.4567,22.7880,0.3571,0.6866,0.2321,0.0232,900.1846,639.6750,64.5110,64.5112,1.8460,2.3075,141.5009,0.0000,0.0000,0.0000,121.0659,3.5726,1536.6969
20/07/2017 00:00:00,0.0000,2.4718,10.8683,0.0000,0.0000,0.0000,0.0000,0.0000,20.0815,0.0000,302.8005,21.5827,0.3571,0.6613,0.2216,0.0222,897.6063,637.2760,65.0522,65.0525,1.8410,2.3013,141.3214,0.0000,0.0000,0.0000,120.4345,3.5559,1531.3101
21/07/2017 00:00:00,0.0000,0.5316,10.7600,0.0000,0.0000,0.0000,0.0000,0.0000,19.9529,0.0000,303.1444,20.3773,0.3571,0.6359,0.2112,0.0211,895.0281,634.8770,65.5934,65.5937,1.8360,2.2950,141.1418,0.0000,0.0000,0.0000,119.8031,3.5391,1525.9234
22/07/2017 00:00:00,0.0000,0.5435,11.0347,0.0000,0.0000,0.0000,0.0000,0.0000,19.8243,0.0000,303.4883,19.1720,0.3571,0.6106,0.2008,0.0201,892.4498,632.4780,66.1347,66.1349,1.8310,2.2888,140.9623,0.0000,0.0000,0.0000,119.1717,3.5224,1520.5366
23/07/2017 00:00:00,0.0000,1.4840,11.5659,0.0000,0.0000,0.0000,0.0000,0.0000,19.6957,0.0000,303.8321,17.9666,0.3571,0.5853,0.1904,0.0190,889.8715,630.0789,66.6759,66.6762,1.8260,2.2825,140.7827,0.0000,0.0000,0.0000,118.5402,3.5056,1515.1499
24/07/2017 00:00:00,0.0000,0.8387,11.8889,0.0000,0.0000,0.0000,0.0000,0.0000,19.5671,0.0000,304.1760,16.7613,0.3571,0.5599,0.1800,0.0180,887.2932,627.6799,67.2172,67.2174,1.8210,2.2763,140.6031,0.0000,0.0000,0.0000,117.9088,3.4889,1509.7632
25/07/2017 00:00:00,0.0000,0.8036,12.1118,0.0000,0.0000,0.0000,0.0000,0.0000,19.4385,0.0000,304.5199,15.5559,0.3571,0.5346,0.1696,0.0170,884.7150,625.2809,67.7584,67.7586,1.8160,2.2700,140.4236,0.0000,0.0000,0.0000,117.2774,3.4721,1504.3764
26/07/2017 00:00:00,0.0000,0.5823,12.2736,0.0000,0.0000,0.0000,0.0000,0.0000,19.3098,0.0000,304.8637,14.3506,0.3571,0.5092,0.1592,0.0159,882.1367,622.8819,68.2997,68.2999,1.8110,2.2638,140.2440,0.0000,0.0000,0.0000,116.6460,3.4554,1498.9897
27/07/2017 00:00:00,0.0000,0.3316,12.0747,0.0000,0.0000,0.0000,0.0000,0.0000,19.1812,0.0000,305.2076,13.1452,0.3571,0.4839,0.1488,0.0149,879.5584,620.4829,68.8409,68.8411,1.8060,2.2576,140.0645,0.0000,0.0000,0.0000,116.0146,3.4386,1493.6029
28/07/2017 00:00:00,0.0000,0.3140,11.6077,0.0000,0.0000,0.0000,0.0000,0.0000,19.0526,0.0000,305.5515,11.9399,0.3571,0.4585,0.1384,0.0138,876.9801,618.0839,69.3821,69.3823,1.8011,2.2513,139.8849,0.0000,0.0000,0.0000,115.3832,3.4219,1488.2162
29/07/2017 00:00:00,0.0000,0.3148,11.5798,0.0000,0.0000,0.0000,0.0000,0.0000,18.9240,0.0000,305.8953,10.7345,0.3571,0.4332,0.1280,0.0128,874.4019,615.6849,69.9234,69.9236,1.7961,2.2451,139.7053,0.0000,0.0000,0.0000,114.7518,3.4051,1482.8295
30/07/2017 00:00:00,0.0000,2.8893,11.7407,0.0000,0.0000,0.0000,0.0000,0.0000,18.7954,0.0000,306.2392,9.5292,0.3571,0.4078,0.1176,0.0118,871.8236,613.2859,70.4646,70.4648,1.7911,2.2388,139.5258,0.0000,0.0000,0.0000,114.1203,3.3884,1477.4427
31/07/2017 00:00:00,0.0000,0.5054,11.7963,0.0000,0.0000,0.0000,0.0000,0.0000,18.6668,0.0000,306.5831,8.3238,0.3571,0.3825,0.1072,0.0107,869.2453,610.8869,71.0059,71.0060,1.7861,2.2326,139.3462,0.0000,0.0000,0.0000,113.4889,3.3716,1472.0560
01/08/2017 00:00:00,8.5525,0.4192,11.8361,0.0000,0.0000,0.0000,0.0000,0.0000,18.5382,0.0000,306.9269,7.1184,0.3571,0.3571,0.0968,0.0097,866.6670,608.4879,71.5471,71.5473,1.7811,2.2263,139.1667,0.0000,0.0000,0.0000,112.8575,3.3548,1466.6692
02/08/2017 00:00:00,9.6051,0.3155,11.8413,0.0000,0.0000,0.0000,0.0000,0.0000,19.8240,0.0000,307.7743,7.5763,0.3594,0.3560,0.0989,0.0099,866.6667,625.7399,71.8894,71.8895,1.7874,2.2343,144.7848,0.0000,0.0000,0.0000,113.3637,3.3954,1484.4001
03/08/2017 00:00:00,7.8697,0.3149,11.5053,0.0000,0.0000,0.0000,0.0000,0.0000,21.1099,0.0000,308.6219,8.0354,0.3618,0.3548,0.1009,0.0101,866.6667,643.0105,72.2316,72.2317,1.7938,2.2422,150.4030,0.0000,0.0000,0.0000,113.8707,3.4360,1502.1421
04/08/2017 00:00:00,4.5565,0.3164,11.1320,0.0000,0.0000,0.0000,0.0000,0.0000,22.3959,0.0000,309.4695,8.4946,0.3641,0.3537,0.1030,0.0103,866.6667,660.2811,72.5738,72.5739,1.8001,2.2502,156.0212,0.0000,0.0000,0.0000,114.3776,3.4766,1519.8840
05/08/2017 00:00:00,0.0529,2.6388,10.8422,0.0000,0.0000,0.0000,0.0000,0.0000,23.6818,0.0000,310.3171,8.9538,0.3664,0.3525,0.1051,0.0105,866.6667,677.5517,72.9159,72.9160,1.8065,2.2581,161.6394,0.0000,0.0000,0.0000,114.8845,3.5172,1537.6259
06/08/2017 00:00:00,0.0213,8.0182,10.5922,0.0000,0.0000,0.0000,0.0000,0.0000,24.9678,0.0000,311.1647,9.4130,0.3687,0.3514,0.1072,0.0107,866.6667,694.8222,73.2581,73.2582,1.8128,2.2661,167.2576,0.0000,0.0000,0.0000,115.3914,3.5577,1555.3679
07/08/2017 00:00:00,0.0238,9.8777,10.1904,0.0000,0.0000,0.0000,0.0000,0.0000,26.2537,0.0000,312.0123,9.8722,0.3710,0.3502,0.1093,0.0109,866.6667,712.0928,73.6003,73.6004,1.8192,2.2740,172.8758,0.0000,0.0000,0.0000,115.8983,3.5983,1573.1098
08/08/2017 00:00:00,2.2293,6.4828,10.6590,0.0000,0.0000,0.0000,0.0000,0.0000,27.5397,0.0000,312.8599,10.3314,0.3733,0.3491,0.1113,0.0111,866.6667,729.3634,73.9424,73.9425,1.8256,2.2819,178.4940,0.0000,0.0000,0.0000,116.4052,3.6389,1590.8517
09/08/2017 00:00:00,7.7220,1.5458,10.9827,0.0000,0.0000,0.0000,0.0000,0.0000,28.8256,0.0000,313.7075,10.7906,0.3756,0.3479,0.1134,0.0113,866.6667,746.6340,74.2846,74.2847,1.8319,2.2899,184.1122,0.0000,0.0000,0.0000,116.9121,3.6795,1608.5937
10/08/2017 00:00:00,5.4123,1.4108,11.4695,0.0000,0.0000,0.0000,0.0000,0.0000,30.1116,0.0000,314.5551,11.2498,0.3779,0.3468,0.1155,0.0116,866.6667,763.9046,74.6268,74.6268,1.8383,2.2978,189.7304,0.0000,0.0000,0.0000,117.4190,3.7201,1626.3356
11/08/2017 00:00:00,0.1327,2.2294,11.4842,0.0000,0.0000,0.0000,0.0000,0.0000,31.3975,0.0000,315.4028,11.7090,0.3802,0.3456,0.1176,0.0118,866.6667,781.1751,74.9689,74.9690,1.8446,2.3058,195.3486,0.0000,0.0000,0.0000,117.9259,3.7607,1644.0775
12/08/2017 00:00:00,0.1861,1.8124,11.9789,0.0000,0.0000,0.0000,0.0000,0.0000,32.6835,0.0000,316.2504,12.1682,0.3825,0.3445,0.1197,0.0120,866.6667,798.4457,75.3111,75.3112,1.8510,2.3137,200.9668,0.0000,0.0000,0.0000,118.4328,3.8012,1661.8195
13/08/2017 00:00:00,0.2343,1.5398,12.1712,0.0000,0.0000,0.0000,0.0000,0.0000,33.9694,0.0000,317.0980,12.6274,0.3848,0.3433,0.1217,0.0122,866.6667,815.7163,75.6533,75.6533,1.8573,2.3217,206.5850,0.0000,0.0000,0.0000,118.9397,3.8418,1679.5614
14/08/2017 00:00:00,5.2054,1.1982,13.0007,0.0000,0.0000,0.0000,0.0000,0.0000,35.2554,0.0000,317.9456,13.0866,0.3871,0.3422,0.1238,0.0124,866.6667,832.9869,75.9954,75.9955,1.8637,2.3296,212.2032,0.0000,0.0000,0.0000,119.4466,3.8824,1697.3034
15/08/2017 00:00:00,4.9100,0.4530,13.8396,0.0000,0.0000,0.0000,0.0000,0.0000,36.5413,0.0000,318.7932,13.5458,0.3894,0.3410,0.1259,0.0126,866.6667,850.2575,76.3376,76.3377,1.8700,2.3375,217.8214,0.0000,0.0000,0.0000,119.9535,3.9230,1715.0453
16/08/2017 00:00:00,0.0408,1.1034,13.2867,0.0000,0.0000,0.0000,0.0000,0.0000,37.8273,0.0000,319.6408,14.0050,0.3917,0.3399,0.1280,0.0128,866.6667,867.5281,76.6798,76.6798,1.8764,2.3455,223.4396,0.0000,0.0000,0.0000,120.4604,3.9636,1732.7872
17/08/2017 00:00:00,0.0209,3.3956,12.9646,0.0000,0.0000,0.0000,0.0000,0.0000,39.1132,0.0000,320.4884,14.4642,0.3940,0.3387,0.1301,0.0130,866.6667,884.7986,77.0219,77.0220,1.8827,2.3534,229.0578,0.0000,0.0000,0.0000,120.9674,4.0041,1750.5292
18/08/2017 00:00:00,0.0107,5.7592,11.5848,0.0000,0.0000,0.0000,0.0000,0.0000,40.3992,0.0000,321.3360,14.9234,0.3963,0.3376,0.1322,0.0132,866.6667,902.0692,77.3641,77.3642,1.8891,2.3614,234.6760,0.0000,0.0000,0.0000,121.4743,4.0447,1768.2711
19/08/2017 00:00:00,0.2031,4.0076,10.9859,0.0000,0.0000,0.0000,0.0000,0.0000,41.6851,0.0000,322.1836,15.3826,0.3986,0.3364,0.1342,0.0134,866.6667,919.3398,77.7063,77.7063,1.8955,2.3693,240.2942,0.0000,0.0000,0.0000,121.9812,4.0853,1786.0130
20/08/2017 00:00:00,0.2635,1.3742,11.2936,0.0000,0.0000,0.0000,0.0000,0.0000,42.9711,0.0000,323.0312,15.8418,0.4009,0.3353,0.1363,0.0136,866.6667,936.6104,78.0484,78.0485,1.9018,2.3773,245.9124,0.0000,0.0000,0.0000,122.4881,4.1259,1803.7550
21/08/2017 00:00:00,4.5850,0.9013,10.7637,0.0000,0.0000,0.0000,0.0000,0.0000,44.2570,0.0000,323.8788,16.3010,0.4032,0.3341,0.1384,0.0138,866.6667,953.8810,78.3906,78.3906,1.9082,2.3852,251.5305,0.0000,0.0000,0.0000,122.9950,4.1665,1821.4969
22/08/2017 00:00:00,8.3118,0.5571,11.3028,0.0000,0.0000,0.0000,0.0000,0.0000,45.5429,0.0000,324.7264,16.7602,0.4055,0.3329,0.1405,0.0140,866.6667,971.1515,78.7328,78.7328,1.9145,2.3931,257.1487,0.0000,0.0000,0.0000,123.5019,4.2071,1839.2388
23/08/2017 00:00:00,8.0456,0.4935,12.2363,0.0000,0.0000,0.0000,0.0000,0.0000,46.8289,0.0000,325.5740,17.2194,0.4078,0.3318,0.1426,0.0143,866.6667,988.4221,79.0749,79.0750,1.9209,2.4011,262.7669,0.0000,0.0000,0.0000,124.0088,4.2476,1856.9808
24/08/2017 00:00:00,8.8301,0.4465,12.3229,0.0000,0.0000,0.0000,0.0000,0.0000,48.1148,0.0000,326.4217,17.6786,0.4101,0.3306,0.1446,0.0145,866.6667,1005.6927,79.4171,79.4171,1.9272,2.4090,268.3851,0.0000,0.0000,0.0000,124.5157,4.2882,1874.7227
25/08/2017 00:00:00,6.5216,0.4054,12.5403,0.0000,0.0000,0.0000,0.0000,0.0000,49.4008,0.0000,327.2693,18.1378,0.4124,0.3295,0.1467,0.0147,866.6667,1022.9633,79.7592,79.7593,1.9336,2.4170,274.0033,0.0000,0.0000,0.0000,125.0226,4.3288,1892.4647
26/08/2017 00:00:00,0.2398,0.4180,12.4669,0.0000,0.0000,0.0000,0.0000,0.0000,50.6867,0.0000,328.1169,18.5970,0.4147,0.3283,0.1488,0.0149,866.6667,1040.2339,80.1014,80.1015,1.9399,2.4249,279.6215,0.0000,0.0000,0.0000,125.5295,4.3694,1910.2066
27/08/2017 00:00:00,0.2293,0.4172,12.2427,0.0000,0.0000,0.0000,0.0000,0.0000,51.9727,0.0000,328.9645,19.0562,0.4170,0.3272,0.1509,0.0151,866.6667,1057.5044,80.4436,80.4436,1.9463,2.4329,285.2397,0.0000,0.0000,0.0000,126.0364,4.4100,1927.9485
28/08/2017 00:00:00,2.9997,0.4169,12.0552,0.0000,0.0000,0.0000,0.0000,0.0000,53.2586,0.0000,329.8121,19.5154,0.4194,0.3260,0.1530,0.0153,866.6667,1074.7750,80.7857,80.7858,1.9526,2.4408,290.8579,0.0000,0.0000,0.0000,126.5433,4.4506,1945.6905
29/08/2017 00:00:00,5.3161,0.4018,12.4611,0.0000,0.0000,0.0000,0.0000,0.0000,54.5446,0.0000,330.6597,19.9746,0.4217,0.3249,0.1550,0.0155,866.6667,1092.0456,81.1279,81.1280,1.9590,2.4488,296.4761,0.0000,0.0000,0.0000,127.0502,4.4911,1963.4324
30/08/2017 00:00:00,5.5924,0.3912,12.6433,0.0000,0.0000,0.0000,0.0000,0.0000,55.8305,0.0000,331.5073,20.4338,0.4240,0.3237,0.1571,0.0157,866.6667,1109.3162,81.4701,81.4701,1.9654,2.4567,302.0943,0.0000,0.0000,0.0000,127.5572,4.5317,1981.1743
31/08/2017 00:00:00,6.2499,0.3847,13.0676,0.0000,0.0000,0.0000,0.0000,0.0000,57.1165,0.0000,332.3549,20.8930,0.4263,0.3226,0.1592,0.0159,866.6667,1126.5868,81.8122,81.8123,1.9717,2.4646,307.7125,0.0000,0.0000,0.0000,128.0641,4.5723,1998.9163
01/09/2017 00:00:00,0.6862,0.4028,13.3160,0.0000,0.0000,0.0000,0.0000,0.0000,58.4024,0.0000,333.2025,21.3522,0.4286,0.3214,0.1613,0.0161,866.6667,1143.8573,82.1544,82.1544,1.9781,2.4726,313.3307,0.0000,0.0000,0.0000,128.5710,4.6129,2016.6582
02/09/2017 00:00:00,0.6035,0.3919,13.7058,0.0000,0.0000,0.0000,0.0000,0.0000,58.2667,0.0000,331.2875,21.3997,0.4262,0.3279,0.1639,0.0164,868.0552,1136.8298,82.0696,82.0696,1.9912,2.4889,308.7938,0.0000,0.0000,0.0000,128.5595,4.6263,2010.8362
03/09/2017 00:00:00,0.0029,0.6049,13.2126,0.0000,0.0000,0.0000,0.0000,0.0000,58.1307,0.0000,329.3705,21.4472,0.4238,0.3343,0.1664,0.0166,869.4441,1129.7849,81.9844,81.9844,2.0042,2.5053,304.2522,0.0000,0.0000,0.0000,128.5476,4.6398,2005.0029
04/09/2017 00:00:00,0.0004,1.7877,11.9855,0.0000,0.0000,0.0000,0.0000,0.0000,57.9946,0.0000,327.4535,21.4946,0.4214,0.3407,0.1690,0.0169,870.8330,1122.7400,81.8992,81.8992,2.0173,2.5217,299.7105,0.0000,0.0000,0.0000,128.5357,4.6532,1999.1696
05/09/2017 00:00:00,0.0022,2.6766,11.2126,0.0000,0.0000,0.0000,0.0000,0.0000,57.8586,0.0000,325.5365,21.5421,0.4190,0.3471,0.1716,0.0172,872.2219,1115.6950,81.8141,81.8140,2.0304,2.5380,295.1689,0.0000,0.0000,0.0000,128.5238,4.6667,1993.3363
06/09/2017 00:00:00,0.2686,1.1830,11.7100,0.0000,0.0000,0.0000,0.0000,0.0000,57.7226,0.0000,323.6195,21.5895,0.4167,0.3536,0.1742,0.0174,873.6107,1108.6501,81.7289,81.7289,2.0435,2.5544,290.6273,0.0000,0.0000,0.0000,128.5119,4.6801,1987.5030
07/09/2017 00:00:00,0.4351,0.5696,12.3450,0.0000,0.0000,0.0000,0.0000,0.0000,57.5865,0.0000,321.7025,21.6370,0.4143,0.3600,0.1768,0.0177,874.9996,1101.6052,81.6437,81.6437,2.0566,2.5708,286.0856,0.0000,0.0000,0.0000,128.5000,4.6935,1981.6697
08/09/2017 00:00:00,0.0085,0.4574,12.9806,0.0000,0.0000,0.0000,0.0000,0.0000,57.4505,0.0000,319.7855,21.6844,0.4119,0.3664,0.1794,0.0179,876.3885,1094.5602,81.5585,81.5585,2.0697,2.5871,281.5440,0.0000,0.0000,0.0000,128.4881,4.7070,1975.8365
09/09/2017 00:00:00,0.0094,0.4419,13.0338,0.0000,0.0000,0.0000,0.0000,0.0000,57.3144,0.0000,317.8685,21.7319,0.4095,0.3729,0.1819,0.0182,877.7774,1087.5153,81.4734,81.4733,2.0828,2.6035,277.0024,0.0000,0.0000,0.0000,128.4762,4.7204,1970.0032
10/09/2017 00:00:00,0.0099,0.4364,13.0364,0.0000,0.0000,0.0000,0.0000,0.0000,57.1784,0.0000,315.9515,21.7793,0.4071,0.3793,0.1845,0.0185,879.1662,1080.4704,81.3882,81.3882,2.0959,2.6198,272.4607,0.0000,0.0000,0.0000,128.4643,4.7339,1964.1699
11/09/2017 00:00:00,0.1114,0.4143,14.0301,0.0000,0.0000,0.0000,0.0000,0.0000,57.0423,0.0000,314.0345,21.8268,0.4048,0.3857,0.1871,0.0187,880.5551,1073.4255,81.3030,81.3030,2.1090,2.6362,267.9191,0.0000,0.0000,0.0000,128.4524,4.7473,1958.3366
12/09/2017 00:00:00,0.1168,0.3686,15.2666,0.0000,0.0000,0.0000,0.0000,0.0000,56.9063,0.0000,312.1175,21.8742,0.4024,0.3921,0.1897,0.0190,881.9440,1066.3805,81.2178,81.2178,2.1221,2.6526,263.3775,0.0000,0.0000,0.0000,128.4405,4.7608,1952.5033
13/09/2017 00:00:00,0.0026,0.5803,13.9607,0.0000,0.0000,0.0000,0.0000,0.0000,56.7702,0.0000,310.2005,21.9217,0.4000,0.3986,0.1923,0.0192,883.3328,1059.3356,81.1327,81.1326,2.1351,2.6689,258.8358,0.0000,0.0000,0.0000,128.4286,4.7742,1946.6700
14/09/2017 00:00:00,0.0931,0.4988,12.4697,0.0000,0.0000,0.0000,0.0000,0.0000,56.6342,0.0000,308.2835,21.9691,0.3976,0.4050,0.1948,0.0195,884.7217,1052.2907,81.0475,81.0475,2.1482,2.6853,254.2942,0.0000,0.0000,0.0000,128.4167,4.7876,1940.8368
15/09/2017 00:00:00,0.1755,0.3760,13.1875,0.0000,0.0000,0.0000,0.0000,0.0000,56.4981,0.0000,306.3665,22.0166,0.3952,0.4114,0.1974,0.0197,886.1106,1045.2457,80.9623,80.9623,2.1613,2.7017,249.7525,0.0000,0.0000,0.0000,128.4048,4.8011,1935.0035
16/09/2017 00:00:00,0.1928,0.3585,13.3537,0.0000,0.0000,0.0000,0.0000,0.0000,56.3621,0.0000,304.4495,22.0640,0.3929,0.4179,0.2000,0.0200,887.4995,1038.2008,80.8772,80.8771,2.1744,2.7180,245.2109,0.0000,0.0000,0.0000,128.3929,4.8145,1929.1702
17/09/2017 00:00:00,0.2263,0.3453,13.6005,0.0000,0.0000,0.0000,0.0000,0.0000,56.2261,0.0000,302.5325,22.1115,0.3905,0.4243,0.2026,0.0203,888.8883,1031.1559,80.7920,80.7919,2.1875,2.7344,240.6693,0.0000,0.0000,0.0000,128.3810,4.8280,1923.3369
18/09/2017 00:00:00,0.1222,0.3425,13.5746,0.0000,0.0000,0.0000,0.0000,0.0000,56.0900,0.0000,300.6155,22.1589,0.3881,0.4307,0.2052,0.0205,890.2772,1024.1109,80.7068,80.7068,2.2006,2.7507,236.1276,0.0000,0.0000,0.0000,128.3691,4.8414,1917.5036
19/09/2017 00:00:00,0.1137,0.3432,13.0041,0.0000,0.0000,0.0000,0.0000,0.0000,55.9540,0.0000,298.6985,22.2064,0.3857,0.4371,0.2077,0.0208,891.6661,1017.0660,80.6216,80.6216,2.2137,2.7671,231.5860,0.0000,0.0000,0.0000,128.3571,4.8548,1911.6704
20/09/2017 00:00:00,0.2028,0.3493,13.7074,0.0000,0.0000,0.0000,0.0000,0.0000,55.8179,0.0000,296.7815,22.2538,0.3833,0.4436,0.2103,0.0210,893.0549,1010.0211,80.5365,80.5364,2.2268,2.7835,227.0444,0.0000,0.0000,0.0000,128.3452,4.8683,1905.8371
21/09/2017 00:00:00,0.1924,0.3521,14.3278,0.0000,0.0000,0.0000,0.0000,0.0000,55.6819,0.0000,294.8645,22.3013,0.3810,0.4500,0.2129,0.0213,894.4438,1002.9762,80.4513,80.4513,2.2399,2.7998,222.5027,0.0000,0.0000,0.0000,128.3333,4.8817,1900.0038
22/09/2017 00:00:00,0.1234,0.3537,15.6017,0.0000,0.0000,0.0000,0.0000,0.0000,55.5458,0.0000,292.9475,22.3487,0.3786,0.4564,0.2155,0.0215,895.8327,995.9312,80.3661,80.3661,2.2530,2.8162,217.9611,0.0000,0.0000,0.0000,128.3214,4.8952,1894.1705
23/09/2017 00:00:00,0.0073,0.3792,16.8429,0.0000,0.0000,0.0000,0.0000,0.0000,55.4098,0.0000,291.0305,22.3962,0.3762,0.4629,0.2181,0.0218,897.2216,988.8863,80.2810,80.2809,2.2660,2.8326,213.4195,0.0000,0.0000,0.0000,128.3095,4.9086,1888.3372
24/09/2017 00:00:00,0.0036,1.1820,15.4800,0.0000,0.0000,0.0000,0.0000,0.0000,55.2737,0.0000,289.1135,22.4436,0.3738,0.4693,0.2206,0.0221,898.6104,981.8414,80.1958,80.1957,2.2791,2.8489,208.8778,0.0000,0.0000,0.0000,128.2976,4.9220,1882.5039
25/09/2017 00:00:00,0.0065,1.2239,15.4823,0.0000,0.0000,0.0000,0.0000,0.0000,55.1377,0.0000,287.1965,22.4911,0.3714,0.4757,0.2232,0.0223,899.9993,974.7964,80.1106,80.1106,2.2922,2.8653,204.3362,0.0000,0.0000,0.0000,128.2857,4.9355,1876.6707
26/09/2017 00:00:00,0.0953,0.6968,15.5590,0.0000,0.0000,0.0000,0.0000,0.0000,55.0016,0.0000,285.2795,22.5385,0.3690,0.4821,0.2258,0.0226,901.3882,967.7515,80.0254,80.0254,2.3053,2.8816,199.7945,0.0000,0.0000,0.0000,128.2738,4.9489,1870.8374
27/09/2017 00:00:00,0.1827,0.4074,16.2747,0.0000,0.0000,0.0000,0.0000,0.0000,54.8656,0.0000,283.3625,22.5860,0.3667,0.4886,0.2284,0.0228,902.7771,960.7066,79.9403,79.9402,2.3184,2.8980,195.2529,0.0000,0.0000,0.0000,128.2619,4.9624,1865.0041
28/09/2017 00:00:00,0.1411,0.3828,16.0962,0.0000,0.0000,0.0000,0.0000,0.0000,54.7295,0.0000,281.4455,22.6334,0.3643,0.4950,0.2310,0.0231,904.1659,953.6616,79.8551,79.8550,2.3315,2.9144,190.7113,0.0000,0.0000,0.0000,128.2500,4.9758,1859.1708
29/09/2017 00:00:00,0.1565,0.3828,15.9353,0.0000,0.0000,0.0000,0.0000,0.0000,54.5935,0.0000,279.5285,22.6809,0.3619,0.5014,0.2335,0.0234,905.5548,946.6167,79.7699,79.7699,2.3446,2.9307,186.1696,0.0000,0.0000,0.0000,128.2381,4.9892,1853.3375
30/09/2017 00:00:00,0.1523,0.3806,15.5260,0.0000,0.0000,0.0000,0.0000,0.0000,54.4575,0.0000,277.6116,22.7283,0.3595,0.5079,0.2361,0.0236,906.9437,939.5718,79.6847,79.6847,2.3577,2.9471,181.6280,0.0000,0.0000,0.0000,128.2262,5.0027,1847.5042
01/10/2017 00:00:00,0.0000,0.3817,15.5688,0.0000,0.0000,0.0000,0.0000,0.0000,54.3214,0.0000,275.6946,22.7758,0.3571,0.5143,0.2387,0.0239,908.3325,932.5269,79.5996,79.5995,2.3708,2.9635,177.0864,0.0000,0.0000,0.0000,128.2143,5.0161,1841.6710
02/10/2017 00:00:00,0.0000,0.3729,16.1104,0.0000,0.0000,0.0000,0.0000,0.0000,53.7307,0.0000,277.8543,22.9211,0.3571,0.5115,0.2379,0.0238,911.8260,941.3848,79.4036,79.4034,2.3499,2.9374,177.7818,0.0000,0.0000,0.0000,129.4696,5.0156,1854.0234
03/10/2017 00:00:00,0.0000,0.3650,16.7199,0.0000,0.0000,0.0000,0.0000,0.0000,53.1396,0.0000,280.0144,23.0665,0.3571,0.5088,0.2372,0.0237,915.3207,950.2461,79.2074,79.2073,2.3291,2.9114,178.4807,0.0000,0.0000,0.0000,130.7253,5.0151,1866.3892
04/10/2017 00:00:00,0.0000,0.3613,17.0821,0.0000,0.0000,0.0000,0.0000,0.0000,52.5486,0.0000,282.1744,23.2119,0.3571,0.5060,0.2364,0.0236,918.8154,959.1074,79.0113,79.0112,2.3082,2.8853,179.1797,0.0000,0.0000,0.0000,131.9810,5.0146,1878.7551
05/10/2017 00:00:00,0.0000,0.3616,16.7231,0.0000,0.0000,0.0000,0.0000,0.0000,51.9576,0.0000,284.3344,23.3573,0.3571,0.5032,0.2357,0.0236,922.3101,967.9687,78.8152,78.8151,2.2874,2.8593,179.8786,0.0000,0.0000,0.0000,133.2368,5.0140,1891.1210
06/10/2017 00:00:00,0.0000,0.3672,16.0184,0.0000,0.0000,0.0000,0.0000,0.0000,51.3666,0.0000,286.4944,23.5027,0.3571,0.5005,0.2349,0.0235,925.8047,976.8301,78.6191,78.6189,2.2666,2.8332,180.5775,0.0000,0.0000,0.0000,134.4925,5.0135,1903.4868
07/10/2017 00:00:00,0.0000,0.3733,15.9598,0.0000,0.0000,0.0000,0.0000,0.0000,50.7756,0.0000,288.6544,23.6482,0.3571,0.4977,0.2341,0.0234,929.2994,985.6914,78.4229,78.4228,2.2457,2.8072,181.2764,0.0000,0.0000,0.0000,135.7482,5.0130,1915.8527
08/10/2017 00:00:00,0.0000,0.3847,16.8794,0.0000,0.0000,0.0000,0.0000,0.0000,50.1846,0.0000,290.8144,23.7936,0.3571,0.4949,0.2334,0.0233,932.7941,994.5527,78.2268,78.2267,2.2249,2.7811,181.9754,0.0000,0.0000,0.0000,137.0040,5.0125,1928.2185
09/10/2017 00:00:00,0.0000,0.3871,17.6083,0.0000,0.0000,0.0000,0.0000,0.0000,49.5936,0.0000,292.9745,23.9390,0.3571,0.4922,0.2326,0.0233,936.2887,1003.4140,78.0307,78.0306,2.2040,2.7551,182.6743,0.0000,0.0000,0.0000,138.2597,5.0120,1940.5844
10/10/2017 00:00:00,0.0000,0.3815,18.0732,0.0000,0.0000,0.0000,0.0000,0.0000,49.0025,0.0000,295.1345,24.0844,0.3571,0.4894,0.2318,0.0232,939.7834,1012.2753,77.8346,77.8344,2.1832,2.7290,183.3732,0.0000,0.0000,0.0000,139.5154,5.0114,1952.9503
11/10/2017 00:00:00,0.0000,0.3844,17.8708,0.0000,0.0000,0.0000,0.0000,0.0000,48.4115,0.0000,297.2945,24.2298,0.3571,0.4866,0.2311,0.0231,943.2781,1021.1367,77.6384,77.6383,2.1624,2.7030,184.0722,0.0000,0.0000,0.0000,140.7712,5.0109,1965.3161
12/10/2017 00:00:00,0.0000,0.3886,16.7137,0.0000,0.0000,0.0000,0.0000,0.0000,47.8205,0.0000,299.4545,24.3752,0.3571,0.4839,0.2303,0.0230,946.7728,1029.9980,77.4423,77.4422,2.1415,2.6769,184.7711,0.0000,0.0000,0.0000,142.0269,5.0104,1977.6820
13/10/2017 00:00:00,0.0000,0.3926,17.0910,0.0000,0.0000,0.0000,0.0000,0.0000,47.2295,0.0000,301.6145,24.5206,0.3571,0.4811,0.2296,0.0230,950.2674,1038.8593,77.2462,77.2461,2.1207,2.6509,185.4700,0.0000,0.0000,0.0000,143.2827,5.0099,1990.0478
14/10/2017 00:00:00,0.0000,0.3900,17.6795,0.0000,0.0000,0.0000,0.0000,0.0000,46.6385,0.0000,303.7746,24.6660,0.3571,0.4783,0.2288,0.0229,953.7621,1047.7206,77.0501,77.0500,2.0999,2.6248,186.1690,0.0000,0.0000,0.0000,144.5384,5.0094,2002.4137
15/10/2017 00:00:00,0.0000,0.3825,18.1093,0.0000,0.0000,0.0000,0.0000,0.0000,46.0475,0.0000,305.9346,24.8114,0.3571,0.4756,0.2280,0.0228,957.2568,1056.5820,76.8539,76.8538,2.0790,2.5988,186.8679,0.0000,0.0000,0.0000,145.7941,5.0088,2014.7796
16/10/2017 00:00:00,0.0000,0.3809,19.2090,0.0000,0.0000,0.0000,0.0000,0.0000,45.4565,0.0000,308.0946,24.9569,0.3571,0.4728,0.2273,0.0227,960.7515,1065.4433,76.6578,76.6577,2.0582,2.5727,187.5668,0.0000,0.0000,0.0000,147.0499,5.0083,2027.1454
17/10/2017 00:00:00,0.0000,0.3803,20.3826,0.0000,0.0000,0.0000,0.0000,0.0000,44.8654,0.0000,310.2546,25.1023,0.3571,0.4700,0.2265,0.0227,964.2461,1074.3046,76.4617,76.4616,2.0373,2.5467,188.2657,0.0000,0.0000,0.0000,148.3056,5.0078,2039.5113
18/10/2017 00:00:00,0.0000,0.3800,21.6274,0.0000,0.0000,0.0000,0.0000,0.0000,44.2744,0.0000,312.4146,25.2477,0.3571,0.4673,0.2257,0.0226,967.7408,1083.1659,76.2656,76.2655,2.0165,2.5206,188.9647,0.0000,0.0000,0.0000,149.5613,5.0073,2051.8771
19/10/2017 00:00:00,0.0000,0.3821,21.2455,0.0000,0.0000,0.0000,0.0000,0.0000,43.6834,0.0000,314.5746,25.3931,0.3571,0.4645,0.2250,0.0225,971.2355,1092.0272,76.0695,76.0694,1.9957,2.4946,189.6636,0.0000,0.0000,0.0000,150.8171,5.0068,2064.2430
20/10/2017 00:00:00,0.0000,0.3849,18.7572,0.0000,0.0000,0.0000,0.0000,0.0000,43.0924,0.0000,316.7347,25.5385,0.3571,0.4618,0.2242,0.0224,974.7302,1100.8886,75.8733,75.8732,1.9748,2.4685,190.3625,0.0000,0.0000,0.0000,152.0728,5.0062,2076.6088
21/10/2017 00:00:00,0.0000,0.3827,17.4073,0.0000,0.0000,0.0000,0.0000,0.0000,42.5014,0.0000,318.8947,25.6839,0.3571,0.4590,0.2234,0.0223,978.2248,1109.7499,75.6772,75.6771,1.9540,2.4425,191.0615,0.0000,0.0000,0.0000,153.3285,5.0057,2088.9747
22/10/2017 00:00:00,0.0000,0.3802,17.0329,0.0000,0.0000,0.0000,0.0000,0.0000,41.9104,0.0000,321.0547,25.8293,0.3571,0.4562,0.2227,0.0223,981.7195,1118.6112,75.4811,75.4810,1.9331,2.4164,191.7604,0.0000,0.0000,0.0000,154.5843,5.0052,2101.3406
23/10/2017 00:00:00,0.0000,0.3818,17.7930,0.0000,0.0000,0.0000,0.0000,0.0000,41.3194,0.0000,323.2147,25.9747,0.3571,0.4535,0.2219,0.0222,985.2142,1127.4725,75.2850,75.2849,1.9123,2.3904,192.4593,0.0000,0.0000,0.0000,155.8400,5.0047,2113.7064
24/10/2017 00:00:00,0.0000,0.3830,18.2159,0.0000,0.0000,0.0000,0.0000,0.0000,40.7283,0.0000,325.3747,26.1202,0.3571,0.4507,0.2212,0.0221,988.7089,1136.3338,75.0888,75.0888,1.8915,2.3643,193.1582,0.0000,0.0000,0.0000,157.0957,5.0042,2126.0723
25/10/2017 00:00:00,0.0000,0.3836,18.8969,0.0000,0.0000,0.0000,0.0000,0.0000,40.1373,0.0000,327.5347,26.2656,0.3571,0.4479,0.2204,0.0220,992.2035,1145.1952,74.8927,74.8926,1.8706,2.3383,193.8572,0.0000,0.0000,0.0000,158.3515,5.0036,2138.4381
26/10/2017 00:00:00,0.0000,0.3902,19.1455,0.0000,0.0000,0.0000,0.0000,0.0000,39.5463,0.0000,329.6948,26.4110,0.3571,0.4452,0.2196,0.0220,995.6982,1154.0565,74.6966,74.6965,1.8498,2.3122,194.5561,0.0000,0.0000,0.0000,159.6072,5.0031,2150.8040
27/10/2017 00:00:00,0.0000,0.3962,18.9855,0.0000,0.0000,0.0000,0.0000,0.0000,38.9553,0.0000,331.8548,26.5564,0.3571,0.4424,0.2189,0.0219,999.1929,1162.9178,74.5005,74.5004,1.8289,2.2862,195.2550,0.0000,0.0000,0.0000,160.8629,5.0026,2163.1699
28/10/2017 00:00:00,0.0000,0.4013,18.4715,0.0000,0.0000,0.0000,0.0000,0.0000,38.3643,0.0000,334.0148,26.7018,0.3571,0.4396,0.2181,0.0218,1002.6875,1171.7791,74.3043,74.3043,1.8081,2.2601,195.9540,0.0000,0.0000,0.0000,162.1187,5.0021,2175.5357
29/10/2017 00:00:00,0.0000,0.6368,17.8461,0.0000,0.0000,0.0000,0.0000,0.0000,37.7733,0.0000,336.1748,26.8472,0.3571,0.4369,0.2173,0.0217,1006.1822,1180.6405,74.1082,74.1081,1.7873,2.2341,196.6529,0.0000,0.0000,0.0000,163.3744,5.0016,2187.9016
30/10/2017 00:00:00,0.0000,11.0535,15.5637,0.0000,0.0000,0.0000,0.0000,0.0000,37.1823,0.0000,338.3348,26.9926,0.3571,0.4341,0.2166,0.0217,1009.6769,1189.5018,73.9121,73.9120,1.7664,2.2080,197.3518,0.0000,0.0000,0.0000,164.6301,5.0010,2200.2674
31/10/2017 00:00:00,0.0000,4.8497,15.5592,0.0000,0.0000,0.0000,0.0000,0.0000,36.5912,0.0000,340.4948,27.1380,0.3571,0.4313,0.2158,0.0216,1013.1716,1198.3631,73.7160,73.7159,1.7456,2.1820,198.0508,0.0000,0.0000,0.0000,165.8859,5.0005,2212.6333
01/11/2017 00:00:00,0.0000,1.8486,17.2884,0.0000,0.0000,0.0000,0.0000,0.0000,36.0002,0.0000,342.6549,27.2835,0.3571,0.4286,0.2151,0.0215,1016.6662,1207.2244,73.5198,73.5198,1.7247,2.1559,198.7497,0.0000,0.0000,0.0000,167.1416,5.0000,2224.9991
02/11/2017 00:00:00,0.0000,1.2664,17.9107,0.0000,0.0000,0.0000,0.0000,0.0000,35.6628,0.0000,340.4163,27.8764,0.3690,0.4222,0.2158,0.0216,1016.3889,1201.5966,73.7484,73.7485,1.7300,2.1625,197.6116,0.0000,0.0000,0.0000,166.9764,5.0043,2218.8894
03/11/2017 00:00:00,0.0000,1.0497,17.1118,0.0000,0.0000,0.0000,0.0000,0.0000,35.3256,0.0000,338.1750,28.4695,0.3809,0.4159,0.2165,0.0216,1016.1111,1195.9574,73.9773,73.9773,1.7353,2.1691,196.4727,0.0000,0.0000,0.0000,166.8097,5.0086,2212.7784
04/11/2017 00:00:00,0.0000,0.9561,15.9939,0.0000,0.0000,0.0000,0.0000,0.0000,34.9884,0.0000,335.9336,29.0627,0.3928,0.4095,0.2172,0.0217,1015.8334,1190.3182,74.2061,74.2062,1.7406,2.1757,195.3338,0.0000,0.0000,0.0000,166.6430,5.0129,2206.6674
05/11/2017 00:00:00,0.0000,0.8398,16.2102,0.0000,0.0000,0.0000,0.0000,0.0000,34.6512,0.0000,333.6922,29.6558,0.4048,0.4032,0.2179,0.0218,1015.5556,1184.6790,74.4349,74.4350,1.7459,2.1823,194.1950,0.0000,0.0000,0.0000,166.4763,5.0172,2200.5563
06/11/2017 00:00:00,0.0000,0.7596,16.2338,0.0000,0.0000,0.0000,0.0000,0.0000,34.3140,0.0000,331.4509,30.2489,0.4167,0.3968,0.2186,0.0219,1015.2778,1179.0398,74.6638,74.6638,1.7511,2.1889,193.0561,0.0000,0.0000,0.0000,166.3097,5.0215,2194.4453
07/11/2017 00:00:00,0.0000,0.7065,16.1128,0.0000,0.0000,0.0000,0.0000,0.0000,33.9768,0.0000,329.2095,30.8420,0.4286,0.3905,0.2194,0.0219,1015.0000,1173.4006,74.8926,74.8927,1.7564,2.1955,191.9172,0.0000,0.0000,0.0000,166.1430,5.0258,2188.3343
08/11/2017 00:00:00,0.0000,0.6756,16.6752,0.0000,0.0000,0.0000,0.0000,0.0000,33.6396,0.0000,326.9682,31.4352,0.4405,0.3841,0.2201,0.0220,1014.7223,1167.7614,75.1215,75.1215,1.7617,2.2021,190.7783,0.0000,0.0000,0.0000,165.9763,5.0301,2182.2233
09/11/2017 00:00:00,0.0000,0.6326,18.3947,0.0000,0.0000,0.0000,0.0000,0.0000,33.3024,0.0000,324.7268,32.0283,0.4524,0.3778,0.2208,0.0221,1014.4445,1162.1222,75.3503,75.3503,1.7670,2.2087,189.6394,0.0000,0.0000,0.0000,165.8096,5.0344,2176.1123
10/11/2017 00:00:00,0.0000,0.5999,19.7157,0.0000,0.0000,0.0000,0.0000,0.0000,32.9652,0.0000,322.4854,32.6214,0.4643,0.3714,0.2215,0.0222,1014.1667,1156.4830,75.5791,75.5791,1.7722,2.2153,188.5005,0.0000,0.0000,0.0000,165.6430,5.0387,2170.0013
11/11/2017 00:00:00,0.0000,0.5689,20.3576,0.0000,0.0000,0.0000,0.0000,0.0000,32.6280,0.0000,320.2441,33.2145,0.4762,0.3651,0.2222,0.0222,1013.8889,1150.8438,75.8080,75.8080,1.7775,2.2219,187.3616,0.0000,0.0000,0.0000,165.4763,5.0430,2163.8903
12/11/2017 00:00:00,0.0000,0.5545,21.5343,0.0000,0.0000,0.0000,0.0000,0.0000,32.2908,0.0000,318.0027,33.8076,0.4881,0.3587,0.2229,0.0223,1013.6111,1145.2046,76.0368,76.0368,1.7828,2.2285,186.2227,0.0000,0.0000,0.0000,165.3096,5.0473,2157.7792
13/11/2017 00:00:00,0.0000,0.5376,22.7447,0.0000,0.0000,0.0000,0.0000,0.0000,31.9536,0.0000,315.7614,34.4008,0.5000,0.3524,0.2237,0.0224,1013.3334,1139.5654,76.2656,76.2656,1.7881,2.2351,185.0838,0.0000,0.0000,0.0000,165.1430,5.0516,2151.6682
14/11/2017 00:00:00,0.0000,0.5350,22.8955,0.0000,0.0000,0.0000,0.0000,0.0000,31.6164,0.0000,313.5200,34.9939,0.5119,0.3460,0.2244,0.0224,1013.0556,1133.9262,76.4945,76.4945,1.7933,2.2417,183.9450,0.0000,0.0000,0.0000,164.9763,5.0559,2145.5572
15/11/2017 00:00:00,0.0000,0.5121,21.0022,0.0000,0.0000,0.0000,0.0000,0.0000,31.2793,0.0000,311.2786,35.5870,0.5238,0.3397,0.2251,0.0225,1012.7778,1128.2870,76.7233,76.7233,1.7986,2.2483,182.8061,0.0000,0.0000,0.0000,164.8096,5.0602,2139.4462
16/11/2017 00:00:00,0.0000,0.5092,17.6279,0.0000,0.0000,0.0000,0.0000,0.0000,30.9421,0.0000,309.0373,36.1801,0.5357,0.3333,0.2258,0.0226,1012.5000,1122.6477,76.9521,76.9521,1.8039,2.2548,181.6672,0.0000,0.0000,0.0000,164.6429,5.0645,2133.3352
17/11/2017 00:00:00,0.0000,0.5026,16.6175,0.0000,0.0000,0.0000,0.0000,0.0000,30.6049,0.0000,306.7959,36.7733,0.5476,0.3270,0.2265,0.0227,1012.2223,1117.0085,77.1810,77.1810,1.8092,2.2614,180.5283,0.0000,0.0000,0.0000,164.4763,5.0688,2127.2242
18/11/2017 00:00:00,0.0000,0.5043,17.6879,0.0000,0.0000,0.0000,0.0000,0.0000,30.2677,0.0000,304.5546,37.3664,0.5595,0.3206,0.2272,0.0227,1011.9445,1111.3693,77.4098,77.4098,1.8144,2.2680,179.3894,0.0000,0.0000,0.0000,164.3096,5.0731,2121.1131
19/11/2017 00:00:00,0.0000,0.5014,19.8935,0.0000,0.0000,0.0000,0.0000,0.0000,29.9305,0.0000,302.3132,37.9595,0.5714,0.3143,0.2280,0.0228,1011.6667,1105.7301,77.6387,77.6386,1.8197,2.2746,178.2505,0.0000,0.0000,0.0000,164.1429,5.0774,2115.0021
20/11/2017 00:00:00,0.0000,0.5030,22.2399,0.0000,0.0000,0.0000,0.0000,0.0000,29.5933,0.0000,300.0718,38.5526,0.5833,0.3079,0.2287,0.0229,1011.3889,1100.0909,77.8675,77.8675,1.8250,2.2812,177.1116,0.0000,0.0000,0.0000,163.9763,5.0817,2108.8911
21/11/2017 00:00:00,0.0000,0.5077,23.6966,0.0000,0.0000,0.0000,0.0000,0.0000,29.2561,0.0000,297.8305,39.1458,0.5952,0.3016,0.2294,0.0229,1011.1112,1094.4517,78.0963,78.0963,1.8303,2.2878,175.9727,0.0000,0.0000,0.0000,163.8096,5.0860,2102.7801
22/11/2017 00:00:00,0.0000,0.5218,23.8218,0.0000,0.0000,0.0000,0.0000,0.0000,28.9189,0.0000,295.5891,39.7389,0.6071,0.2952,0.2301,0.0230,1010.8334,1088.8125,78.3252,78.3251,1.8355,2.2944,174.8338,0.0000,0.0000,0.0000,163.6429,5.0903,2096.6691
23/11/2017 00:00:00,0.0000,0.5252,23.5878,0.0000,0.0000,0.0000,0.0000,0.0000,28.5817,0.0000,293.3478,40.3320,0.6190,0.2889,0.2308,0.0231,1010.5556,1083.1733,78.5540,78.5539,1.8408,2.3010,173.6949,0.0000,0.0000,0.0000,163.4762,5.0946,2090.5581
24/11/2017 00:00:00,0.0000,0.5365,23.5576,0.0000,0.0000,0.0000,0.0000,0.0000,28.2445,0.0000,291.1064,40.9251,0.6309,0.2825,0.2315,0.0232,1010.2778,1077.5341,78.7828,78.7828,1.8461,2.3076,172.5561,0.0000,0.0000,0.0000,163.3096,5.0989,2084.4470
25/11/2017 00:00:00,0.0000,0.5483,22.3282,0.0000,0.0000,0.0000,0.0000,0.0000,27.9073,0.0000,288.8650,41.5183,0.6429,0.2762,0.2323,0.0232,1010.0000,1071.8949,79.0117,79.0116,1.8514,2.3142,171.4172,0.0000,0.0000,0.0000,163.1429,5.1032,2078.3360
26/11/2017 00:00:00,0.0000,0.5460,20.7327,0.0000,0.0000,0.0000,0.0000,0.0000,27.5701,0.0000,286.6237,42.1114,0.6548,0.2698,0.2330,0.0233,1009.7223,1066.2557,79.2405,79.2404,1.8566,2.3208,170.2783,0.0000,0.0000,0.0000,162.9762,5.1075,2072.2250
27/11/2017 00:00:00,0.0000,0.5501,20.1523,0.0000,0.0000,0.0000,0.0000,0.0000,27.2329,0.0000,284.3823,42.7045,0.6667,0.2635,0.2337,0.0234,1009.4445,1060.6165,79.4693,79.4693,1.8619,2.3274,169.1394,0.0000,0.0000,0.0000,162.8096,5.1118,2066.1140
28/11/2017 00:00:00,0.0000,0.5437,21.9278,0.0000,0.0000,0.0000,0.0000,0.0000,26.8957,0.0000,282.1410,43.2976,0.6786,0.2571,0.2344,0.0234,1009.1667,1054.9773,79.6982,79.6981,1.8672,2.3340,168.0005,0.0000,0.0000,0.0000,162.6429,5.1161,2060.0030
29/11/2017 00:00:00,0.0000,0.5718,23.6963,0.0000,0.0000,0.0000,0.0000,0.0000,26.5585,0.0000,279.8996,43.8908,0.6905,0.2508,0.2351,0.0235,1008.8889,1049.3381,79.9270,79.9269,1.8725,2.3406,166.8616,0.0000,0.0000,0.0000,162.4762,5.1204,2053.8920
30/11/2017 00:00:00,0.0000,0.5788,24.5023,0.0000,0.0000,0.0000,0.0000,0.0000,26.2213,0.0000,277.6582,44.4839,0.7024,0.2444,0.2358,0.0236,1008.6112,1043.6988,80.1559,80.1558,1.8777,2.3472,165.7227,0.0000,0.0000,0.0000,162.3095,5.1247,2047.7810
01/12/2017 00:00:00,0.0262,0.5425,22.5344,0.0000,0.0000,0.0000,0.0000,0.0000,25.8841,0.0000,275.4169,45.0770,0.7143,0.2381,0.2366,0.0237,1008.3334,1038.0596,80.3847,80.3846,1.8830,2.3538,164.5838,0.0000,0.0000,0.0000,162.1429,5.1290,2041.6699
02/12/2017 00:00:00,0.0255,0.5656,19.3443,0.0000,0.0000,0.0000,0.0000,0.0000,26.5264,0.0000,274.1231,44.1972,0.7097,0.2534,0.2379,0.0238,1019.6213,1048.7816,80.1305,80.1307,1.8862,2.3578,163.6563,0.0000,0.0000,0.0000,163.2026,5.1769,2063.9668
03/12/2017 00:00:00,0.0273,0.6060,18.0325,0.0000,0.0000,0.0000,0.0000,0.0000,27.1690,0.0000,272.8295,43.3171,0.7051,0.2688,0.2393,0.0239,1030.9116,1059.5039,79.8762,79.8763,1.8895,2.3619,162.7289,0.0000,0.0000,0.0000,164.2625,5.2247,2086.2790
04/12/2017 00:00:00,0.0289,0.5736,18.2936,0.0000,0.0000,0.0000,0.0000,0.0000,27.8116,0.0000,271.5358,42.4370,0.7005,0.2842,0.2407,0.0241,1042.2019,1070.2262,79.6218,79.6219,1.8927,2.3659,161.8015,0.0000,0.0000,0.0000,165.3224,5.2726,2108.5911
05/12/2017 00:00:00,0.2532,0.5446,19.0944,0.0000,0.0000,0.0000,0.0000,0.0000,28.4541,0.0000,270.2422,41.5569,0.6959,0.2995,0.2421,0.0242,1053.4922,1080.9485,79.3674,79.3675,1.8960,2.3700,160.8741,0.0000,0.0000,0.0000,166.3823,5.3205,2130.9032
06/12/2017 00:00:00,0.5327,0.5353,19.9049,0.0000,0.0000,0.0000,0.0000,0.0000,29.0967,0.0000,268.9485,40.6768,0.6912,0.3149,0.2435,0.0243,1064.7824,1091.6708,79.1130,79.1131,1.8992,2.3740,159.9467,0.0000,0.0000,0.0000,167.4421,5.3683,2153.2154
07/12/2017 00:00:00,0.5028,0.5338,19.2706,0.0000,0.0000,0.0000,0.0000,0.0000,29.7393,0.0000,267.6548,39.7967,0.6866,0.3303,0.2449,0.0245,1076.0727,1102.3930,78.8586,78.8587,1.9024,2.3781,159.0193,0.0000,0.0000,0.0000,168.5020,5.4162,2175.5275
08/12/2017 00:00:00,0.4860,0.5324,18.3705,0.0000,0.0000,0.0000,0.0000,0.0000,30.3819,0.0000,266.3612,38.9166,0.6820,0.3456,0.2463,0.0246,1087.3630,1113.1153,78.6042,78.6043,1.9057,2.3821,158.0919,0.0000,0.0000,0.0000,169.5619,5.4641,2197.8396
09/12/2017 00:00:00,0.5102,0.5186,19.7700,0.0000,0.0000,0.0000,0.0000,0.0000,31.0244,0.0000,265.0675,38.0365,0.6774,0.3610,0.2477,0.0248,1098.6533,1123.8376,78.3498,78.3499,1.9089,2.3862,157.1645,0.0000,0.0000,0.0000,170.6218,5.5119,2220.1518
10/12/2017 00:00:00,0.5439,0.5017,20.9792,0.0000,0.0000,0.0000,0.0000,0.0000,31.6670,0.0000,263.7739,37.1564,0.6728,0.3763,0.2490,0.0249,1109.9435,1134.5599,78.0954,78.0955,1.9122,2.3902,156.2371,0.0000,0.0000,0.0000,171.6817,5.5598,2242.4639
11/12/2017 00:00:00,0.5591,0.4957,21.7118,0.0000,0.0000,0.0000,0.0000,0.0000,32.3096,0.0000,262.4802,36.2763,0.6682,0.3917,0.2504,0.0250,1121.2338,1145.2822,77.8411,77.8411,1.9154,2.3943,155.3096,0.0000,0.0000,0.0000,172.7416,5.6077,2264.7761
12/12/2017 00:00:00,0.5771,0.4906,22.6902,0.0000,0.0000,0.0000,0.0000,0.0000,32.9522,0.0000,261.1866,35.3962,0.6636,0.4071,0.2518,0.0252,1132.5241,1156.0045,77.5867,77.5867,1.9186,2.3983,154.3822,0.0000,0.0000,0.0000,173.8015,5.6555,2287.0882
13/12/2017 00:00:00,0.5396,0.4894,23.1105,0.0000,0.0000,0.0000,0.0000,0.0000,33.5947,0.0000,259.8929,34.5161,0.6590,0.4224,0.2532,0.0253,1143.8144,1166.7268,77.3323,77.3324,1.9219,2.4024,153.4548,0.0000,0.0000,0.0000,174.8613,5.7034,2309.4003
14/12/2017 00:00:00,0.4670,0.4794,22.4603,0.0000,0.0000,0.0000,0.0000,0.0000,34.2373,0.0000,258.5992,33.6360,0.6544,0.4378,0.2546,0.0255,1155.1047,1177.4491,77.0779,77.0780,1.9251,2.4064,152.5274,0.0000,0.0000,0.0000,175.9212,5.7513,2331.7125
15/12/2017 00:00:00,0.4902,0.4718,22.5639,0.0000,0.0000,0.0000,0.0000,0.0000,34.8799,0.0000,257.3056,32.7559,0.6498,0.4531,0.2560,0.0256,1166.3949,1188.1714,76.8235,76.8236,1.9284,2.4105,151.6000,0.0000,0.0000,0.0000,176.9811,5.7991,2354.0246
16/12/2017 00:00:00,0.4787,0.4632,22.8522,0.0000,0.0000,0.0000,0.0000,0.0000,35.5225,0.0000,256.0119,31.8758,0.6452,0.4685,0.2574,0.0257,1177.6852,1198.8937,76.5691,76.5692,1.9316,2.4145,150.6726,0.0000,0.0000,0.0000,178.0410,5.8470,2376.3367
17/12/2017 00:00:00,0.5199,0.4505,23.1369,0.0000,0.0000,0.0000,0.0000,0.0000,36.1650,0.0000,254.7183,30.9958,0.6406,0.4839,0.2588,0.0259,1188.9755,1209.6160,76.3147,76.3148,1.9348,2.4186,149.7452,0.0000,0.0000,0.0000,179.1009,5.8949,2398.6489
18/12/2017 00:00:00,0.5379,0.4413,23.1184,0.0000,0.0000,0.0000,0.0000,0.0000,36.8076,0.0000,253.4246,30.1157,0.6359,0.4992,0.2601,0.0260,1200.2658,1220.3383,76.0603,76.0604,1.9381,2.4226,148.8178,0.0000,0.0000,0.0000,180.1608,5.9427,2420.9610
19/12/2017 00:00:00,0.3983,0.4390,22.9860,0.0000,0.0000,0.0000,0.0000,0.0000,37.4502,0.0000,252.1310,29.2356,0.6313,0.5146,0.2615,0.0262,1211.5560,1231.0606,75.8060,75.8060,1.9413,2.4267,147.8904,0.0000,0.0000,0.0000,181.2206,5.9906,2443.2731
20/12/2017 00:00:00,0.2813,1.1167,22.0595,0.0000,0.0000,0.0000,0.0000,0.0000,38.0928,0.0000,250.8373,28.3555,0.6267,0.5299,0.2629,0.0263,1222.8463,1241.7828,75.5516,75.5516,1.9446,2.4307,146.9630,0.0000,0.0000,0.0000,182.2805,6.0385,2465.5853
21/12/2017 00:00:00,0.3784,1.7399,21.9855,0.0000,0.0000,0.0000,0.0000,0.0000,38.7353,0.0000,249.5436,27.4754,0.6221,0.5453,0.2643,0.0264,1234.1366,1252.5051,75.2972,75.2972,1.9478,2.4348,146.0356,0.0000,0.0000,0.0000,183.3404,6.0863,2487.8974
22/12/2017 00:00:00,0.4670,1.1924,22.6998,0.0000,0.0000,0.0000,0.0000,0.0000,39.3779,0.0000,248.2500,26.5953,0.6175,0.5607,0.2657,0.0266,1245.4269,1263.2274,75.0428,75.0428,1.9510,2.4388,145.1081,0.0000,0.0000,0.0000,184.4003,6.1342,2510.2096
23/12/2017 00:00:00,0.4712,0.8128,22.7364,0.0000,0.0000,0.0000,0.0000,0.0000,40.0205,0.0000,246.9563,25.7152,0.6129,0.5760,0.2671,0.0267,1256.7172,1273.9497,74.7884,74.7884,1.9543,2.4429,144.1807,0.0000,0.0000,0.0000,185.4602,6.1821,2532.5217
24/12/2017 00:00:00,0.4416,0.6537,21.1801,0.0000,0.0000,0.0000,0.0000,0.0000,40.6631,0.0000,245.6627,24.8351,0.6083,0.5914,0.2685,0.0268,1268.0074,1284.6720,74.5340,74.5341,1.9575,2.4469,143.2533,0.0000,0.0000,0.0000,186.5201,6.2300,2554.8338
25/12/2017 00:00:00,0.5337,0.5720,20.3163,0.0000,0.0000,0.0000,0.0000,0.0000,41.3057,0.0000,244.3690,23.9550,0.6037,0.6068,0.2699,0.0270,1279.2977,1295.3943,74.2796,74.2797,1.9608,2.4510,142.3259,0.0000,0.0000,0.0000,187.5800,6.2778,2577.1460
26/12/2017 00:00:00,0.5623,0.5230,21.4050,0.0000,0.0000,0.0000,0.0000,0.0000,41.9482,0.0000,243.0754,23.0749,0.5991,0.6221,0.2712,0.0271,1290.5880,1306.1166,74.0252,74.0253,1.9640,2.4550,141.3985,0.0000,0.0000,0.0000,188.6398,6.3257,2599.4581
27/12/2017 00:00:00,0.5468,0.4962,21.9440,0.0000,0.0000,0.0000,0.0000,0.0000,42.5908,0.0000,241.7817,22.1948,0.5945,0.6375,0.2726,0.0273,1301.8783,1316.8389,73.7708,73.7709,1.9672,2.4591,140.4711,0.0000,0.0000,0.0000,189.6997,6.3736,2621.7702
28/12/2017 00:00:00,0.5118,0.4834,21.9627,0.0000,0.0000,0.0000,0.0000,0.0000,43.2334,0.0000,240.4880,21.3147,0.5899,0.6528,0.2740,0.0274,1313.1685,1327.5612,73.5165,73.5165,1.9705,2.4631,139.5437,0.0000,0.0000,0.0000,190.7596,6.4214,2644.0824
29/12/2017 00:00:00,0.4963,0.4721,21.5037,0.0000,0.0000,0.0000,0.0000,0.0000,43.8760,0.0000,239.1944,20.4346,0.5853,0.6682,0.2754,0.0275,1324.4588,1338.2835,73.2621,73.2621,1.9737,2.4671,138.6163,0.0000,0.0000,0.0000,191.8195,6.4693,2666.3945
30/12/2017 00:00:00,0.4193,0.4636,21.1213,0.0000,0.0000,0.0000,0.0000,0.0000,44.5185,0.0000,237.9007,19.5545,0.5806,0.6836,0.2768,0.0277,1335.7491,1349.0058,73.0077,73.0077,1.9770,2.4712,137.6889,0.0000,0.0000,0.0000,192.8794,6.5172,2688.7066
31/12/2017 00:00:00,0.4560,0.4599,21.5678,0.0000,0.0000,0.0000,0.0000,0.0000,45.1611,0.0000,236.6071,18.6744,0.5760,0.6989,0.2782,0.0278,1347.0394,1359.7281,72.7533,72.7533,1.9802,2.4752,136.7615,0.0000,0.0000,0.0000,193.9393,6.5650,2711.0188
01/01/2018 00:00:00,0.2037,0.4511,21.9185,0.0000,0.0000,0.0000,0.0000,0.0000,45.8037,0.0000,235.3134,17.7943,0.5714,0.7143,0.2796,0.0280,1358.3297,1370.4504,72.4989,72.4989,1.9834,2.4793,135.8341,0.0000,0.0000,0.0000,194.9991,6.6129,2733.3309
02/01/2018 00:00:00,0.1939,0.4463,21.4779,0.0000,0.0000,0.0000,0.0000,0.0000,45.6752,0.0000,235.6147,18.0803,0.5645,0.7131,0.2773,0.0277,1357.5271,1359.8933,72.3008,72.3008,1.9635,2.4544,136.9884,0.0000,0.0000,0.0000,196.0360,6.6056,2723.9260
03/01/2018 00:00:00,0.2191,0.4461,21.2623,0.0000,0.0000,0.0000,0.0000,0.0000,45.5465,0.0000,235.9171,18.3673,0.5576,0.7120,0.2751,0.0275,1356.7207,1349.3207,72.1027,72.1027,1.9436,2.4295,138.1443,0.0000,0.0000,0.0000,197.0729,6.5983,2714.5176
04/01/2018 00:00:00,0.2354,0.4443,22.0599,0.0000,0.0000,0.0000,0.0000,0.0000,45.4179,0.0000,236.2196,18.6543,0.5507,0.7108,0.2728,0.0273,1355.9143,1338.7481,71.9047,71.9047,1.9237,2.4046,139.3002,0.0000,0.0000,0.0000,198.1098,6.5911,2705.1092
05/01/2018 00:00:00,0.2489,0.4425,23.3133,0.0000,0.0000,0.0000,0.0000,0.0000,45.2893,0.0000,236.5220,18.9413,0.5438,0.7097,0.2706,0.0271,1355.1078,1328.1755,71.7066,71.7066,1.9037,2.3797,140.4562,0.0000,0.0000,0.0000,199.1467,6.5838,2695.7009
06/01/2018 00:00:00,0.2173,0.4398,24.4261,0.0000,0.0000,0.0000,0.0000,0.0000,45.1607,0.0000,236.8244,19.2283,0.5369,0.7085,0.2683,0.0268,1354.3014,1317.6029,71.5085,71.5086,1.8838,2.3548,141.6121,0.0000,0.0000,0.0000,200.1835,6.5765,2686.2925
07/01/2018 00:00:00,0.2112,0.4418,23.4720,0.0000,0.0000,0.0000,0.0000,0.0000,45.0321,0.0000,237.1268,19.5153,0.5300,0.7074,0.2660,0.0266,1353.4949,1307.0303,71.3105,71.3105,1.8639,2.3299,142.7680,0.0000,0.0000,0.0000,201.2204,6.5692,2676.8841
08/01/2018 00:00:00,0.1110,0.4438,22.4272,0.0000,0.0000,0.0000,0.0000,0.0000,44.9035,0.0000,237.4292,19.8023,0.5230,0.7062,0.2638,0.0264,1352.6885,1296.4577,71.1124,71.1124,1.8440,2.3050,143.9240,0.0000,0.0000,0.0000,202.2573,6.5619,2667.4758
09/01/2018 00:00:00,0.0119,0.4450,21.7826,0.0000,0.0000,0.0000,0.0000,0.0000,44.7749,0.0000,237.7317,20.0893,0.5161,0.7051,0.2615,0.0262,1351.8821,1285.8851,70.9144,70.9144,1.8241,2.2801,145.0799,0.0000,0.0000,0.0000,203.2941,6.5546,2658.0674
10/01/2018 00:00:00,0.0135,0.4472,21.3108,0.0000,0.0000,0.0000,0.0000,0.0000,44.6463,0.0000,238.0341,20.3763,0.5092,0.7039,0.2593,0.0259,1351.0756,1275.3125,70.7163,70.7163,1.8041,2.2552,146.2359,0.0000,0.0000,0.0000,204.3310,6.5473,2648.6590
11/01/2018 00:00:00,0.0132,0.4514,22.4335,0.0000,0.0000,0.0000,0.0000,0.0000,44.5177,0.0000,238.3365,20.6633,0.5023,0.7028,0.2570,0.0257,1350.2692,1264.7400,70.5182,70.5183,1.7842,2.2303,147.3918,0.0000,0.0000,0.0000,205.3679,6.5401,2639.2507
12/01/2018 00:00:00,0.0119,0.4498,22.2787,0.0000,0.0000,0.0000,0.0000,0.0000,44.3890,0.0000,238.6389,20.9503,0.4954,0.7016,0.2548,0.0255,1349.4627,1254.1674,70.3202,70.3202,1.7643,2.2054,148.5477,0.0000,0.0000,0.0000,206.4048,6.5328,2629.8423
13/01/2018 00:00:00,0.0076,0.4555,20.4128,0.0000,0.0000,0.0000,0.0000,0.0000,44.2604,0.0000,238.9414,21.2373,0.4885,0.7005,0.2525,0.0253,1348.6563,1243.5948,70.1221,70.1222,1.7444,2.1805,149.7037,0.0000,0.0000,0.0000,207.4416,6.5255,2620.4339
14/01/2018 00:00:00,0.0113,0.4701,19.7160,0.0000,0.0000,0.0000,0.0000,0.0000,44.1318,0.0000,239.2438,21.5243,0.4816,0.6993,0.2503,0.0250,1347.8498,1233.0222,69.9241,69.9241,1.7244,2.1555,150.8596,0.0000,0.0000,0.0000,208.4785,6.5182,2611.0256
15/01/2018 00:00:00,0.0123,0.4724,20.3218,0.0000,0.0000,0.0000,0.0000,0.0000,44.0032,0.0000,239.5462,21.8113,0.4747,0.6982,0.2480,0.0248,1347.0434,1222.4496,69.7260,69.7260,1.7045,2.1306,152.0155,0.0000,0.0000,0.0000,209.5154,6.5109,2601.6172
16/01/2018 00:00:00,0.0128,0.4689,21.4043,0.0000,0.0000,0.0000,0.0000,0.0000,43.8746,0.0000,239.8486,22.0983,0.4677,0.6970,0.2458,0.0246,1346.2370,1211.8770,69.5279,69.5280,1.6846,2.1057,153.1715,0.0000,0.0000,0.0000,210.5523,6.5036,2592.2088
17/01/2018 00:00:00,0.0130,0.4639,22.8324,0.0000,0.0000,0.0000,0.0000,0.0000,43.7460,0.0000,240.1510,22.3853,0.4608,0.6959,0.2435,0.0243,1345.4305,1201.3044,69.3299,69.3299,1.6647,2.0808,154.3274,0.0000,0.0000,0.0000,211.5891,6.4964,2582.8005
18/01/2018 00:00:00,0.0126,0.4627,24.4600,0.0000,0.0000,0.0000,0.0000,0.0000,43.6174,0.0000,240.4535,22.6723,0.4539,0.6947,0.2412,0.0241,1344.6241,1190.7318,69.1318,69.1319,1.6447,2.0559,155.4833,0.0000,0.0000,0.0000,212.6260,6.4891,2573.3921
19/01/2018 00:00:00,0.0117,0.4598,25.5594,0.0000,0.0000,0.0000,0.0000,0.0000,43.4888,0.0000,240.7559,22.9593,0.4470,0.6935,0.2390,0.0239,1343.8176,1180.1592,68.9338,68.9338,1.6248,2.0310,156.6393,0.0000,0.0000,0.0000,213.6629,6.4818,2563.9837
20/01/2018 00:00:00,0.0113,0.4546,24.6273,0.0000,0.0000,0.0000,0.0000,0.0000,43.3602,0.0000,241.0583,23.2463,0.4401,0.6924,0.2367,0.0237,1343.0112,1169.5866,68.7357,68.7357,1.6049,2.0061,157.7952,0.0000,0.0000,0.0000,214.6997,6.4745,2554.5754
21/01/2018 00:00:00,0.0116,0.4513,24.2572,0.0000,0.0000,0.0000,0.0000,0.0000,43.2315,0.0000,241.3607,23.5332,0.4332,0.6912,0.2345,0.0234,1342.2047,1159.0140,68.5376,68.5377,1.5850,1.9812,158.9511,0.0000,0.0000,0.0000,215.7366,6.4672,2545.1670
22/01/2018 00:00:00,0.0106,0.4522,23.3796,0.0000,0.0000,0.0000,0.0000,0.0000,43.1029,0.0000,241.6631,23.8202,0.4263,0.6901,0.2322,0.0232,1341.3983,1148.4414,68.3396,68.3396,1.5651,1.9563,160.1071,0.0000,0.0000,0.0000,216.7735,6.4599,2535.7586
23/01/2018 00:00:00,0.0114,0.4558,22.2926,0.0000,0.0000,0.0000,0.0000,0.0000,42.9743,0.0000,241.9656,24.1072,0.4194,0.6889,0.2300,0.0230,1340.5919,1137.8688,68.1415,68.1416,1.5451,1.9314,161.2630,0.0000,0.0000,0.0000,217.8104,6.4527,2526.3503
24/01/2018 00:00:00,0.0111,0.4662,22.4370,0.0000,0.0000,0.0000,0.0000,0.0000,42.8457,0.0000,242.2680,24.3942,0.4124,0.6878,0.2277,0.0228,1339.7854,1127.2962,67.9434,67.9435,1.5252,1.9065,162.4189,0.0000,0.0000,0.0000,218.8472,6.4454,2516.9419
25/01/2018 00:00:00,0.0108,0.4684,22.9729,0.0000,0.0000,0.0000,0.0000,0.0000,42.7171,0.0000,242.5704,24.6812,0.4055,0.6866,0.2255,0.0225,1338.9790,1116.7237,67.7454,67.7454,1.5053,1.8816,163.5749,0.0000,0.0000,0.0000,219.8841,6.4381,2507.5335
26/01/2018 00:00:00,0.0113,0.4549,23.2521,0.0000,0.0000,0.0000,0.0000,0.0000,42.5885,0.0000,242.8728,24.9682,0.3986,0.6855,0.2232,0.0223,1338.1725,1106.1511,67.5473,67.5474,1.4854,1.8567,164.7308,0.0000,0.0000,0.0000,220.9210,6.4308,2498.1252
27/01/2018 00:00:00,0.0113,0.4602,23.9229,0.0000,0.0000,0.0000,0.0000,0.0000,42.4599,0.0000,243.1753,25.2552,0.3917,0.6843,0.2210,0.0221,1337.3661,1095.5785,67.3493,67.3493,1.4654,1.8318,165.8867,0.0000,0.0000,0.0000,221.9579,6.4235,2488.7168
28/01/2018 00:00:00,0.0105,0.4551,25.7666,0.0000,0.0000,0.0000,0.0000,0.0000,42.3313,0.0000,243.4777,25.5422,0.3848,0.6832,0.2187,0.0219,1336.5596,1085.0059,67.1512,67.1513,1.4455,1.8069,167.0427,0.0000,0.0000,0.0000,222.9947,6.4162,2479.3084
29/01/2018 00:00:00,0.0091,0.4517,24.0329,0.0000,0.0000,0.0000,0.0000,0.0000,42.2027,0.0000,243.7801,25.8292,0.3779,0.6820,0.2164,0.0216,1335.7532,1074.4333,66.9531,66.9532,1.4256,1.7820,168.1986,0.0000,0.0000,0.0000,224.0316,6.4090,2469.9001
30/01/2018 00:00:00,0.0098,0.4574,20.1419,0.0000,0.0000,0.0000,0.0000,0.0000,42.0740,0.0000,244.0825,26.1162,0.3710,0.6809,0.2142,0.0214,1334.9468,1063.8607,66.7551,66.7551,1.4057,1.7571,169.3546,0.0000,0.0000,0.0000,225.0685,6.4017,2460.4917
31/01/2018 00:00:00,0.0113,0.4594,17.8579,0.0000,0.0000,0.0000,0.0000,0.0000,41.9454,0.0000,244.3849,26.4032,0.3641,0.6797,0.2119,0.0212,1334.1403,1053.2881,66.5570,66.5571,1.3857,1.7322,170.5105,0.0000,0.0000,0.0000,226.1054,6.3944,2451.0833
01/02/2018 00:00:00,0.0000,0.4566,17.5472,0.0000,0.0000,0.0000,0.0000,0.0000,41.8168,0.0000,244.6874,26.6902,0.3571,0.6786,0.2097,0.0210,1333.3339,1042.7155,66.3590,66.3590,1.3658,1.7073,171.6664,0.0000,0.0000,0.0000,227.1422,6.3871,2441.6750
02/02/2018 00:00:00,0.0000,0.4542,18.7928,0.0000,0.0000,0.0000,0.0000,0.0000,41.6882,0.0000,245.0312,26.6269,0.3571,0.6709,0.2068,0.0207,1330.7568,1040.3109,66.6902,66.6900,1.3906,1.7382,171.4871,0.0000,0.0000,0.0000,226.5118,6.3703,2436.2847
03/02/2018 00:00:00,0.0000,0.4514,20.5403,0.0000,0.0000,0.0000,0.0000,0.0000,41.5596,0.0000,245.3751,26.5633,0.3571,0.6633,0.2039,0.0204,1328.1785,1037.9119,67.0217,67.0215,1.4154,1.7692,171.3076,0.0000,0.0000,0.0000,225.8804,6.3536,2430.8979
04/02/2018 00:00:00,0.0000,0.4497,22.3673,0.0000,0.0000,0.0000,0.0000,0.0000,41.4310,0.0000,245.7189,26.4998,0.3571,0.6556,0.2010,0.0201,1325.6003,1035.5129,67.3532,67.3530,1.4401,1.8002,171.1280,0.0000,0.0000,0.0000,225.2490,6.3368,2425.5111
05/02/2018 00:00:00,0.0000,0.4521,23.6384,0.0000,0.0000,0.0000,0.0000,0.0000,41.3024,0.0000,246.0628,26.4362,0.3571,0.6480,0.1982,0.0198,1323.0220,1033.1139,67.6846,67.6845,1.4649,1.8311,170.9485,0.0000,0.0000,0.0000,224.6176,6.3201,2420.1244
06/02/2018 00:00:00,0.0000,0.4510,23.8061,0.0000,0.0000,0.0000,0.0000,0.0000,41.1738,0.0000,246.4067,26.3727,0.3571,0.6403,0.1953,0.0195,1320.4437,1030.7149,68.0161,68.0160,1.4897,1.8621,170.7689,0.0000,0.0000,0.0000,223.9862,6.3033,2414.7376
07/02/2018 00:00:00,0.0000,0.4615,24.2350,0.0000,0.0000,0.0000,0.0000,0.0000,41.0452,0.0000,246.7505,26.3091,0.3571,0.6327,0.1924,0.0192,1317.8654,1028.3158,68.3476,68.3475,1.5144,1.8930,170.5894,0.0000,0.0000,0.0000,223.3548,6.2866,2409.3509
08/02/2018 00:00:00,0.0000,0.4660,24.7476,0.0000,0.0000,0.0000,0.0000,0.0000,40.9165,0.0000,247.0944,26.2456,0.3571,0.6250,0.1895,0.0190,1315.2872,1025.9168,68.6791,68.6790,1.5392,1.9240,170.4098,0.0000,0.0000,0.0000,222.7233,6.2698,2403.9641
09/02/2018 00:00:00,0.0000,0.4769,25.1678,0.0000,0.0000,0.0000,0.0000,0.0000,40.7879,0.0000,247.4383,26.1820,0.3571,0.6173,0.1866,0.0187,1312.7089,1023.5178,69.0106,69.0105,1.5640,1.9550,170.2302,0.0000,0.0000,0.0000,222.0919,6.2531,2398.5774
10/02/2018 00:00:00,0.0000,0.4592,25.0056,0.0000,0.0000,0.0000,0.0000,0.0000,40.6593,0.0000,247.7821,26.1185,0.3571,0.6097,0.1838,0.0184,1310.1306,1021.1188,69.3421,69.3420,1.5887,1.9859,170.0507,0.0000,0.0000,0.0000,221.4605,6.2363,2393.1906
11/02/2018 00:00:00,0.0000,0.3979,22.8030,0.0000,0.0000,0.0000,0.0000,0.0000,40.5307,0.0000,248.1260,26.0549,0.3571,0.6020,0.1809,0.0181,1307.5523,1018.7198,69.6736,69.6735,1.6135,2.0169,169.8711,0.0000,0.0000,0.0000,220.8291,6.2196,2387.8039
12/02/2018 00:00:00,0.0000,0.2780,21.6709,0.0000,0.0000,0.0000,0.0000,0.0000,40.4021,0.0000,248.4699,25.9914,0.3571,0.5944,0.1780,0.0178,1304.9740,1016.3207,70.0051,70.0050,1.6383,2.0478,169.6916,0.0000,0.0000,0.0000,220.1977,6.2028,2382.4171
13/02/2018 00:00:00,0.0000,0.4028,22.4380,0.0000,0.0000,0.0000,0.0000,0.0000,40.2735,0.0000,248.8137,25.9278,0.3571,0.5867,0.1751,0.0175,1302.3958,1013.9217,70.3366,70.3365,1.6630,2.0788,169.5120,0.0000,0.0000,0.0000,219.5663,6.1861,2377.0304
14/02/2018 00:00:00,0.0000,1.2725,22.2818,0.0000,0.0000,0.0000,0.0000,0.0000,40.1449,0.0000,249.1576,25.8643,0.3571,0.5791,0.1722,0.0172,1299.8175,1011.5227,70.6681,70.6680,1.6878,2.1098,169.3325,0.0000,0.0000,0.0000,218.9349,6.1693,2371.6436
15/02/2018 00:00:00,0.0000,1.0554,21.0061,0.0000,0.0000,0.0000,0.0000,0.0000,40.0163,0.0000,249.5015,25.8007,0.3571,0.5714,0.1694,0.0169,1297.2392,1009.1237,70.9996,70.9995,1.7126,2.1407,169.1529,0.0000,0.0000,0.0000,218.3035,6.1526,2366.2569
16/02/2018 00:00:00,0.0000,0.9358,21.1231,0.0000,0.0000,0.0000,0.0000,0.0000,39.8877,0.0000,249.8453,25.7372,0.3571,0.5638,0.1665,0.0166,1294.6609,1006.7247,71.3311,71.3310,1.7374,2.1717,168.9733,0.0000,0.0000,0.0000,217.6720,6.1358,2360.8701
17/02/2018 00:00:00,0.0000,0.8066,21.9460,0.0000,0.0000,0.0000,0.0000,0.0000,39.7590,0.0000,250.1892,25.6736,0.3571,0.5561,0.1636,0.0164,1292.0827,1004.3256,71.6626,71.6625,1.7621,2.2026,168.7938,0.0000,0.0000,0.0000,217.0406,6.1191,2355.4834
18/02/2018 00:00:00,0.0000,0.7140,21.6632,0.0000,0.0000,0.0000,0.0000,0.0000,39.6304,0.0000,250.5331,25.6101,0.3571,0.5485,0.1607,0.0161,1289.5044,1001.9266,71.9941,71.9940,1.7869,2.2336,168.6142,0.0000,0.0000,0.0000,216.4092,6.1023,2350.0966
19/02/2018 00:00:00,0.0000,0.6737,21.1811,0.0000,0.0000,0.0000,0.0000,0.0000,39.5018,0.0000,250.8769,25.5465,0.3571,0.5408,0.1578,0.0158,1286.9261,999.5276,72.3256,72.3255,1.8117,2.2646,168.4347,0.0000,0.0000,0.0000,215.7778,6.0856,2344.7099
20/02/2018 00:00:00,0.0000,0.6382,21.5948,0.0000,0.0000,0.0000,0.0000,0.0000,39.3732,0.0000,251.2208,25.4830,0.3571,0.5332,0.1550,0.0155,1284.3478,997.1286,72.6570,72.6570,1.8364,2.2955,168.2551,0.0000,0.0000,0.0000,215.1464,6.0688,2339.3231
21/02/2018 00:00:00,0.0000,0.6050,22.1652,0.0000,0.0000,0.0000,0.0000,0.0000,39.2446,0.0000,251.5646,25.4194,0.3571,0.5255,0.1521,0.0152,1281.7696,994.7296,72.9885,72.9885,1.8612,2.3265,168.0755,0.0000,0.0000,0.0000,214.5150,6.0520,2333.9364
22/02/2018 00:00:00,0.0000,0.5835,22.3103,0.0000,0.0000,0.0000,0.0000,0.0000,39.1160,0.0000,251.9085,25.3559,0.3571,0.5179,0.1492,0.0149,1279.1913,992.3305,73.3200,73.3200,1.8860,2.3575,167.8960,0.0000,0.0000,0.0000,213.8836,6.0353,2328.5496
23/02/2018 00:00:00,0.0000,0.5646,23.3889,0.0000,0.0000,0.0000,0.0000,0.0000,38.9874,0.0000,252.2524,25.2923,0.3571,0.5102,0.1463,0.0146,1276.6130,989.9315,73.6515,73.6515,1.9107,2.3884,167.7164,0.0000,0.0000,0.0000,213.2521,6.0185,2323.1629
24/02/2018 00:00:00,0.0000,0.5417,23.0809,0.0000,0.0000,0.0000,0.0000,0.0000,38.8588,0.0000,252.5962,25.2288,0.3571,0.5026,0.1434,0.0143,1274.0347,987.5325,73.9830,73.9830,1.9355,2.4194,167.5369,0.0000,0.0000,0.0000,212.6207,6.0018,2317.7761
25/02/2018 00:00:00,0.0000,0.5212,20.8185,0.0000,0.0000,0.0000,0.0000,0.0000,38.7302,0.0000,252.9401,25.1652,0.3571,0.4949,0.1406,0.0141,1271.4565,985.1335,74.3145,74.3145,1.9603,2.4503,167.3573,0.0000,0.0000,0.0000,211.9893,5.9850,2312.3894
26/02/2018 00:00:00,0.0000,0.5103,19.8737,0.0000,0.0000,0.0000,0.0000,0.0000,38.6015,0.0000,253.2840,25.1017,0.3571,0.4872,0.1377,0.0138,1268.8782,982.7345,74.6460,74.6460,1.9850,2.4813,167.1778,0.0000,0.0000,0.0000,211.3579,5.9683,2307.0026
27/02/2018 00:00:00,0.0000,0.5001,21.3342,0.0000,0.0000,0.0000,0.0000,0.0000,38.4729,0.0000,253.6278,25.0381,0.3571,0.4796,0.1348,0.0135,1266.2999,980.3354,74.9775,74.9775,2.0098,2.5123,166.9982,0.0000,0.0000,0.0000,210.7265,5.9515,2301.6159
28/02/2018 00:00:00,0.0000,0.7032,20.6462,0.0000,0.0000,0.0000,0.0000,0.0000,38.3443,0.0000,253.9717,24.9746,0.3571,0.4719,0.1319,0.0132,1263.7216,977.9364,75.3090,75.3090,2.0346,2.5432,166.8186,0.0000,0.0000,0.0000,210.0951,5.9348,2296.2291
01/03/2018 00:00:00,0.0000,0.8105,19.8062,0.0000,0.0000,0.0000,0.0000,0.0000,38.2157,0.0000,254.3156,24.9111,0.3571,0.4643,0.1290,0.0129,1261.1434,975.5374,75.6405,75.6405,2.0593,2.5742,166.6391,0.0000,0.0000,0.0000,209.4637,5.9180,2290.8424
02/03/2018 00:00:00,0.0000,0.5846,21.1619,0.0000,0.0000,0.0000,0.0000,0.0000,38.0871,0.0000,254.6594,25.4466,0.3571,0.4639,0.1308,0.0131,1258.5651,973.1384,75.2723,75.2723,2.0418,2.5523,166.4595,0.0000,0.0000,0.0000,208.8323,5.9013,2285.4556
03/03/2018 00:00:00,0.0000,0.5769,21.7055,0.0000,0.0000,0.0000,0.0000,0.0000,37.9585,0.0000,255.0033,25.9823,0.3571,0.4635,0.1325,0.0132,1255.9868,970.7394,74.9035,74.9035,2.0243,2.5304,166.2800,0.0000,0.0000,0.0000,208.2008,5.8845,2280.0688
04/03/2018 00:00:00,0.0000,0.5776,21.2262,0.0000,0.0000,0.0000,0.0000,0.0000,37.8299,0.0000,255.3472,26.5180,0.3571,0.4631,0.1342,0.0134,1253.4085,968.3403,74.5347,74.5348,2.0068,2.5085,166.1004,0.0000,0.0000,0.0000,207.5694,5.8678,2274.6821
05/03/2018 00:00:00,0.0000,0.5773,19.4632,0.0000,0.0000,0.0000,0.0000,0.0000,37.7013,0.0000,255.6910,27.0537,0.3571,0.4627,0.1360,0.0136,1250.8303,965.9413,74.1659,74.1660,1.9893,2.4866,165.9208,0.0000,0.0000,0.0000,206.9380,5.8510,2269.2953
06/03/2018 00:00:00,0.0000,0.5740,18.7012,0.0000,0.0000,0.0000,0.0000,0.0000,37.5727,0.0000,256.0349,27.5895,0.3571,0.4624,0.1377,0.0138,1248.2520,963.5423,73.7972,73.7972,1.9718,2.4647,165.7413,0.0000,0.0000,0.0000,206.3066,5.8343,2263.9086
07/03/2018 00:00:00,0.0000,0.5652,19.9575,0.0000,0.0000,0.0000,0.0000,0.0000,37.4440,0.0000,256.3788,28.1252,0.3571,0.4620,0.1394,0.0139,1245.6737,961.1433,73.4284,73.4284,1.9542,2.4428,165.5617,0.0000,0.0000,0.0000,205.6752,5.8175,2258.5218
08/03/2018 00:00:00,0.0000,0.5563,21.6944,0.0000,0.0000,0.0000,0.0000,0.0000,37.3154,0.0000,256.7226,28.6609,0.3571,0.4616,0.1412,0.0141,1243.0954,958.7443,73.0596,73.0596,1.9367,2.4209,165.3822,0.0000,0.0000,0.0000,205.0438,5.8008,2253.1351
09/03/2018 00:00:00,0.0000,0.5520,22.3720,0.0000,0.0000,0.0000,0.0000,0.0000,37.1868,0.0000,257.0665,29.1966,0.3571,0.4612,0.1429,0.0143,1240.5172,956.3452,72.6908,72.6908,1.9192,2.3990,165.2026,0.0000,0.0000,0.0000,204.4124,5.7840,2247.7483
10/03/2018 00:00:00,0.0000,0.5444,23.1539,0.0000,0.0000,0.0000,0.0000,0.0000,37.0582,0.0000,257.4104,29.7323,0.3571,0.4608,0.1446,0.0145,1237.9389,953.9462,72.3220,72.3220,1.9017,2.3771,165.0231,0.0000,0.0000,0.0000,203.7809,5.7672,2242.3616
11/03/2018 00:00:00,0.0000,0.5393,22.3624,0.0000,0.0000,0.0000,0.0000,0.0000,36.9296,0.0000,257.7542,30.2680,0.3571,0.4604,0.1464,0.0146,1235.3606,951.5472,71.9532,71.9532,1.8842,2.3552,164.8435,0.0000,0.0000,0.0000,203.1495,5.7505,2236.9748
12/03/2018 00:00:00,0.0000,0.5373,19.5702,0.0000,0.0000,0.0000,0.0000,0.0000,36.8010,0.0000,258.0981,30.8038,0.3571,0.4601,0.1481,0.0148,1232.7823,949.1482,71.5844,71.5844,1.8667,2.3333,164.6639,0.0000,0.0000,0.0000,202.5181,5.7337,2231.5881
13/03/2018 00:00:00,0.0000,0.5381,18.5710,0.0000,0.0000,0.0000,0.0000,0.0000,36.6724,0.0000,258.4419,31.3395,0.3571,0.4597,0.1498,0.0150,1230.2041,946.7492,71.2156,71.2157,1.8492,2.3114,164.4844,0.0000,0.0000,0.0000,201.8867,5.7170,2226.2013
14/03/2018 00:00:00,0.0000,0.5395,18.8655,0.0000,0.0000,0.0000,0.0000,0.0000,36.5438,0.0000,258.7858,31.8752,0.3571,0.4593,0.1516,0.0152,1227.6258,944.3501,70.8469,70.8469,1.8316,2.2895,164.3048,0.0000,0.0000,0.0000,201.2553,5.7002,2220.8146
15/03/2018 00:00:00,0.0000,0.5412,19.5583,0.0000,0.0000,0.0000,0.0000,0.0000,36.4152,0.0000,259.1297,32.4109,0.3571,0.4589,0.1533,0.0153,1225.0475,941.9511,70.4781,70.4781,1.8141,2.2677,164.1253,0.0000,0.0000,0.0000,200.6239,5.6835,2215.4278
16/03/2018 00:00:00,0.0000,0.5405,19.3077,0.0000,0.0000,0.0000,0.0000,0.0000,36.2865,0.0000,259.4735,32.9466,0.3571,0.4585,0.1550,0.0155,1222.4692,939.5521,70.1093,70.1093,1.7966,2.2458,163.9457,0.0000,0.0000,0.0000,199.9925,5.6667,2210.0411
17/03/2018 00:00:00,0.0000,0.5389,18.8415,0.0000,0.0000,0.0000,0.0000,0.0000,36.1579,0.0000,259.8174,33.4823,0.3571,0.4581,0.1568,0.0157,1219.8910,937.1531,69.7405,69.7405,1.7791,2.2239,163.7662,0.0000,0.0000,0.0000,199.3611,5.6500,2204.6543
18/03/2018 00:00:00,0.0000,7.8583,18.3527,0.0000,0.0000,0.0000,0.0000,0.0000,36.0293,0.0000,260.1613,34.0180,0.3571,0.4578,0.1585,0.0159,1217.3127,934.7541,69.3717,69.3717,1.7616,2.2020,163.5866,0.0000,0.0000,0.0000,198.7296,5.6332,2199.2676
19/03/2018 00:00:00,0.0000,9.8940,18.7444,0.0000,0.0000,0.0000,0.0000,0.0000,35.9007,0.0000,260.5051,34.5538,0.3571,0.4574,0.1602,0.0160,1214.7344,932.3551,69.0029,69.0029,1.7441,2.1801,163.4070,0.0000,0.0000,0.0000,198.0982,5.6165,2193.8808
20/03/2018 00:00:00,0.0000,6.1081,18.4071,0.0000,0.0000,0.0000,0.0000,0.0000,35.7721,0.0000,260.8490,35.0895,0.3571,0.4570,0.1620,0.0162,1212.1561,929.9560,68.6341,68.6341,1.7265,2.1582,163.2275,0.0000,0.0000,0.0000,197.4668,5.5997,2188.4941
21/03/2018 00:00:00,0.0000,2.0881,16.6737,0.0000,0.0000,0.0000,0.0000,0.0000,35.6435,0.0000,261.1929,35.6252,0.3571,0.4566,0.1637,0.0164,1209.5779,927.5570,68.2653,68.2653,1.7090,2.1363,163.0479,0.0000,0.0000,0.0000,196.8354,5.5830,2183.1073
22/03/2018 00:00:00,0.0000,1.5819,18.5367,0.0000,0.0000,0.0000,0.0000,0.0000,35.5149,0.0000,261.5367,36.1609,0.3571,0.4562,0.1655,0.0165,1206.9996,925.1580,67.8965,67.8966,1.6915,2.1144,162.8684,0.0000,0.0000,0.0000,196.2040,5.5662,2177.7206
23/03/2018 00:00:00,0.0000,1.1755,20.3868,0.0000,0.0000,0.0000,0.0000,0.0000,35.3863,0.0000,261.8806,36.6966,0.3571,0.4558,0.1672,0.0167,1204.4213,922.7590,67.5278,67.5278,1.6740,2.0925,162.6888,0.0000,0.0000,0.0000,195.5726,5.5495,2172.3338
24/03/2018 00:00:00,0.0000,0.9926,21.6474,0.0000,0.0000,0.0000,0.0000,0.0000,35.2577,0.0000,262.2245,37.2323,0.3571,0.4555,0.1689,0.0169,1201.8430,920.3600,67.1590,67.1590,1.6565,2.0706,162.5092,0.0000,0.0000,0.0000,194.9412,5.5327,2166.9471
25/03/2018 00:00:00,0.0000,3.8403,19.8144,0.0000,0.0000,0.0000,0.0000,0.0000,35.1290,0.0000,262.5683,37.7681,0.3571,0.4551,0.1707,0.0171,1199.2648,917.9609,66.7902,66.7902,1.6390,2.0487,162.3297,0.0000,0.0000,0.0000,194.3098,5.5160,2161.5603
26/03/2018 00:00:00,0.0000,12.2368,16.8584,0.0000,0.0000,0.0000,0.0000,0.0000,35.0004,0.0000,262.9122,38.3038,0.3571,0.4547,0.1724,0.0172,1196.6865,915.5619,66.4214,66.4214,1.6215,2.0268,162.1501,0.0000,0.0000,0.0000,193.6783,5.4992,2156.1736
27/03/2018 00:00:00,0.0000,3.5291,16.7370,0.0000,0.0000,0.0000,0.0000,0.0000,34.8718,0.0000,263.2561,38.8395,0.3571,0.4543,0.1741,0.0174,1194.1082,913.1629,66.0526,66.0526,1.6039,2.0049,161.9706,0.0000,0.0000,0.0000,193.0469,5.4825,2150.7868
28/03/2018 00:00:00,0.0000,1.9228,17.7638,0.0000,0.0000,0.0000,0.0000,0.0000,34.7432,0.0000,263.5999,39.3752,0.3571,0.4539,0.1759,0.0176,1191.5299,910.7639,65.6838,65.6838,1.5864,1.9830,161.7910,0.0000,0.0000,0.0000,192.4155,5.4657,2145.4001
29/03/2018 00:00:00,0.0000,1.9272,18.9157,0.0000,0.0000,0.0000,0.0000,0.0000,34.6146,0.0000,263.9438,39.9109,0.3571,0.4535,0.1776,0.0178,1188.9517,908.3649,65.3150,65.3150,1.5689,1.9611,161.6115,0.0000,0.0000,0.0000,191.7841,5.4489,2140.0133
30/03/2018 00:00:00,0.0000,3.6055,19.6760,0.0000,0.0000,0.0000,0.0000,0.0000,34.4860,0.0000,264.2876,40.4466,0.3571,0.4531,0.1793,0.0179,1186.3734,905.9658,64.9462,64.9462,1.5514,1.9392,161.4319,0.0000,0.0000,0.0000,191.1527,5.4322,2134.6265
31/03/2018 00:00:00,0.0000,2.2345,19.8445,0.0000,0.0000,0.0000,0.0000,0.0000,34.3574,0.0000,264.6315,40.9824,0.3571,0.4528,0.1811,0.0181,1183.7951,903.5668,64.5774,64.5775,1.5339,1.9173,161.2523,0.0000,0.0000,0.0000,190.5213,5.4154,2129.2398
01/04/2018 00:00:00,0.0000,1.8746,19.8359,0.0000,0.0000,0.0000,0.0000,0.0000,34.2288,0.0000,264.9754,41.5181,0.3571,0.4524,0.1828,0.0183,1181.2168,901.1678,64.2087,64.2087,1.5164,1.8954,161.0728,0.0000,0.0000,0.0000,189.8899,5.3987,2123.8530
02/04/2018 00:00:00,0.0000,2.7622,19.1109,0.0000,0.0000,0.0000,0.0000,0.0000,34.1002,0.0000,265.3192,44.4625,0.3571,0.5396,0.2003,0.0200,1178.6386,898.7688,64.1542,64.1542,1.5199,1.8999,160.8932,0.0000,0.0000,0.0000,189.2584,5.3819,2118.4663
03/04/2018 00:00:00,0.0000,1.7632,18.6945,0.0000,0.0000,0.0000,0.0000,0.0000,33.9715,0.0000,265.6631,47.4083,0.3571,0.6270,0.2179,0.0218,1176.0603,896.3698,64.1001,64.1001,1.5235,1.9044,160.7137,0.0000,0.0000,0.0000,188.6270,5.3652,2113.0795
04/04/2018 00:00:00,0.0000,1.4480,18.9955,0.0000,0.0000,0.0000,0.0000,0.0000,33.8429,0.0000,266.0070,50.3541,0.3571,0.7143,0.2355,0.0235,1173.4820,893.9707,64.0460,64.0459,1.5270,1.9088,160.5341,0.0000,0.0000,0.0000,187.9956,5.3484,2107.6928
05/04/2018 00:00:00,0.0000,1.1218,19.1153,0.0000,0.0000,0.0000,0.0000,0.0000,33.7143,0.0000,266.3508,53.2999,0.3571,0.8016,0.2530,0.0253,1170.9037,891.5717,63.9918,63.9918,1.5306,1.9133,160.3545,0.0000,0.0000,0.0000,187.3642,5.3317,2102.3060
06/04/2018 00:00:00,0.0000,1.0187,19.1758,0.0000,0.0000,0.0000,0.0000,0.0000,33.5857,0.0000,266.6947,56.2457,0.3571,0.8889,0.2706,0.0271,1168.3254,889.1727,63.9377,63.9377,1.5342,1.9177,160.1750,0.0000,0.0000,0.0000,186.7328,5.3149,2096.9193
07/04/2018 00:00:00,0.0000,0.9549,19.5199,0.0000,0.0000,0.0000,0.0000,0.0000,33.4571,0.0000,267.0386,59.1916,0.3571,0.9762,0.2882,0.0288,1165.7472,886.7737,63.8835,63.8835,1.5377,1.9222,159.9954,0.0000,0.0000,0.0000,186.1014,5.2982,2091.5325
08/04/2018 00:00:00,0.0000,0.8828,19.9295,0.0000,0.0000,0.0000,0.0000,0.0000,33.3285,0.0000,267.3824,62.1374,0.3571,1.0635,0.3057,0.0306,1163.1689,884.3747,63.8294,63.8294,1.5413,1.9266,159.8159,0.0000,0.0000,0.0000,185.4700,5.2814,2086.1458
09/04/2018 00:00:00,0.0000,0.8393,20.8888,0.0000,0.0000,0.0000,0.0000,0.0000,33.1999,0.0000,267.7263,65.0832,0.3571,1.1508,0.3233,0.0323,1160.5906,881.9756,63.7753,63.7752,1.5449,1.9311,159.6363,0.0000,0.0000,0.0000,184.8386,5.2647,2080.7590
10/04/2018 00:00:00,0.0000,0.8154,21.3430,0.0000,0.0000,0.0000,0.0000,0.0000,33.0713,0.0000,268.0702,68.0290,0.3571,1.2381,0.3409,0.0341,1158.0123,879.5766,63.7211,63.7211,1.5484,1.9355,159.4568,0.0000,0.0000,0.0000,184.2071,5.2479,2075.3723
11/04/2018 00:00:00,0.0000,0.7875,21.3348,0.0000,0.0000,0.0000,0.0000,0.0000,32.9427,0.0000,268.4140,70.9748,0.3571,1.3254,0.3584,0.0358,1155.4341,877.1776,63.6670,63.6670,1.5520,1.9400,159.2772,0.0000,0.0000,0.0000,183.5757,5.2312,2069.9855
12/04/2018 00:00:00,0.0000,2.6785,20.6139,0.0000,0.0000,0.0000,0.0000,0.0000,32.8140,0.0000,268.7579,73.9206,0.3571,1.4127,0.3760,0.0376,1152.8558,874.7786,63.6128,63.6128,1.5555,1.9444,159.0976,0.0000,0.0000,0.0000,182.9443,5.2144,2064.5988
13/04/2018 00:00:00,0.0000,4.5706,19.3047,0.0000,0.0000,0.0000,0.0000,0.0000,32.6854,0.0000,269.1018,76.8664,0.3571,1.5000,0.3935,0.0394,1150.2775,872.3796,63.5587,63.5587,1.5591,1.9489,158.9181,0.0000,0.0000,0.0000,182.3129,5.1977,2059.2120
14/04/2018 00:00:00,0.0000,9.0664,16.5076,0.0000,0.0000,0.0000,0.0000,0.0000,32.5568,0.0000,269.4456,79.8123,0.3571,1.5873,0.4111,0.0411,1147.6992,869.9805,63.5046,63.5045,1.5627,1.9533,158.7385,0.0000,0.0000,0.0000,181.6815,5.1809,2053.8253
15/04/2018 00:00:00,0.0000,13.9453,16.3452,0.0000,0.0000,0.0000,0.0000,0.0000,32.4282,0.0000,269.7895,82.7581,0.3571,1.6746,0.4287,0.0429,1145.1210,867.5815,63.4504,63.4504,1.5662,1.9578,158.5590,0.0000,0.0000,0.0000,181.0501,5.1641,2048.4385
16/04/2018 00:00:00,0.0000,17.6994,17.2976,0.0000,0.0000,0.0000,0.0000,0.0000,32.2996,0.0000,270.1334,85.7039,0.3571,1.7619,0.4462,0.0446,1142.5427,865.1825,63.3963,63.3963,1.5698,1.9622,158.3794,0.0000,0.0000,0.0000,180.4187,5.1474,2043.0518
17/04/2018 00:00:00,0.0000,9.8880,17.3895,0.0000,0.0000,0.0000,0.0000,0.0000,32.1710,0.0000,270.4772,88.6497,0.3571,1.8492,0.4638,0.0464,1139.9644,862.7835,63.3421,63.3421,1.5734,1.9667,158.1999,0.0000,0.0000,0.0000,179.7872,5.1306,2037.6650
18/04/2018 00:00:00,0.0000,3.2381,17.1451,0.0000,0.0000,0.0000,0.0000,0.0000,32.0424,0.0000,270.8211,91.5955,0.3571,1.9365,0.4814,0.0481,1137.3861,860.3845,63.2880,63.2880,1.5769,1.9711,158.0203,0.0000,0.0000,0.0000,179.1558,5.1139,2032.2783
19/04/2018 00:00:00,0.0000,2.7193,17.5755,0.0000,0.0000,0.0000,0.0000,0.0000,31.9138,0.0000,271.1649,94.5413,0.3571,2.0238,0.4989,0.0499,1134.8079,857.9854,63.2339,63.2338,1.5805,1.9756,157.8407,0.0000,0.0000,0.0000,178.5244,5.0971,2026.8915
20/04/2018 00:00:00,0.0000,2.5518,18.3114,0.0000,0.0000,0.0000,0.0000,0.0000,31.7852,0.0000,271.5088,97.4872,0.3571,2.1111,0.5165,0.0516,1132.2296,855.5864,63.1797,63.1797,1.5840,1.9800,157.6612,0.0000,0.0000,0.0000,177.8930,5.0804,2021.5048
21/04/2018 00:00:00,0.0000,3.1112,19.3601,0.0000,0.0000,0.0000,0.0000,0.0000,31.6565,0.0000,271.8527,100.4330,0.3571,2.1984,0.5340,0.0534,1129.6513,853.1874,63.1256,63.1256,1.5876,1.9845,157.4816,0.0000,0.0000,0.0000,177.2616,5.0636,2016.1180
22/04/2018 00:00:00,0.0000,2.3089,20.1613,0.0000,0.0000,0.0000,0.0000,0.0000,31.5279,0.0000,272.1965,103.3788,0.3571,2.2857,0.5516,0.0552,1127.0730,850.7884,63.0714,63.0714,1.5912,1.9890,157.3021,0.0000,0.0000,0.0000,176.6302,5.0469,2010.7313
23/04/2018 00:00:00,0.0000,1.9118,19.9796,0.0000,0.0000,0.0000,0.0000,0.0000,31.3993,0.0000,272.5404,106.3246,0.3571,2.3730,0.5692,0.0569,1124.4948,848.3894,63.0173,63.0173,1.5947,1.9934,157.1225,0.0000,0.0000,0.0000,175.9988,5.0301,2005.3445
24/04/2018 00:00:00,0.0000,2.0057,19.9340,0.0000,0.0000,0.0000,0.0000,0.0000,31.2707,0.0000,272.8843,109.2704,0.3571,2.4603,0.5867,0.0587,1121.9165,845.9903,62.9632,62.9631,1.5983,1.9979,156.9429,0.0000,0.0000,0.0000,175.3674,5.0134,1999.9578
25/04/2018 00:00:00,0.0000,2.0427,19.3394,0.0000,0.0000,0.0000,0.0000,0.0000,31.1421,0.0000,273.2281,112.2162,0.3571,2.5476,0.6043,0.0604,1119.3382,843.5913,62.9090,62.9090,1.6018,2.0023,156.7634,0.0000,0.0000,0.0000,174.7359,4.9966,1994.5710
26/04/2018 00:00:00,0.0000,2.1214,18.4928,0.0000,0.0000,0.0000,0.0000,0.0000,31.0135,0.0000,273.5720,115.1620,0.3571,2.6349,0.6219,0.0622,1116.7599,841.1923,62.8549,62.8549,1.6054,2.0068,156.5838,0.0000,0.0000,0.0000,174.1045,4.9799,1989.1842
27/04/2018 00:00:00,0.0000,2.1478,17.7055,0.0000,0.0000,0.0000,0.0000,0.0000,30.8849,0.0000,273.9159,118.1079,0.3571,2.7222,0.6394,0.0639,1114.1817,838.7933,62.8008,62.8007,1.6090,2.0112,156.4043,0.0000,0.0000,0.0000,173.4731,4.9631,1983.7975
28/04/2018 00:00:00,0.0000,2.0823,17.3933,0.0000,0.0000,0.0000,0.0000,0.0000,30.7563,0.0000,274.2597,121.0537,0.3571,2.8095,0.6570,0.0657,1111.6034,836.3943,62.7466,62.7466,1.6125,2.0157,156.2247,0.0000,0.0000,0.0000,172.8417,4.9464,1978.4107
29/04/2018 00:00:00,0.0000,2.0451,17.1140,0.0000,0.0000,0.0000,0.0000,0.0000,30.6277,0.0000,274.6036,123.9995,0.3571,2.8968,0.6745,0.0675,1109.0251,833.9952,62.6925,62.6924,1.6161,2.0201,156.0452,0.0000,0.0000,0.0000,172.2103,4.9296,1973.0240
30/04/2018 00:00:00,0.0000,2.0064,17.1690,0.0000,0.0000,0.0000,0.0000,0.0000,30.4991,0.0000,274.9475,126.9453,0.3571,2.9841,0.6921,0.0692,1106.4468,831.5962,62.6383,62.6383,1.6197,2.0246,155.8656,0.0000,0.0000,0.0000,171.5789,4.9129,1967.6372
01/05/2018 00:00:00,0.0000,1.9543,16.7781,0.0000,0.0000,0.0000,0.0000,0.0000,30.3704,0.0000,275.2913,129.8911,0.3571,3.0714,0.7097,0.0710,1103.8686,829.1972,62.5842,62.5842,1.6232,2.0290,155.6860,0.0000,0.0000,0.0000,170.9475,4.8961,1962.2505
02/05/2018 00:00:00,0.0000,1.9034,16.4445,0.0000,0.0000,0.0000,0.0000,0.0000,30.2418,0.0000,275.6352,128.1152,0.3571,2.9885,0.6977,0.0698,1101.2903,826.7982,62.9339,62.9341,1.6282,2.0353,155.5065,0.0000,0.0000,0.0000,170.3160,4.8794,1956.8637
03/05/2018 00:00:00,0.0000,4.8526,16.2820,0.0000,0.0000,0.0000,0.0000,0.0000,30.1132,0.0000,275.9791,126.3358,0.3571,2.9056,0.6857,0.0686,1098.7120,824.3992,63.2840,63.2842,1.6332,2.0415,155.3269,0.0000,0.0000,0.0000,169.6846,4.8626,1951.4770
04/05/2018 00:00:00,0.0000,14.6208,15.1386,0.0000,0.0000,0.0000,0.0000,0.0000,29.9846,0.0000,276.3229,124.5565,0.3571,2.8226,0.6738,0.0674,1096.1337,822.0001,63.6342,63.6344,1.6382,2.0477,155.1474,0.0000,0.0000,0.0000,169.0532,4.8458,1946.0902
05/05/2018 00:00:00,0.0000,7.7076,15.1081,0.0000,0.0000,0.0000,0.0000,0.0000,29.8560,0.0000,276.6668,122.7771,0.3571,2.7397,0.6618,0.0662,1093.5555,819.6011,63.9843,63.9845,1.6432,2.0540,154.9678,0.0000,0.0000,0.0000,168.4218,4.8291,1940.7035
06/05/2018 00:00:00,0.0000,2.7377,15.4430,0.0000,0.0000,0.0000,0.0000,0.0000,29.7274,0.0000,277.0106,120.9977,0.3571,2.6567,0.6498,0.0650,1090.9772,817.2021,64.3344,64.3346,1.6482,2.0602,154.7882,0.0000,0.0000,0.0000,167.7904,4.8123,1935.3167
07/05/2018 00:00:00,0.0000,2.8691,14.7528,0.0000,0.0000,0.0000,0.0000,0.0000,29.5988,0.0000,277.3545,119.2184,0.3571,2.5738,0.6379,0.0638,1088.3989,814.8031,64.6845,64.6847,1.6531,2.0664,154.6087,0.0000,0.0000,0.0000,167.1590,4.7956,1929.9300
08/05/2018 00:00:00,0.0000,2.7594,14.5440,0.0000,0.0000,0.0000,0.0000,0.0000,29.4702,0.0000,277.6984,117.4390,0.3571,2.4908,0.6259,0.0626,1085.8206,812.4041,65.0346,65.0348,1.6581,2.0727,154.4291,0.0000,0.0000,0.0000,166.5276,4.7788,1924.5432
09/05/2018 00:00:00,0.0000,2.3751,14.3766,0.0000,0.0000,0.0000,0.0000,0.0000,29.3416,0.0000,278.0422,115.6597,0.3571,2.4079,0.6139,0.0614,1083.2424,810.0050,65.3847,65.3849,1.6631,2.0789,154.2496,0.0000,0.0000,0.0000,165.8962,4.7621,1919.1565
10/05/2018 00:00:00,0.0000,10.0364,12.7834,0.0000,0.0000,0.0000,0.0000,0.0000,29.2129,0.0000,278.3861,113.8803,0.3571,2.3249,0.6020,0.0602,1080.6641,807.6060,65.7348,65.7350,1.6681,2.0851,154.0700,0.0000,0.0000,0.0000,165.2647,4.7453,1913.7697
11/05/2018 00:00:00,0.0000,19.2513,11.8741,0.0000,0.0000,0.0000,0.0000,0.0000,29.0843,0.0000,278.7300,112.1010,0.3571,2.2420,0.5900,0.0590,1078.0858,805.2070,66.0849,66.0851,1.6731,2.0914,153.8905,0.0000,0.0000,0.0000,164.6333,4.7286,1908.3830
12/05/2018 00:00:00,0.0000,15.7973,12.3583,0.0000,0.0000,0.0000,0.0000,0.0000,28.9557,0.0000,279.0738,110.3216,0.3571,2.1590,0.5780,0.0578,1075.5075,802.8080,66.4350,66.4352,1.6781,2.0976,153.7109,0.0000,0.0000,0.0000,164.0019,4.7118,1902.9962
13/05/2018 00:00:00,0.0000,7.6225,12.9535,0.0000,0.0000,0.0000,0.0000,0.0000,28.8271,0.0000,279.4177,108.5423,0.3571,2.0761,0.5661,0.0566,1072.9293,800.4090,66.7851,66.7853,1.6831,2.1038,153.5313,0.0000,0.0000,0.0000,163.3705,4.6951,1897.6095
14/05/2018 00:00:00,0.0000,3.7748,13.3614,0.0000,0.0000,0.0000,0.0000,0.0000,28.6985,0.0000,279.7616,106.7629,0.3571,1.9931,0.5541,0.0554,1070.3510,798.0099,67.1352,67.1354,1.6881,2.1101,153.3518,0.0000,0.0000,0.0000,162.7391,4.6783,1892.2227
15/05/2018 00:00:00,0.0000,3.2532,13.7107,0.0000,0.0000,0.0000,0.0000,0.0000,28.5699,0.0000,280.1054,104.9835,0.3571,1.9102,0.5421,0.0542,1067.7727,795.6109,67.4854,67.4855,1.6931,2.1163,153.1722,0.0000,0.0000,0.0000,162.1077,4.6616,1886.8360
16/05/2018 00:00:00,0.0000,2.9618,13.1577,0.0000,0.0000,0.0000,0.0000,0.0000,28.4413,0.0000,280.4493,103.2042,0.3571,1.8272,0.5302,0.0530,1065.1944,793.2119,67.8355,67.8356,1.6980,2.1226,152.9927,0.0000,0.0000,0.0000,161.4763,4.6448,1881.4492
17/05/2018 00:00:00,0.0000,2.7835,13.1158,0.0000,0.0000,0.0000,0.0000,0.0000,28.3127,0.0000,280.7932,101.4248,0.3571,1.7443,0.5182,0.0518,1062.6162,790.8129,68.1856,68.1857,1.7030,2.1288,152.8131,0.0000,0.0000,0.0000,160.8448,4.6281,1876.0625
18/05/2018 00:00:00,0.0000,3.7753,13.4381,0.0000,0.0000,0.0000,0.0000,0.0000,28.1841,0.0000,281.1370,99.6455,0.3571,1.6613,0.5062,0.0506,1060.0379,788.4139,68.5357,68.5358,1.7080,2.1350,152.6336,0.0000,0.0000,0.0000,160.2134,4.6113,1870.6757
19/05/2018 00:00:00,0.0000,3.5295,13.9009,0.0000,0.0000,0.0000,0.0000,0.0000,28.0554,0.0000,281.4809,97.8661,0.3571,1.5784,0.4943,0.0494,1057.4596,786.0149,68.8858,68.8860,1.7130,2.1413,152.4540,0.0000,0.0000,0.0000,159.5820,4.5946,1865.2890
20/05/2018 00:00:00,0.0000,2.7407,13.8654,0.0000,0.0000,0.0000,0.0000,0.0000,27.9268,0.0000,281.8248,96.0868,0.3571,1.4954,0.4823,0.0482,1054.8813,783.6158,69.2359,69.2361,1.7180,2.1475,152.2744,0.0000,0.0000,0.0000,158.9506,4.5778,1859.9022
21/05/2018 00:00:00,0.0000,3.6708,13.8157,0.0000,0.0000,0.0000,0.0000,0.0000,27.7982,0.0000,282.1686,94.3074,0.3571,1.4125,0.4703,0.0470,1052.3031,781.2168,69.5860,69.5862,1.7230,2.1537,152.0949,0.0000,0.0000,0.0000,158.3192,4.5610,1854.5155
22/05/2018 00:00:00,0.0000,3.1679,13.8209,0.0000,0.0000,0.0000,0.0000,0.0000,27.6696,0.0000,282.5125,92.5280,0.3571,1.3295,0.4584,0.0458,1049.7248,778.8178,69.9361,69.9363,1.7280,2.1600,151.9153,0.0000,0.0000,0.0000,157.6878,4.5443,1849.1287
23/05/2018 00:00:00,0.0000,3.0479,13.8990,0.0000,0.0000,0.0000,0.0000,0.0000,27.5410,0.0000,282.8564,90.7487,0.3571,1.2466,0.4464,0.0446,1047.1465,776.4188,70.2862,70.2864,1.7330,2.1662,151.7358,0.0000,0.0000,0.0000,157.0564,4.5275,1843.7419
24/05/2018 00:00:00,0.0000,2.8492,14.0526,0.0000,0.0000,0.0000,0.0000,0.0000,27.4124,0.0000,283.2002,88.9693,0.3571,1.1636,0.4344,0.0434,1044.5682,774.0198,70.6363,70.6365,1.7379,2.1724,151.5562,0.0000,0.0000,0.0000,156.4250,4.5108,1838.3552
25/05/2018 00:00:00,0.0000,2.5315,13.5264,0.0000,0.0000,0.0000,0.0000,0.0000,27.2838,0.0000,283.5441,87.1900,0.3571,1.0807,0.4225,0.0422,1041.9900,771.6207,70.9864,70.9866,1.7429,2.1787,151.3766,0.0000,0.0000,0.0000,155.7935,4.4940,1832.9684
26/05/2018 00:00:00,0.0000,2.2991,13.0015,0.0000,0.0000,0.0000,0.0000,0.0000,27.1552,0.0000,283.8879,85.4106,0.3571,0.9977,0.4105,0.0411,1039.4117,769.2217,71.3366,71.3367,1.7479,2.1849,151.1971,0.0000,0.0000,0.0000,155.1621,4.4773,1827.5817
27/05/2018 00:00:00,0.0000,2.1595,13.0080,0.0000,0.0000,0.0000,0.0000,0.0000,27.0266,0.0000,284.2318,83.6313,0.3571,0.9148,0.3985,0.0399,1036.8334,766.8227,71.6867,71.6868,1.7529,2.1911,151.0175,0.0000,0.0000,0.0000,154.5307,4.4605,1822.1949
28/05/2018 00:00:00,0.0000,3.1387,13.7054,0.0000,0.0000,0.0000,0.0000,0.0000,26.8979,0.0000,284.5757,81.8519,0.3571,0.8318,0.3866,0.0387,1034.2551,764.4237,72.0368,72.0369,1.7579,2.1974,150.8380,0.0000,0.0000,0.0000,153.8993,4.4438,1816.8082
29/05/2018 00:00:00,0.0000,9.5867,13.1685,0.0000,0.0000,0.0000,0.0000,0.0000,26.7693,0.0000,284.9195,80.0726,0.3571,0.7489,0.3746,0.0375,1031.6768,762.0247,72.3869,72.3870,1.7629,2.2036,150.6584,0.0000,0.0000,0.0000,153.2679,4.4270,1811.4214
30/05/2018 00:00:00,0.0000,11.6571,12.1572,0.0000,0.0000,0.0000,0.0000,0.0000,26.6407,0.0000,285.2634,78.2932,0.3571,0.6659,0.3626,0.0363,1029.0986,759.6256,72.7370,72.7371,1.7679,2.2098,150.4789,0.0000,0.0000,0.0000,152.6365,4.4103,1806.0347
31/05/2018 00:00:00,0.0000,5.9877,12.8178,0.0000,0.0000,0.0000,0.0000,0.0000,26.5121,0.0000,285.6073,76.5138,0.3571,0.5830,0.3507,0.0351,1026.5203,757.2266,73.0871,73.0872,1.7729,2.2161,150.2993,0.0000,0.0000,0.0000,152.0051,4.3935,1800.6479
01/06/2018 00:00:00,0.0000,2.4261,12.2105,0.0000,0.0000,0.0000,0.0000,0.0000,26.3835,0.0000,285.9511,74.7345,0.3571,0.5000,0.3387,0.0339,1023.9420,754.8276,73.4372,73.4373,1.7778,2.2223,150.1197,0.0000,0.0000,0.0000,151.3736,4.3768,1795.2612
02/06/2018 00:00:00,0.0000,2.0842,11.6711,0.0000,0.0000,0.0000,0.0000,0.0000,26.2549,0.0000,286.2950,73.7256,0.3571,0.5214,0.3414,0.0341,1021.3637,752.4286,72.8158,72.8156,1.7831,2.2289,149.9402,0.0000,0.0000,0.0000,150.7422,4.3600,1789.8744
03/06/2018 00:00:00,0.0000,2.0089,11.9853,0.0000,0.0000,0.0000,0.0000,0.0000,26.1263,0.0000,286.6389,72.7172,0.3571,0.5429,0.3441,0.0344,1018.7855,750.0296,72.1935,72.1933,1.7884,2.2355,149.7606,0.0000,0.0000,0.0000,150.1108,4.3433,1784.4877
04/06/2018 00:00:00,0.0000,2.0099,12.9959,0.0000,0.0000,0.0000,0.0000,0.0000,25.9977,0.0000,286.9827,71.7089,0.3571,0.5643,0.3468,0.0347,1016.2072,747.6305,71.5712,71.5710,1.7937,2.2421,149.5811,0.0000,0.0000,0.0000,149.4794,4.3265,1779.1009
05/06/2018 00:00:00,0.0000,2.0159,12.8408,0.0000,0.0000,0.0000,0.0000,0.0000,25.8691,0.0000,287.3266,70.7006,0.3571,0.5857,0.3495,0.0349,1013.6289,745.2315,70.9489,70.9488,1.7989,2.2487,149.4015,0.0000,0.0000,0.0000,148.8480,4.3098,1773.7142
06/06/2018 00:00:00,0.0000,1.8716,12.1442,0.0000,0.0000,0.0000,0.0000,0.0000,25.7404,0.0000,287.6705,69.6923,0.3571,0.6071,0.3521,0.0352,1011.0506,742.8325,70.3266,70.3265,1.8042,2.2552,149.2220,0.0000,0.0000,0.0000,148.2166,4.2930,1768.3274
07/06/2018 00:00:00,0.0000,1.7700,11.8026,0.0000,0.0000,0.0000,0.0000,0.0000,25.6118,0.0000,288.0143,68.6839,0.3571,0.6286,0.3548,0.0355,1008.4724,740.4335,69.7043,69.7042,1.8095,2.2618,149.0424,0.0000,0.0000,0.0000,147.5852,4.2763,1762.9407
08/06/2018 00:00:00,0.0000,1.7446,11.9454,0.0000,0.0000,0.0000,0.0000,0.0000,25.4832,0.0000,288.3582,67.6756,0.3571,0.6500,0.3575,0.0358,1005.8941,738.0345,69.0820,69.0819,1.8147,2.2684,148.8628,0.0000,0.0000,0.0000,146.9538,4.2595,1757.5539
09/06/2018 00:00:00,0.0000,1.7958,12.7687,0.0000,0.0000,0.0000,0.0000,0.0000,25.3546,0.0000,288.7021,66.6673,0.3571,0.6714,0.3602,0.0360,1003.3158,735.6354,68.4597,68.4597,1.8200,2.2750,148.6833,0.0000,0.0000,0.0000,146.3223,4.2427,1752.1672
10/06/2018 00:00:00,0.0000,1.6907,13.0156,0.0000,0.0000,0.0000,0.0000,0.0000,25.2260,0.0000,289.0459,65.6590,0.3571,0.6929,0.3629,0.0363,1000.7375,733.2364,67.8374,67.8374,1.8253,2.2816,148.5037,0.0000,0.0000,0.0000,145.6909,4.2260,1746.7804
11/06/2018 00:00:00,0.0000,1.5791,12.8108,0.0000,0.0000,0.0000,0.0000,0.0000,25.0974,0.0000,289.3898,64.6506,0.3571,0.7143,0.3656,0.0366,998.1593,730.8374,67.2151,67.2151,1.8305,2.2882,148.3242,0.0000,0.0000,0.0000,145.0595,4.2092,1741.3937
12/06/2018 00:00:00,0.0000,11.6990,12.8780,0.0000,0.0000,0.0000,0.0000,0.0000,24.9688,0.0000,289.7336,63.6423,0.3571,0.7357,0.3683,0.0368,995.5810,728.4384,66.5928,66.5928,1.8358,2.2948,148.1446,0.0000,0.0000,0.0000,144.4281,4.1925,1736.0069
13/06/2018 00:00:00,0.0000,8.5934,12.5048,0.0000,0.0000,0.0000,0.0000,0.0000,24.8402,0.0000,290.0775,62.6340,0.3571,0.7571,0.3710,0.0371,993.0027,726.0394,65.9705,65.9706,1.8411,2.3013,147.9650,0.0000,0.0000,0.0000,143.7967,4.1757,1730.6202
14/06/2018 00:00:00,0.0000,9.6763,12.1492,0.0000,0.0000,0.0000,0.0000,0.0000,24.7116,0.0000,290.4214,61.6257,0.3571,0.7786,0.3737,0.0374,990.4244,723.6403,65.3482,65.3483,1.8463,2.3079,147.7855,0.0000,0.0000,0.0000,143.1653,4.1590,1725.2334
15/06/2018 00:00:00,0.0000,17.0522,11.6792,0.0000,0.0000,0.0000,0.0000,0.0000,24.5829,0.0000,290.7652,60.6173,0.3571,0.8000,0.3763,0.0376,987.8462,721.2413,64.7259,64.7260,1.8516,2.3145,147.6059,0.0000,0.0000,0.0000,142.5339,4.1422,1719.8467
16/06/2018 00:00:00,0.0000,12.2901,10.5973,0.0000,0.0000,0.0000,0.0000,0.0000,24.4543,0.0000,291.1091,59.6090,0.3571,0.8214,0.3790,0.0379,985.2679,718.8423,64.1036,64.1038,1.8569,2.3211,147.4264,0.0000,0.0000,0.0000,141.9024,4.1255,1714.4599
17/06/2018 00:00:00,0.0000,14.2017,10.0032,0.0000,0.0000,0.0000,0.0000,0.0000,24.3257,0.0000,291.4530,58.6007,0.3571,0.8429,0.3817,0.0382,982.6896,716.4433,63.4813,63.4815,1.8621,2.3277,147.2468,0.0000,0.0000,0.0000,141.2710,4.1087,1709.0732
18/06/2018 00:00:00,0.0000,10.7169,10.1968,0.0000,0.0000,0.0000,0.0000,0.0000,24.1971,0.0000,291.7968,57.5924,0.3571,0.8643,0.3844,0.0384,980.1113,714.0443,62.8590,62.8592,1.8674,2.3343,147.0673,0.0000,0.0000,0.0000,140.6396,4.0920,1703.6864
19/06/2018 00:00:00,0.0000,3.2292,10.5172,0.0000,0.0000,0.0000,0.0000,0.0000,24.0685,0.0000,292.1407,56.5840,0.3571,0.8857,0.3871,0.0387,977.5331,711.6452,62.2367,62.2369,1.8727,2.3409,146.8877,0.0000,0.0000,0.0000,140.0082,4.0752,1698.2996
20/06/2018 00:00:00,0.0000,2.3646,10.4431,0.0000,0.0000,0.0000,0.0000,0.0000,23.9399,0.0000,292.4846,55.5757,0.3571,0.9071,0.3898,0.0390,974.9548,709.2462,61.6144,61.6147,1.8780,2.3474,146.7081,0.0000,0.0000,0.0000,139.3768,4.0585,1692.9129
21/06/2018 00:00:00,0.0000,2.1172,10.6634,0.0000,0.0000,0.0000,0.0000,0.0000,23.8113,0.0000,292.8284,54.5674,0.3571,0.9286,0.3925,0.0392,972.3765,706.8472,60.9921,60.9924,1.8832,2.3540,146.5286,0.0000,0.0000,0.0000,138.7454,4.0417,1687.5261
22/06/2018 00:00:00,0.0000,1.5610,10.8039,0.0000,0.0000,0.0000,0.0000,0.0000,23.6827,0.0000,293.1723,53.5590,0.3571,0.9500,0.3952,0.0395,969.7982,704.4482,60.3698,60.3701,1.8885,2.3606,146.3490,0.0000,0.0000,0.0000,138.1140,4.0250,1682.1394
23/06/2018 00:00:00,0.0000,1.5366,10.6825,0.0000,0.0000,0.0000,0.0000,0.0000,23.5541,0.0000,293.5162,52.5507,0.3571,0.9714,0.3978,0.0398,967.2200,702.0492,59.7475,59.7478,1.8938,2.3672,146.1695,0.0000,0.0000,0.0000,137.4826,4.0082,1676.7526
24/06/2018 00:00:00,0.0000,1.7782,11.5766,0.0000,0.0000,0.0000,0.0000,0.0000,23.4254,0.0000,293.8600,51.5424,0.3571,0.9928,0.4005,0.0401,964.6417,699.6501,59.1252,59.1256,1.8990,2.3738,145.9899,0.0000,0.0000,0.0000,136.8511,3.9915,1671.3659
25/06/2018 00:00:00,0.0000,1.7196,11.3382,0.0000,0.0000,0.0000,0.0000,0.0000,23.2968,0.0000,294.2039,50.5341,0.3571,1.0143,0.4032,0.0403,962.0634,697.2511,58.5029,58.5033,1.9043,2.3804,145.8103,0.0000,0.0000,0.0000,136.2197,3.9747,1665.9791
26/06/2018 00:00:00,0.0000,1.6043,10.6185,0.0000,0.0000,0.0000,0.0000,0.0000,23.1682,0.0000,294.5478,49.5257,0.3571,1.0357,0.4059,0.0406,959.4851,694.8521,57.8806,57.8810,1.9096,2.3870,145.6308,0.0000,0.0000,0.0000,135.5883,3.9579,1660.5924
27/06/2018 00:00:00,0.0000,1.5567,10.3300,0.0000,0.0000,0.0000,0.0000,0.0000,23.0396,0.0000,294.8916,48.5174,0.3571,1.0571,0.4086,0.0409,956.9069,692.4531,57.2583,57.2587,1.9148,2.3935,145.4512,0.0000,0.0000,0.0000,134.9569,3.9412,1655.2056
28/06/2018 00:00:00,0.0000,1.5212,9.9698,0.0000,0.0000,0.0000,0.0000,0.0000,22.9110,0.0000,295.2355,47.5091,0.3571,1.0786,0.4113,0.0411,954.3286,690.0541,56.6360,56.6365,1.9201,2.4001,145.2717,0.0000,0.0000,0.0000,134.3255,3.9244,1649.8189
29/06/2018 00:00:00,0.0000,2.3525,9.7927,0.0000,0.0000,0.0000,0.0000,0.0000,22.7824,0.0000,295.5794,46.5008,0.3571,1.1000,0.4140,0.0414,951.7503,687.6550,56.0137,56.0142,1.9254,2.4067,145.0921,0.0000,0.0000,0.0000,133.6941,3.9077,1644.4321
30/06/2018 00:00:00,0.0000,3.6748,9.9616,0.0000,0.0000,0.0000,0.0000,0.0000,22.6538,0.0000,295.9232,45.4924,0.3571,1.1214,0.4167,0.0417,949.1720,685.2560,55.3914,55.3919,1.9306,2.4133,144.9126,0.0000,0.0000,0.0000,133.0627,3.8909,1639.0454
01/07/2018 00:00:00,0.0000,2.0834,10.0234,0.0000,0.0000,0.0000,0.0000,0.0000,22.5252,0.0000,296.2671,44.4841,0.3571,1.1428,0.4194,0.0419,946.5938,682.8570,54.7691,54.7696,1.9359,2.4199,144.7330,0.0000,0.0000,0.0000,132.4312,3.8742,1633.6586
02/07/2018 00:00:00,0.0000,1.8194,9.8614,0.0000,0.0000,0.0000,0.0000,0.0000,22.3966,0.0000,296.6109,43.2788,0.3571,1.1175,0.4090,0.0409,944.0155,680.4580,55.3103,55.3099,1.9309,2.4136,144.5534,0.0000,0.0000,0.0000,131.7998,3.8574,1628.2719
03/07/2018 00:00:00,0.0000,1.7379,9.8654,0.0000,0.0000,0.0000,0.0000,0.0000,22.2679,0.0000,296.9548,42.0735,0.3571,1.0922,0.3985,0.0399,941.4372,678.0590,55.8515,55.8511,1.9259,2.4074,144.3739,0.0000,0.0000,0.0000,131.1684,3.8407,1622.8851
04/07/2018 00:00:00,0.0000,1.6913,9.9593,0.0000,0.0000,0.0000,0.0000,0.0000,22.1393,0.0000,297.2987,40.8681,0.3571,1.0668,0.3881,0.0388,938.8589,675.6599,56.3928,56.3924,1.9209,2.4012,144.1943,0.0000,0.0000,0.0000,130.5370,3.8239,1617.4984
05/07/2018 00:00:00,0.0000,2.5093,11.0114,0.0000,0.0000,0.0000,0.0000,0.0000,22.0107,0.0000,297.6425,39.6628,0.3571,1.0415,0.3777,0.0378,936.2807,673.2609,56.9340,56.9336,1.9159,2.3949,144.0148,0.0000,0.0000,0.0000,129.9056,3.8072,1612.1116
06/07/2018 00:00:00,0.0000,12.3132,11.2964,0.0000,0.0000,0.0000,0.0000,0.0000,21.8821,0.0000,297.9864,38.4574,0.3571,1.0161,0.3673,0.0367,933.7024,670.8619,57.4753,57.4749,1.9109,2.3887,143.8352,0.0000,0.0000,0.0000,129.2742,3.7904,1606.7249
07/07/2018 00:00:00,0.0000,16.1959,10.6724,0.0000,0.0000,0.0000,0.0000,0.0000,21.7535,0.0000,298.3303,37.2521,0.3571,0.9908,0.3569,0.0357,931.1241,668.4629,58.0165,58.0161,1.9059,2.3824,143.6557,0.0000,0.0000,0.0000,128.6428,3.7737,1601.3381
08/07/2018 00:00:00,0.0000,18.1004,11.0991,0.0000,0.0000,0.0000,0.0000,0.0000,21.6249,0.0000,298.6741,36.0467,0.3571,0.9655,0.3465,0.0347,928.5458,666.0639,58.5577,58.5574,1.9010,2.3762,143.4761,0.0000,0.0000,0.0000,128.0114,3.7569,1595.9514
09/07/2018 00:00:00,0.0000,8.1985,11.5234,0.0000,0.0000,0.0000,0.0000,0.0000,21.4963,0.0000,299.0180,34.8414,0.3571,0.9401,0.3361,0.0336,925.9676,663.6648,59.0990,59.0986,1.8960,2.3699,143.2965,0.0000,0.0000,0.0000,127.3799,3.7402,1590.5646
10/07/2018 00:00:00,0.0000,3.7708,11.4530,0.0000,0.0000,0.0000,0.0000,0.0000,21.3677,0.0000,299.3619,33.6360,0.3571,0.9148,0.3257,0.0326,923.3893,661.2658,59.6402,59.6399,1.8910,2.3637,143.1170,0.0000,0.0000,0.0000,126.7485,3.7234,1585.1779
11/07/2018 00:00:00,0.0000,3.9152,11.0124,0.0000,0.0000,0.0000,0.0000,0.0000,21.2391,0.0000,299.7057,32.4307,0.3571,0.8894,0.3153,0.0315,920.8110,658.8668,60.1815,60.1811,1.8860,2.3575,142.9374,0.0000,0.0000,0.0000,126.1171,3.7067,1579.7911
12/07/2018 00:00:00,0.0000,4.8559,11.1035,0.0000,0.0000,0.0000,0.0000,0.0000,21.1104,0.0000,300.0496,31.2254,0.3571,0.8641,0.3049,0.0305,918.2327,656.4678,60.7227,60.7224,1.8810,2.3512,142.7579,0.0000,0.0000,0.0000,125.4857,3.6899,1574.4044
13/07/2018 00:00:00,0.0000,3.2855,11.1930,0.0000,0.0000,0.0000,0.0000,0.0000,20.9818,0.0000,300.3935,30.0200,0.3571,0.8387,0.2945,0.0294,915.6545,654.0688,61.2639,61.2637,1.8760,2.3450,142.5783,0.0000,0.0000,0.0000,124.8543,3.6732,1569.0176
14/07/2018 00:00:00,0.0000,2.2141,10.1941,0.0000,0.0000,0.0000,0.0000,0.0000,20.8532,0.0000,300.7373,28.8147,0.3571,0.8134,0.2841,0.0284,913.0762,651.6697,61.8052,61.8049,1.8710,2.3387,142.3987,0.0000,0.0000,0.0000,124.2229,3.6564,1563.6309
15/07/2018 00:00:00,0.0000,2.0480,10.1428,0.0000,0.0000,0.0000,0.0000,0.0000,20.7246,0.0000,301.0812,27.6093,0.3571,0.7880,0.2737,0.0274,910.4979,649.2707,62.3464,62.3462,1.8660,2.3325,142.2192,0.0000,0.0000,0.0000,123.5915,3.6396,1558.2441
16/07/2018 00:00:00,0.0000,2.0429,10.7601,0.0000,0.0000,0.0000,0.0000,0.0000,20.5960,0.0000,301.4251,26.4040,0.3571,0.7627,0.2633,0.0263,907.9196,646.8717,62.8877,62.8874,1.8610,2.3262,142.0396,0.0000,0.0000,0.0000,122.9600,3.6229,1552.8573
17/07/2018 00:00:00,0.0000,6.1697,11.1139,0.0000,0.0000,0.0000,0.0000,0.0000,20.4674,0.0000,301.7689,25.1986,0.3571,0.7373,0.2529,0.0253,905.3414,644.4727,63.4289,63.4287,1.8560,2.3200,141.8601,0.0000,0.0000,0.0000,122.3286,3.6061,1547.4706
18/07/2018 00:00:00,0.0000,7.9471,11.0547,0.0000,0.0000,0.0000,0.0000,0.0000,20.3388,0.0000,302.1128,23.9933,0.3571,0.7120,0.2425,0.0242,902.7631,642.0737,63.9702,63.9699,1.8510,2.3138,141.6805,0.0000,0.0000,0.0000,121.6972,3.5894,1542.0838
19/07/2018 00:00:00,0.0000,12.0407,10.8911,0.0000,0.0000,0.0000,0.0000,0.0000,20.2102,0.0000,302.4567,22.7879,0.3571,0.6867,0.2321,0.0232,900.1848,639.6747,64.5114,64.5112,1.8460,2.3075,141.5010,0.0000,0.0000,0.0000,121.0658,3.5726,1536.6971
20/07/2018 00:00:00,0.0000,12.6317,10.2673,0.0000,0.0000,0.0000,0.0000,0.0000,20.0816,0.0000,302.8005,21.5826,0.3571,0.6613,0.2216,0.0222,897.6065,637.2756,65.0526,65.0524,1.8410,2.3013,141.3214,0.0000,0.0000,0.0000,120.4344,3.5559,1531.3103
21/07/2018 00:00:00,0.0000,3.9844,10.1684,0.0000,0.0000,0.0000,0.0000,0.0000,19.9529,0.0000,303.1444,20.3773,0.3571,0.6360,0.2112,0.0211,895.0282,634.8766,65.5939,65.5937,1.8360,2.2950,141.1418,0.0000,0.0000,0.0000,119.8030,3.5391,1525.9236
22/07/2018 00:00:00,0.0000,2.6834,10.0866,0.0000,0.0000,0.0000,0.0000,0.0000,19.8243,0.0000,303.4882,19.1719,0.3571,0.6106,0.2008,0.0201,892.4500,632.4776,66.1351,66.1349,1.8310,2.2888,140.9623,0.0000,0.0000,0.0000,119.1716,3.5224,1520.5368
23/07/2018 00:00:00,0.0000,2.3273,10.3872,0.0000,0.0000,0.0000,0.0000,0.0000,19.6957,0.0000,303.8321,17.9666,0.3571,0.5853,0.1904,0.0190,889.8717,630.0786,66.6764,66.6762,1.8260,2.2825,140.7827,0.0000,0.0000,0.0000,118.5402,3.5056,1515.1501
24/07/2018 00:00:00,0.0000,2.7431,11.5362,0.0000,0.0000,0.0000,0.0000,0.0000,19.5671,0.0000,304.1760,16.7612,0.3571,0.5599,0.1800,0.0180,887.2934,627.6796,67.2176,67.2175,1.8210,2.2763,140.6032,0.0000,0.0000,0.0000,117.9087,3.4889,1509.7633
25/07/2018 00:00:00,0.0000,2.1397,12.1776,0.0000,0.0000,0.0000,0.0000,0.0000,19.4385,0.0000,304.5198,15.5559,0.3571,0.5346,0.1696,0.0170,884.7151,625.2805,67.7588,67.7587,1.8160,2.2700,140.4236,0.0000,0.0000,0.0000,117.2773,3.4721,1504.3766
26/07/2018 00:00:00,0.0000,1.3884,12.3206,0.0000,0.0000,0.0000,0.0000,0.0000,19.3099,0.0000,304.8637,14.3505,0.3571,0.5092,0.1592,0.0159,882.1369,622.8815,68.3001,68.3000,1.8110,2.2638,140.2440,0.0000,0.0000,0.0000,116.6459,3.4554,1498.9898
27/07/2018 00:00:00,0.0000,1.1990,12.6728,0.0000,0.0000,0.0000,0.0000,0.0000,19.1813,0.0000,305.2076,13.1452,0.3571,0.4839,0.1488,0.0149,879.5586,620.4825,68.8413,68.8412,1.8061,2.2576,140.0645,0.0000,0.0000,0.0000,116.0145,3.4386,1493.6031
28/07/2018 00:00:00,0.0000,1.0469,13.0246,0.0000,0.0000,0.0000,0.0000,0.0000,19.0527,0.0000,305.5514,11.9399,0.3571,0.4585,0.1384,0.0138,876.9803,618.0835,69.3826,69.3825,1.8011,2.2513,139.8849,0.0000,0.0000,0.0000,115.3831,3.4219,1488.2163
29/07/2018 00:00:00,0.0000,1.2801,12.1976,0.0000,0.0000,0.0000,0.0000,0.0000,18.9241,0.0000,305.8953,10.7345,0.3571,0.4332,0.1280,0.0128,874.4020,615.6845,69.9238,69.9237,1.7961,2.2451,139.7054,0.0000,0.0000,0.0000,114.7517,3.4051,1482.8296
30/07/2018 00:00:00,0.0000,1.1413,11.5701,0.0000,0.0000,0.0000,0.0000,0.0000,18.7954,0.0000,306.2392,9.5292,0.3571,0.4078,0.1176,0.0118,871.8238,613.2854,70.4650,70.4650,1.7911,2.2388,139.5258,0.0000,0.0000,0.0000,114.1203,3.3884,1477.4428
31/07/2018 00:00:00,0.0000,2.3279,11.8589,0.0000,0.0000,0.0000,0.0000,0.0000,18.6668,0.0000,306.5830,8.3238,0.3571,0.3825,0.1072,0.0107,869.2455,610.8864,71.0063,71.0062,1.7861,2.2326,139.3463,0.0000,0.0000,0.0000,113.4889,3.3716,1472.0561
01/08/2018 00:00:00,0.0000,1.1597,12.0431,0.0000,0.0000,0.0000,0.0000,0.0000,18.5382,0.0000,306.9269,7.1185,0.3571,0.3572,0.0968,0.0097,866.6672,608.4874,71.5475,71.5475,1.7811,2.2263,139.1667,0.0000,0.0000,0.0000,112.8574,3.3548,1466.6693
02/08/2018 00:00:00,0.0000,0.8009,11.8640,0.0000,0.0000,0.0000,0.0000,0.0000,19.8235,0.0000,307.7742,7.5762,0.3594,0.3560,0.0989,0.0099,866.6667,625.7431,71.8897,71.8897,1.7874,2.2343,144.7839,0.0000,0.0000,0.0000,113.3638,3.3954,1484.4001
03/08/2018 00:00:00,0.0000,0.7101,11.9582,0.0000,0.0000,0.0000,0.0000,0.0000,21.1095,0.0000,308.6219,8.0354,0.3617,0.3548,0.1009,0.0101,866.6667,643.0135,72.2319,72.2318,1.7938,2.2422,150.4022,0.0000,0.0000,0.0000,113.8707,3.4360,1502.1423
04/08/2018 00:00:00,0.0000,0.7275,11.7315,0.0000,0.0000,0.0000,0.0000,0.0000,22.3954,0.0000,309.4695,8.4946,0.3641,0.3537,0.1030,0.0103,866.6667,660.2839,72.5740,72.5740,1.8001,2.2502,156.0205,0.0000,0.0000,0.0000,114.3776,3.4766,1519.8844
05/08/2018 00:00:00,0.0000,0.9276,11.5669,0.0000,0.0000,0.0000,0.0000,0.0000,23.6814,0.0000,310.3171,8.9538,0.3664,0.3525,0.1051,0.0105,866.6667,677.5543,72.9162,72.9162,1.8065,2.2581,161.6388,0.0000,0.0000,0.0000,114.8846,3.5171,1537.6266
06/08/2018 00:00:00,0.0000,1.6364,10.9825,0.0000,0.0000,0.0000,0.0000,0.0000,24.9673,0.0000,311.1647,9.4130,0.3687,0.3514,0.1072,0.0107,866.6667,694.8247,73.2583,73.2583,1.8128,2.2661,167.2571,0.0000,0.0000,0.0000,115.3915,3.5577,1555.3688
07/08/2018 00:00:00,0.0000,2.1916,10.5079,0.0000,0.0000,0.0000,0.0000,0.0000,26.2532,0.0000,312.0123,9.8722,0.3710,0.3502,0.1093,0.0109,866.6667,712.0951,73.6005,73.6005,1.8192,2.2740,172.8754,0.0000,0.0000,0.0000,115.8984,3.5983,1573.1110
08/08/2018 00:00:00,0.0000,4.2215,11.1491,0.0000,0.0000,0.0000,0.0000,0.0000,27.5392,0.0000,312.8600,10.3314,0.3733,0.3491,0.1113,0.0111,866.6667,729.3656,73.9427,73.9427,1.8256,2.2819,178.4937,0.0000,0.0000,0.0000,116.4053,3.6389,1590.8531
09/08/2018 00:00:00,0.0000,1.2867,11.8405,0.0000,0.0000,0.0000,0.0000,0.0000,28.8251,0.0000,313.7076,10.7906,0.3756,0.3479,0.1134,0.0113,866.6667,746.6360,74.2848,74.2848,1.8319,2.2899,184.1120,0.0000,0.0000,0.0000,116.9122,3.6795,1608.5953
10/08/2018 00:00:00,0.0000,0.6913,11.6597,0.0000,0.0000,0.0000,0.0000,0.0000,30.1111,0.0000,314.5552,11.2498,0.3779,0.3468,0.1155,0.0116,866.6667,763.9064,74.6270,74.6270,1.8383,2.2978,189.7303,0.0000,0.0000,0.0000,117.4191,3.7201,1626.3375
11/08/2018 00:00:00,0.0000,0.9116,10.8723,0.0000,0.0000,0.0000,0.0000,0.0000,31.3970,0.0000,315.4028,11.7090,0.3802,0.3456,0.1176,0.0118,866.6667,781.1768,74.9691,74.9691,1.8446,2.3058,195.3486,0.0000,0.0000,0.0000,117.9260,3.7606,1644.0797
12/08/2018 00:00:00,0.0000,0.8596,10.4845,0.0000,0.0000,0.0000,0.0000,0.0000,32.6829,0.0000,316.2505,12.1682,0.3825,0.3445,0.1197,0.0120,866.6667,798.4472,75.3113,75.3113,1.8510,2.3137,200.9668,0.0000,0.0000,0.0000,118.4330,3.8012,1661.8218
13/08/2018 00:00:00,0.0000,0.7242,11.2593,0.0000,0.0000,0.0000,0.0000,0.0000,33.9689,0.0000,317.0981,12.6274,0.3848,0.3433,0.1217,0.0122,866.6667,815.7176,75.6535,75.6535,1.8573,2.3217,206.5851,0.0000,0.0000,0.0000,118.9399,3.8418,1679.5640
14/08/2018 00:00:00,0.0000,0.6420,11.6159,0.0000,0.0000,0.0000,0.0000,0.0000,35.2548,0.0000,317.9457,13.0866,0.3871,0.3422,0.1238,0.0124,866.6667,832.9881,75.9956,75.9956,1.8637,2.3296,212.2034,0.0000,0.0000,0.0000,119.4468,3.8824,1697.3062
15/08/2018 00:00:00,0.0000,0.6545,12.0421,0.0000,0.0000,0.0000,0.0000,0.0000,36.5408,0.0000,318.7933,13.5458,0.3894,0.3410,0.1259,0.0126,866.6667,850.2585,76.3378,76.3378,1.8700,2.3375,217.8217,0.0000,0.0000,0.0000,119.9537,3.9230,1715.0484
16/08/2018 00:00:00,0.0000,0.6681,11.8303,0.0000,0.0000,0.0000,0.0000,0.0000,37.8267,0.0000,319.6409,14.0050,0.3917,0.3399,0.1280,0.0128,866.6667,867.5289,76.6799,76.6800,1.8764,2.3455,223.4400,0.0000,0.0000,0.0000,120.4606,3.9636,1732.7905
17/08/2018 00:00:00,0.0000,0.6703,11.9287,0.0000,0.0000,0.0000,0.0000,0.0000,39.1126,0.0000,320.4886,14.4642,0.3940,0.3387,0.1301,0.0130,866.6667,884.7993,77.0221,77.0221,1.8827,2.3534,229.0583,0.0000,0.0000,0.0000,120.9675,4.0041,1750.5327
18/08/2018 00:00:00,0.0000,2.1768,11.6389,0.0000,0.0000,0.0000,0.0000,0.0000,40.3986,0.0000,321.3362,14.9234,0.3963,0.3376,0.1322,0.0132,866.6667,902.0697,77.3643,77.3643,1.8891,2.3614,234.6766,0.0000,0.0000,0.0000,121.4744,4.0447,1768.2749
19/08/2018 00:00:00,0.0000,1.6100,10.8616,0.0000,0.0000,0.0000,0.0000,0.0000,41.6845,0.0000,322.1838,15.3826,0.3986,0.3364,0.1342,0.0134,866.6667,919.3401,77.7064,77.7065,1.8955,2.3693,240.2949,0.0000,0.0000,0.0000,121.9813,4.0853,1786.0171
20/08/2018 00:00:00,0.0000,0.6400,10.7935,0.0000,0.0000,0.0000,0.0000,0.0000,42.9705,0.0000,323.0314,15.8418,0.4009,0.3353,0.1363,0.0136,866.6667,936.6105,78.0486,78.0486,1.9018,2.3773,245.9132,0.0000,0.0000,0.0000,122.4883,4.1259,1803.7592
21/08/2018 00:00:00,0.0000,0.6560,10.7165,0.0000,0.0000,0.0000,0.0000,0.0000,44.2564,0.0000,323.8790,16.3010,0.4032,0.3341,0.1384,0.0138,866.6667,953.8810,78.3908,78.3908,1.9082,2.3852,251.5315,0.0000,0.0000,0.0000,122.9952,4.1665,1821.5014
22/08/2018 00:00:00,0.0000,0.6398,11.1228,0.0000,0.0000,0.0000,0.0000,0.0000,45.5423,0.0000,324.7267,16.7602,0.4055,0.3329,0.1405,0.0140,866.6667,971.1514,78.7329,78.7329,1.9145,2.3931,257.1498,0.0000,0.0000,0.0000,123.5021,4.2071,1839.2436
23/08/2018 00:00:00,0.0000,0.6177,11.1357,0.0000,0.0000,0.0000,0.0000,0.0000,46.8283,0.0000,325.5743,17.2194,0.4078,0.3318,0.1426,0.0143,866.6667,988.4218,79.0751,79.0751,1.9209,2.4011,262.7681,0.0000,0.0000,0.0000,124.0090,4.2476,1856.9858
24/08/2018 00:00:00,0.0000,0.6024,11.6386,0.0000,0.0000,0.0000,0.0000,0.0000,48.1142,0.0000,326.4219,17.6786,0.4101,0.3306,0.1446,0.0145,866.6667,1005.6922,79.4172,79.4173,1.9272,2.4090,268.3864,0.0000,0.0000,0.0000,124.5159,4.2882,1874.7279
25/08/2018 00:00:00,0.0000,0.5988,12.1105,0.0000,0.0000,0.0000,0.0000,0.0000,49.4002,0.0000,327.2695,18.1378,0.4124,0.3295,0.1467,0.0147,866.6667,1022.9626,79.7594,79.7594,1.9336,2.4170,274.0047,0.0000,0.0000,0.0000,125.0228,4.3288,1892.4701
26/08/2018 00:00:00,0.0000,0.5949,12.5413,0.0000,0.0000,0.0000,0.0000,0.0000,50.6861,0.0000,328.1172,18.5970,0.4147,0.3283,0.1488,0.0149,866.6667,1040.2330,80.1016,80.1016,1.9399,2.4249,279.6230,0.0000,0.0000,0.0000,125.5297,4.3694,1910.2123
27/08/2018 00:00:00,0.0000,0.5961,12.9850,0.0000,0.0000,0.0000,0.0000,0.0000,51.9720,0.0000,328.9648,19.0562,0.4171,0.3272,0.1509,0.0151,866.6667,1057.5035,80.4437,80.4438,1.9463,2.4329,285.2413,0.0000,0.0000,0.0000,126.0367,4.4100,1927.9545
28/08/2018 00:00:00,0.0000,0.5954,12.4933,0.0000,0.0000,0.0000,0.0000,0.0000,53.2580,0.0000,329.8124,19.5154,0.4194,0.3260,0.1530,0.0153,866.6667,1074.7739,80.7859,80.7859,1.9526,2.4408,290.8596,0.0000,0.0000,0.0000,126.5436,4.4506,1945.6966
29/08/2018 00:00:00,0.0000,0.5917,12.2445,0.0000,0.0000,0.0000,0.0000,0.0000,54.5439,0.0000,330.6600,19.9746,0.4217,0.3249,0.1550,0.0155,866.6667,1092.0443,81.1280,81.1281,1.9590,2.4487,296.4779,0.0000,0.0000,0.0000,127.0505,4.4911,1963.4388
30/08/2018 00:00:00,0.0000,0.5889,12.2336,0.0000,0.0000,0.0000,0.0000,0.0000,55.8299,0.0000,331.5076,20.4337,0.4240,0.3237,0.1571,0.0157,866.6667,1109.3147,81.4702,81.4702,1.9654,2.4567,302.0962,0.0000,0.0000,0.0000,127.5574,4.5317,1981.1810
31/08/2018 00:00:00,0.0000,0.5911,12.2923,0.0000,0.0000,0.0000,0.0000,0.0000,57.1158,0.0000,332.3553,20.8929,0.4263,0.3226,0.1592,0.0159,866.6667,1126.5851,81.8124,81.8124,1.9717,2.4646,307.7145,0.0000,0.0000,0.0000,128.0643,4.5723,1998.9232
01/09/2018 00:00:00,0.0000,0.5944,13.0264,0.0000,0.0000,0.0000,0.0000,0.0000,58.4017,0.0000,333.2029,21.3521,0.4286,0.3214,0.1613,0.0161,866.6667,1143.8555,82.1545,82.1546,1.9781,2.4726,313.3327,0.0000,0.0000,0.0000,128.5712,4.6129,2016.6654
02/09/2018 00:00:00,0.0000,0.5960,13.1525,0.0000,0.0000,0.0000,0.0000,0.0000,58.2668,0.0000,331.2867,21.3997,0.4262,0.3279,0.1639,0.0164,868.0547,1136.8307,82.0695,82.0695,1.9912,2.4889,308.7921,0.0000,0.0000,0.0000,128.5595,4.6263,2010.8339
03/09/2018 00:00:00,0.0000,0.5990,13.1766,0.0000,0.0000,0.0000,0.0000,0.0000,58.1308,0.0000,329.3698,21.4472,0.4238,0.3343,0.1664,0.0166,869.4436,1129.7859,81.9844,81.9844,2.0042,2.5053,304.2505,0.0000,0.0000,0.0000,128.5476,4.6398,2005.0007
04/09/2018 00:00:00,0.0000,0.6022,13.2438,0.0000,0.0000,0.0000,0.0000,0.0000,57.9947,0.0000,327.4529,21.4946,0.4214,0.3407,0.1690,0.0169,870.8325,1122.7411,81.8992,81.8992,2.0173,2.5217,299.7088,0.0000,0.0000,0.0000,128.5357,4.6532,1999.1675
05/09/2018 00:00:00,0.0000,0.6079,12.9659,0.0000,0.0000,0.0000,0.0000,0.0000,57.8587,0.0000,325.5360,21.5421,0.4190,0.3471,0.1716,0.0172,872.2214,1115.6962,81.8140,81.8140,2.0304,2.5380,295.1672,0.0000,0.0000,0.0000,128.5238,4.6667,1993.3343
06/09/2018 00:00:00,0.0000,0.6204,12.8062,0.0000,0.0000,0.0000,0.0000,0.0000,57.7226,0.0000,323.6190,21.5895,0.4167,0.3536,0.1742,0.0174,873.6103,1108.6514,81.7289,81.7288,2.0435,2.5544,290.6255,0.0000,0.0000,0.0000,128.5119,4.6801,1987.5010
07/09/2018 00:00:00,0.0000,0.6284,12.8437,0.0000,0.0000,0.0000,0.0000,0.0000,57.5866,0.0000,321.7021,21.6370,0.4143,0.3600,0.1768,0.0177,874.9992,1101.6066,81.6437,81.6437,2.0566,2.5708,286.0838,0.0000,0.0000,0.0000,128.5000,4.6935,1981.6678
08/09/2018 00:00:00,0.0000,0.6343,13.2940,0.0000,0.0000,0.0000,0.0000,0.0000,57.4505,0.0000,319.7852,21.6844,0.4119,0.3664,0.1794,0.0179,876.3881,1094.5618,81.5585,81.5585,2.0697,2.5871,281.5422,0.0000,0.0000,0.0000,128.4881,4.7070,1975.8346
09/09/2018 00:00:00,0.0000,0.6401,13.8425,0.0000,0.0000,0.0000,0.0000,0.0000,57.3145,0.0000,317.8682,21.7319,0.4095,0.3729,0.1819,0.0182,877.7770,1087.5170,81.4733,81.4733,2.0828,2.6035,277.0005,0.0000,0.0000,0.0000,128.4762,4.7204,1970.0014
10/09/2018 00:00:00,0.0000,0.6430,14.3676,0.0000,0.0000,0.0000,0.0000,0.0000,57.1784,0.0000,315.9513,21.7793,0.4071,0.3793,0.1845,0.0185,879.1659,1080.4722,81.3882,81.3882,2.0959,2.6198,272.4588,0.0000,0.0000,0.0000,128.4643,4.7339,1964.1682
11/09/2018 00:00:00,0.0000,0.6483,14.6372,0.0000,0.0000,0.0000,0.0000,0.0000,57.0424,0.0000,314.0344,21.8268,0.4048,0.3857,0.1871,0.0187,880.5548,1073.4274,81.3030,81.3030,2.1090,2.6362,267.9172,0.0000,0.0000,0.0000,128.4524,4.7473,1958.3350
12/09/2018 00:00:00,0.0000,0.6549,13.4346,0.0000,0.0000,0.0000,0.0000,0.0000,56.9063,0.0000,312.1174,21.8742,0.4024,0.3921,0.1897,0.0190,881.9437,1066.3826,81.2178,81.2178,2.1221,2.6526,263.3755,0.0000,0.0000,0.0000,128.4405,4.7607,1952.5018
13/09/2018 00:00:00,0.0000,0.6579,13.6090,0.0000,0.0000,0.0000,0.0000,0.0000,56.7703,0.0000,310.2005,21.9217,0.4000,0.3986,0.1923,0.0192,883.3326,1059.3377,81.1326,81.1326,2.1351,2.6689,258.8339,0.0000,0.0000,0.0000,128.4286,4.7742,1946.6686
14/09/2018 00:00:00,0.0000,0.6588,14.5038,0.0000,0.0000,0.0000,0.0000,0.0000,56.6342,0.0000,308.2836,21.9691,0.3976,0.4050,0.1948,0.0195,884.7215,1052.2929,81.0475,81.0475,2.1482,2.6853,254.2922,0.0000,0.0000,0.0000,128.4167,4.7876,1940.8354
15/09/2018 00:00:00,0.0000,5.0685,12.9492,0.0000,0.0000,0.0000,0.0000,0.0000,56.4982,0.0000,306.3666,22.0166,0.3952,0.4114,0.1974,0.0197,886.1104,1045.2481,80.9623,80.9623,2.1613,2.7017,249.7505,0.0000,0.0000,0.0000,128.4048,4.8011,1935.0022
16/09/2018 00:00:00,0.0000,2.6829,11.6673,0.0000,0.0000,0.0000,0.0000,0.0000,56.3621,0.0000,304.4497,22.0640,0.3929,0.4179,0.2000,0.0200,887.4993,1038.2033,80.8771,80.8771,2.1744,2.7180,245.2089,0.0000,0.0000,0.0000,128.3929,4.8145,1929.1690
17/09/2018 00:00:00,0.0000,1.3411,12.6615,0.0000,0.0000,0.0000,0.0000,0.0000,56.2261,0.0000,302.5328,22.1115,0.3905,0.4243,0.2026,0.0203,888.8882,1031.1585,80.7919,80.7920,2.1875,2.7344,240.6672,0.0000,0.0000,0.0000,128.3810,4.8280,1923.3358
18/09/2018 00:00:00,0.0000,1.1704,13.0724,0.0000,0.0000,0.0000,0.0000,0.0000,56.0900,0.0000,300.6159,22.1589,0.3881,0.4307,0.2052,0.0205,890.2771,1024.1137,80.7068,80.7068,2.2006,2.7507,236.1255,0.0000,0.0000,0.0000,128.3691,4.8414,1917.5025
19/09/2018 00:00:00,0.0000,1.1575,12.6045,0.0000,0.0000,0.0000,0.0000,0.0000,55.9540,0.0000,298.6989,22.2064,0.3857,0.4371,0.2077,0.0208,891.6660,1017.0689,80.6216,80.6216,2.2137,2.7671,231.5839,0.0000,0.0000,0.0000,128.3572,4.8548,1911.6693
20/09/2018 00:00:00,0.0000,1.1437,13.1551,0.0000,0.0000,0.0000,0.0000,0.0000,55.8179,0.0000,296.7820,22.2538,0.3833,0.4436,0.2103,0.0210,893.0549,1010.0241,80.5364,80.5364,2.2268,2.7835,227.0422,0.0000,0.0000,0.0000,128.3452,4.8683,1905.8361
21/09/2018 00:00:00,0.0000,1.1245,14.5403,0.0000,0.0000,0.0000,0.0000,0.0000,55.6819,0.0000,294.8651,22.3013,0.3810,0.4500,0.2129,0.0213,894.4438,1002.9792,80.4513,80.4513,2.2399,2.7998,222.5006,0.0000,0.0000,0.0000,128.3333,4.8817,1900.0029
22/09/2018 00:00:00,0.0000,1.0861,15.4926,0.0000,0.0000,0.0000,0.0000,0.0000,55.5458,0.0000,292.9481,22.3487,0.3786,0.4564,0.2155,0.0215,895.8327,995.9344,80.3661,80.3661,2.2530,2.8162,217.9589,0.0000,0.0000,0.0000,128.3214,4.8952,1894.1697
23/09/2018 00:00:00,0.0000,1.0429,15.9591,0.0000,0.0000,0.0000,0.0000,0.0000,55.4098,0.0000,291.0312,22.3962,0.3762,0.4629,0.2181,0.0218,897.2216,988.8896,80.2809,80.2809,2.2660,2.8326,213.4172,0.0000,0.0000,0.0000,128.3095,4.9086,1888.3365
24/09/2018 00:00:00,0.0000,1.0166,14.8910,0.0000,0.0000,0.0000,0.0000,0.0000,55.2737,0.0000,289.1143,22.4436,0.3738,0.4693,0.2206,0.0221,898.6105,981.8448,80.1957,80.1957,2.2791,2.8489,208.8756,0.0000,0.0000,0.0000,128.2976,4.9220,1882.5033
25/09/2018 00:00:00,0.0000,0.9751,14.4545,0.0000,0.0000,0.0000,0.0000,0.0000,55.1376,0.0000,287.1973,22.4911,0.3714,0.4757,0.2232,0.0223,899.9994,974.8000,80.1106,80.1106,2.2922,2.8653,204.3339,0.0000,0.0000,0.0000,128.2857,4.9355,1876.6701
26/09/2018 00:00:00,0.0000,0.9641,14.6911,0.0000,0.0000,0.0000,0.0000,0.0000,55.0016,0.0000,285.2804,22.5385,0.3690,0.4821,0.2258,0.0226,901.3883,967.7552,80.0254,80.0254,2.3053,2.8816,199.7923,0.0000,0.0000,0.0000,128.2738,4.9489,1870.8369
27/09/2018 00:00:00,0.0000,0.8805,15.2849,0.0000,0.0000,0.0000,0.0000,0.0000,54.8655,0.0000,283.3635,22.5860,0.3667,0.4886,0.2284,0.0228,902.7772,960.7104,79.9402,79.9402,2.3184,2.8980,195.2506,0.0000,0.0000,0.0000,128.2619,4.9624,1865.0037
28/09/2018 00:00:00,0.0000,0.8505,15.1269,0.0000,0.0000,0.0000,0.0000,0.0000,54.7295,0.0000,281.4466,22.6334,0.3643,0.4950,0.2310,0.0231,904.1661,953.6655,79.8550,79.8551,2.3315,2.9144,190.7089,0.0000,0.0000,0.0000,128.2500,4.9758,1859.1705
29/09/2018 00:00:00,0.0000,0.8301,14.3775,0.0000,0.0000,0.0000,0.0000,0.0000,54.5934,0.0000,279.5296,22.6809,0.3619,0.5014,0.2335,0.0234,905.5550,946.6207,79.7699,79.7699,2.3446,2.9307,186.1673,0.0000,0.0000,0.0000,128.2381,4.9892,1853.3373
30/09/2018 00:00:00,0.0000,0.8237,14.8809,0.0000,0.0000,0.0000,0.0000,0.0000,54.4574,0.0000,277.6127,22.7283,0.3595,0.5079,0.2361,0.0236,906.9439,939.5759,79.6847,79.6847,2.3577,2.9471,181.6256,0.0000,0.0000,0.0000,128.2262,5.0027,1847.5040
01/10/2018 00:00:00,0.0000,0.7877,15.1288,0.0000,0.0000,0.0000,0.0000,0.0000,54.3213,0.0000,275.6958,22.7758,0.3571,0.5143,0.2387,0.0239,908.3328,932.5311,79.5995,79.5995,2.3708,2.9635,177.0839,0.0000,0.0000,0.0000,128.2143,5.0161,1841.6708
02/10/2018 00:00:00,0.0000,0.7750,15.9580,0.0000,0.0000,0.0000,0.0000,0.0000,53.7304,0.0000,277.8530,22.9212,0.3571,0.5115,0.2379,0.0238,911.8265,941.3797,79.4035,79.4035,2.3499,2.9374,177.7822,0.0000,0.0000,0.0000,129.4691,5.0156,1854.0237
03/10/2018 00:00:00,0.0000,0.7434,16.2725,0.0000,0.0000,0.0000,0.0000,0.0000,53.1394,0.0000,280.0130,23.0666,0.3571,0.5088,0.2372,0.0237,915.3211,950.2413,79.2073,79.2074,2.3291,2.9114,178.4811,0.0000,0.0000,0.0000,130.7249,5.0151,1866.3895
04/10/2018 00:00:00,0.0000,0.7371,14.7207,0.0000,0.0000,0.0000,0.0000,0.0000,52.5484,0.0000,282.1731,23.2120,0.3571,0.5060,0.2364,0.0236,918.8157,959.1029,79.0112,79.0112,2.3082,2.8853,179.1800,0.0000,0.0000,0.0000,131.9806,5.0146,1878.7554
05/10/2018 00:00:00,0.0000,0.7215,14.2885,0.0000,0.0000,0.0000,0.0000,0.0000,51.9574,0.0000,284.3331,23.3574,0.3571,0.5032,0.2357,0.0236,922.3102,967.9645,78.8151,78.8151,2.2874,2.8593,179.8789,0.0000,0.0000,0.0000,133.2364,5.0140,1891.1212
06/10/2018 00:00:00,0.0000,0.7085,15.3517,0.0000,0.0000,0.0000,0.0000,0.0000,51.3663,0.0000,286.4931,23.5028,0.3571,0.5005,0.2349,0.0235,925.8048,976.8261,78.6190,78.6190,2.2666,2.8332,180.5779,0.0000,0.0000,0.0000,134.4921,5.0135,1903.4871
07/10/2018 00:00:00,0.0000,0.6900,16.8654,0.0000,0.0000,0.0000,0.0000,0.0000,50.7753,0.0000,288.6532,23.6482,0.3571,0.4977,0.2341,0.0234,929.2994,985.6877,78.4229,78.4229,2.2457,2.8072,181.2768,0.0000,0.0000,0.0000,135.7479,5.0130,1915.8529
08/10/2018 00:00:00,0.0000,0.6796,18.0142,0.0000,0.0000,0.0000,0.0000,0.0000,50.1843,0.0000,290.8132,23.7936,0.3571,0.4949,0.2334,0.0233,932.7939,994.5493,78.2268,78.2267,2.2249,2.7811,181.9757,0.0000,0.0000,0.0000,137.0037,5.0125,1928.2188
09/10/2018 00:00:00,0.0000,0.6661,16.8525,0.0000,0.0000,0.0000,0.0000,0.0000,49.5933,0.0000,292.9733,23.9390,0.3571,0.4922,0.2326,0.0233,936.2885,1003.4109,78.0306,78.0306,2.2040,2.7551,182.6747,0.0000,0.0000,0.0000,138.2594,5.0120,1940.5846
10/10/2018 00:00:00,0.0000,0.6628,15.2903,0.0000,0.0000,0.0000,0.0000,0.0000,49.0023,0.0000,295.1333,24.0844,0.3571,0.4894,0.2318,0.0232,939.7830,1012.2725,77.8345,77.8345,2.1832,2.7290,183.3736,0.0000,0.0000,0.0000,139.5152,5.0114,1952.9505
11/10/2018 00:00:00,0.0000,0.6585,15.4626,0.0000,0.0000,0.0000,0.0000,0.0000,48.4113,0.0000,297.2933,24.2298,0.3571,0.4866,0.2311,0.0231,943.2776,1021.1341,77.6384,77.6384,2.1624,2.7030,184.0725,0.0000,0.0000,0.0000,140.7710,5.0109,1965.3163
12/10/2018 00:00:00,0.0000,0.6518,16.3263,0.0000,0.0000,0.0000,0.0000,0.0000,47.8203,0.0000,299.4534,24.3752,0.3571,0.4839,0.2303,0.0230,946.7722,1029.9957,77.4423,77.4423,2.1415,2.6769,184.7714,0.0000,0.0000,0.0000,142.0267,5.0104,1977.6822
13/10/2018 00:00:00,0.0000,0.6453,17.7076,0.0000,0.0000,0.0000,0.0000,0.0000,47.2293,0.0000,301.6134,24.5207,0.3571,0.4811,0.2296,0.0230,950.2667,1038.8572,77.2462,77.2461,2.1207,2.6509,185.4704,0.0000,0.0000,0.0000,143.2825,5.0099,1990.0481
14/10/2018 00:00:00,0.0000,0.6413,18.1048,0.0000,0.0000,0.0000,0.0000,0.0000,46.6383,0.0000,303.7735,24.6661,0.3571,0.4783,0.2288,0.0229,953.7613,1047.7188,77.0500,77.0500,2.0999,2.6248,186.1693,0.0000,0.0000,0.0000,144.5383,5.0094,2002.4139
15/10/2018 00:00:00,0.0000,0.6329,18.4923,0.0000,0.0000,0.0000,0.0000,0.0000,46.0472,0.0000,305.9335,24.8115,0.3571,0.4756,0.2280,0.0228,957.2559,1056.5804,76.8539,76.8539,2.0790,2.5988,186.8682,0.0000,0.0000,0.0000,145.7940,5.0088,2014.7798
16/10/2018 00:00:00,0.0000,0.6315,17.9955,0.0000,0.0000,0.0000,0.0000,0.0000,45.4562,0.0000,308.0935,24.9569,0.3571,0.4728,0.2273,0.0227,960.7504,1065.4420,76.6578,76.6578,2.0582,2.5727,187.5671,0.0000,0.0000,0.0000,147.0498,5.0083,2027.1456
17/10/2018 00:00:00,0.0000,0.6303,16.1428,0.0000,0.0000,0.0000,0.0000,0.0000,44.8652,0.0000,310.2536,25.1023,0.3571,0.4700,0.2265,0.0227,964.2450,1074.3036,76.4617,76.4616,2.0373,2.5467,188.2661,0.0000,0.0000,0.0000,148.3056,5.0078,2039.5115
18/10/2018 00:00:00,0.0000,0.6290,16.0212,0.0000,0.0000,0.0000,0.0000,0.0000,44.2742,0.0000,312.4136,25.2477,0.3571,0.4673,0.2257,0.0226,967.7395,1083.1652,76.2656,76.2655,2.0165,2.5206,188.9650,0.0000,0.0000,0.0000,149.5613,5.0073,2051.8773
19/10/2018 00:00:00,0.0000,0.6279,15.8625,0.0000,0.0000,0.0000,0.0000,0.0000,43.6832,0.0000,314.5736,25.3931,0.3571,0.4645,0.2250,0.0225,971.2341,1092.0268,76.0695,76.0694,1.9957,2.4946,189.6639,0.0000,0.0000,0.0000,150.8171,5.0068,2064.2432
20/10/2018 00:00:00,0.0000,0.6288,15.8520,0.0000,0.0000,0.0000,0.0000,0.0000,43.0922,0.0000,316.7337,25.5385,0.3571,0.4618,0.2242,0.0224,974.7287,1100.8884,75.8733,75.8733,1.9748,2.4685,190.3628,0.0000,0.0000,0.0000,152.0728,5.0062,2076.6090
21/10/2018 00:00:00,0.0000,0.6299,16.9802,0.0000,0.0000,0.0000,0.0000,0.0000,42.5012,0.0000,318.8937,25.6839,0.3571,0.4590,0.2234,0.0223,978.2232,1109.7500,75.6772,75.6771,1.9540,2.4425,191.0618,0.0000,0.0000,0.0000,153.3286,5.0057,2088.9749
22/10/2018 00:00:00,0.0000,0.6299,17.9654,0.0000,0.0000,0.0000,0.0000,0.0000,41.9102,0.0000,321.0538,25.8293,0.3571,0.4562,0.2227,0.0223,981.7178,1118.6116,75.4811,75.4810,1.9331,2.4164,191.7607,0.0000,0.0000,0.0000,154.5844,5.0052,2101.3408
23/10/2018 00:00:00,0.0000,0.6331,17.6861,0.0000,0.0000,0.0000,0.0000,0.0000,41.3192,0.0000,323.2138,25.9747,0.3571,0.4535,0.2219,0.0222,985.2124,1127.4732,75.2850,75.2849,1.9123,2.3904,192.4596,0.0000,0.0000,0.0000,155.8401,5.0047,2113.7066
24/10/2018 00:00:00,0.0000,0.6369,17.3031,0.0000,0.0000,0.0000,0.0000,0.0000,40.7281,0.0000,325.3738,26.1201,0.3571,0.4507,0.2212,0.0221,988.7069,1136.3348,75.0889,75.0888,1.8915,2.3643,193.1585,0.0000,0.0000,0.0000,157.0959,5.0042,2126.0725
25/10/2018 00:00:00,0.0000,0.6377,17.8627,0.0000,0.0000,0.0000,0.0000,0.0000,40.1371,0.0000,327.5339,26.2655,0.3571,0.4479,0.2204,0.0220,992.2015,1145.1964,74.8927,74.8926,1.8706,2.3383,193.8575,0.0000,0.0000,0.0000,158.3517,5.0036,2138.4383
26/10/2018 00:00:00,0.0000,0.6401,18.0416,0.0000,0.0000,0.0000,0.0000,0.0000,39.5461,0.0000,329.6939,26.4109,0.3571,0.4452,0.2196,0.0220,995.6960,1154.0580,74.6966,74.6965,1.8498,2.3122,194.5564,0.0000,0.0000,0.0000,159.6074,5.0031,2150.8042
27/10/2018 00:00:00,0.0000,0.6419,18.8057,0.0000,0.0000,0.0000,0.0000,0.0000,38.9551,0.0000,331.8539,26.5563,0.3571,0.4424,0.2189,0.0219,999.1906,1162.9196,74.5005,74.5004,1.8289,2.2862,195.2553,0.0000,0.0000,0.0000,160.8632,5.0026,2163.1700
28/10/2018 00:00:00,0.0000,0.6424,18.8488,0.0000,0.0000,0.0000,0.0000,0.0000,38.3641,0.0000,334.0140,26.7018,0.3571,0.4396,0.2181,0.0218,1002.6852,1171.7812,74.3044,74.3043,1.8081,2.2601,195.9543,0.0000,0.0000,0.0000,162.1190,5.0021,2175.5359
29/10/2018 00:00:00,0.0000,0.6415,18.2718,0.0000,0.0000,0.0000,0.0000,0.0000,37.7731,0.0000,336.1740,26.8472,0.3571,0.4369,0.2173,0.0217,1006.1797,1180.6428,74.1083,74.1081,1.7873,2.2341,196.6532,0.0000,0.0000,0.0000,163.3747,5.0016,2187.9017
30/10/2018 00:00:00,0.0000,0.6398,18.9222,0.0000,0.0000,0.0000,0.0000,0.0000,37.1821,0.0000,338.3341,26.9926,0.3571,0.4341,0.2166,0.0217,1009.6743,1189.5044,73.9122,73.9120,1.7664,2.2080,197.3521,0.0000,0.0000,0.0000,164.6305,5.0010,2200.2676
31/10/2018 00:00:00,0.0000,0.6359,20.3482,0.0000,0.0000,0.0000,0.0000,0.0000,36.5911,0.0000,340.4941,27.1380,0.3571,0.4313,0.2158,0.0216,1013.1689,1198.3660,73.7160,73.7159,1.7456,2.1820,198.0510,0.0000,0.0000,0.0000,165.8862,5.0005,2212.6334
01/11/2018 00:00:00,0.0000,0.6345,20.9612,0.0000,0.0000,0.0000,0.0000,0.0000,36.0001,0.0000,342.6541,27.2834,0.3571,0.4286,0.2151,0.0215,1016.6634,1207.2276,73.5199,73.5198,1.7247,2.1559,198.7500,0.0000,0.0000,0.0000,167.1420,5.0000,2224.9993
02/11/2018 00:00:00,0.0000,0.6277,21.6297,0.0000,0.0000,0.0000,0.0000,0.0000,35.6627,0.0000,340.4171,27.8761,0.3690,0.4222,0.2158,0.0216,1016.3891,1201.5947,73.7484,73.7485,1.7300,2.1625,197.6112,0.0000,0.0000,0.0000,166.9763,5.0043,2218.8893
03/11/2018 00:00:00,0.0000,0.6179,20.1792,0.0000,0.0000,0.0000,0.0000,0.0000,35.3255,0.0000,338.1757,28.4692,0.3809,0.4159,0.2165,0.0216,1016.1114,1195.9556,73.9772,73.9774,1.7353,2.1691,196.4723,0.0000,0.0000,0.0000,166.8096,5.0086,2212.7782
04/11/2018 00:00:00,0.0000,0.6115,19.8298,0.0000,0.0000,0.0000,0.0000,0.0000,34.9883,0.0000,335.9344,29.0624,0.3929,0.4095,0.2172,0.0217,1015.8336,1190.3165,74.2060,74.2062,1.7406,2.1757,195.3334,0.0000,0.0000,0.0000,166.6430,5.0129,2206.6672
05/11/2018 00:00:00,0.0000,0.6101,20.5506,0.0000,0.0000,0.0000,0.0000,0.0000,34.6511,0.0000,333.6930,29.6555,0.4048,0.4032,0.2179,0.0218,1015.5558,1184.6775,74.4349,74.4350,1.7458,2.1823,194.1946,0.0000,0.0000,0.0000,166.4763,5.0172,2200.5561
06/11/2018 00:00:00,0.0000,0.6039,20.0260,0.0000,0.0000,0.0000,0.0000,0.0000,34.3139,0.0000,331.4517,30.2486,0.4167,0.3968,0.2186,0.0219,1015.2780,1179.0384,74.6637,74.6639,1.7511,2.1889,193.0557,0.0000,0.0000,0.0000,166.3096,5.0215,2194.4451
07/11/2018 00:00:00,0.0000,0.6028,17.8833,0.0000,0.0000,0.0000,0.0000,0.0000,33.9768,0.0000,329.2103,30.8417,0.4286,0.3905,0.2194,0.0219,1015.0002,1173.3993,74.8925,74.8927,1.7564,2.1955,191.9168,0.0000,0.0000,0.0000,166.1430,5.0258,2188.3340
08/11/2018 00:00:00,0.0000,0.6045,17.1386,0.0000,0.0000,0.0000,0.0000,0.0000,33.6396,0.0000,326.9690,31.4349,0.4405,0.3841,0.2201,0.0220,1014.7224,1167.7602,75.1214,75.1215,1.7617,2.2021,190.7780,0.0000,0.0000,0.0000,165.9763,5.0301,2182.2230
09/11/2018 00:00:00,0.0000,0.6002,17.8341,0.0000,0.0000,0.0000,0.0000,0.0000,33.3024,0.0000,324.7276,32.0280,0.4524,0.3778,0.2208,0.0221,1014.4447,1162.1211,75.3502,75.3504,1.7669,2.2087,189.6391,0.0000,0.0000,0.0000,165.8096,5.0344,2176.1119
10/11/2018 00:00:00,0.0000,0.6002,19.2926,0.0000,0.0000,0.0000,0.0000,0.0000,32.9652,0.0000,322.4862,32.6211,0.4643,0.3714,0.2215,0.0222,1014.1669,1156.4820,75.5791,75.5792,1.7722,2.2153,188.5002,0.0000,0.0000,0.0000,165.6429,5.0387,2170.0009
11/11/2018 00:00:00,0.0000,0.5966,20.2982,0.0000,0.0000,0.0000,0.0000,0.0000,32.6280,0.0000,320.2449,33.2142,0.4762,0.3651,0.2222,0.0222,1013.8891,1150.8429,75.8079,75.8080,1.7775,2.2219,187.3613,0.0000,0.0000,0.0000,165.4763,5.0430,2163.8899
12/11/2018 00:00:00,0.0000,0.5930,20.9393,0.0000,0.0000,0.0000,0.0000,0.0000,32.2908,0.0000,318.0035,33.8074,0.4881,0.3587,0.2229,0.0223,1013.6113,1145.2038,76.0367,76.0369,1.7828,2.2285,186.2225,0.0000,0.0000,0.0000,165.3096,5.0473,2157.7788
13/11/2018 00:00:00,0.0000,0.5840,20.6789,0.0000,0.0000,0.0000,0.0000,0.0000,31.9536,0.0000,315.7622,34.4005,0.5000,0.3524,0.2237,0.0224,1013.3335,1139.5647,76.2656,76.2657,1.7880,2.2351,185.0836,0.0000,0.0000,0.0000,165.1429,5.0516,2151.6678
14/11/2018 00:00:00,0.0000,0.5783,20.2418,0.0000,0.0000,0.0000,0.0000,0.0000,31.6164,0.0000,313.5208,34.9936,0.5119,0.3460,0.2244,0.0224,1013.0557,1133.9256,76.4944,76.4945,1.7933,2.2417,183.9447,0.0000,0.0000,0.0000,164.9763,5.0559,2145.5567
15/11/2018 00:00:00,0.0000,0.5782,19.5493,0.0000,0.0000,0.0000,0.0000,0.0000,31.2792,0.0000,311.2795,35.5867,0.5238,0.3397,0.2251,0.0225,1012.7780,1128.2865,76.7232,76.7234,1.7986,2.2482,182.8058,0.0000,0.0000,0.0000,164.8096,5.0602,2139.4457
16/11/2018 00:00:00,0.0000,0.5734,19.7323,0.0000,0.0000,0.0000,0.0000,0.0000,30.9420,0.0000,309.0381,36.1799,0.5357,0.3333,0.2258,0.0226,1012.5002,1122.6474,76.9521,76.9522,1.8039,2.2548,181.6670,0.0000,0.0000,0.0000,164.6429,5.0645,2133.3346
17/11/2018 00:00:00,0.0000,0.5672,19.2158,0.0000,0.0000,0.0000,0.0000,0.0000,30.6048,0.0000,306.7967,36.7730,0.5476,0.3270,0.2265,0.0227,1012.2224,1117.0083,77.1809,77.1810,1.8091,2.2614,180.5281,0.0000,0.0000,0.0000,164.4763,5.0688,2127.2236
18/11/2018 00:00:00,0.0000,0.5638,19.9515,0.0000,0.0000,0.0000,0.0000,0.0000,30.2676,0.0000,304.5554,37.3661,0.5595,0.3206,0.2272,0.0227,1011.9446,1111.3692,77.4097,77.4099,1.8144,2.2680,179.3892,0.0000,0.0000,0.0000,164.3096,5.0731,2121.1125
19/11/2018 00:00:00,0.0000,0.5627,20.4073,0.0000,0.0000,0.0000,0.0000,0.0000,29.9304,0.0000,302.3140,37.9592,0.5714,0.3143,0.2280,0.0228,1011.6668,1105.7301,77.6386,77.6387,1.8197,2.2746,178.2504,0.0000,0.0000,0.0000,164.1429,5.0774,2115.0015
20/11/2018 00:00:00,0.0000,0.5536,19.1888,0.0000,0.0000,0.0000,0.0000,0.0000,29.5932,0.0000,300.0727,38.5524,0.5833,0.3079,0.2287,0.0229,1011.3890,1100.0910,77.8674,77.8675,1.8250,2.2812,177.1115,0.0000,0.0000,0.0000,163.9763,5.0817,2108.8904
21/11/2018 00:00:00,0.0000,0.7304,17.2943,0.0000,0.0000,0.0000,0.0000,0.0000,29.2560,0.0000,297.8313,39.1455,0.5952,0.3016,0.2294,0.0229,1011.1113,1094.4519,78.0963,78.0964,1.8303,2.2878,175.9726,0.0000,0.0000,0.0000,163.8096,5.0860,2102.7794
22/11/2018 00:00:00,0.0000,7.8420,14.3357,0.0000,0.0000,0.0000,0.0000,0.0000,28.9188,0.0000,295.5900,39.7386,0.6071,0.2952,0.2301,0.0230,1010.8335,1088.8128,78.3251,78.3252,1.8355,2.2944,174.8337,0.0000,0.0000,0.0000,163.6429,5.0903,2096.6683
23/11/2018 00:00:00,0.0000,5.3546,15.2230,0.0000,0.0000,0.0000,0.0000,0.0000,28.5816,0.0000,293.3486,40.3317,0.6190,0.2889,0.2308,0.0231,1010.5557,1083.1737,78.5539,78.5540,1.8408,2.3010,173.6949,0.0000,0.0000,0.0000,163.4763,5.0946,2090.5573
24/11/2018 00:00:00,0.0000,4.1851,16.2518,0.0000,0.0000,0.0000,0.0000,0.0000,28.2444,0.0000,291.1073,40.9249,0.6309,0.2825,0.2315,0.0232,1010.2779,1077.5346,78.7828,78.7829,1.8461,2.3076,172.5560,0.0000,0.0000,0.0000,163.3096,5.0989,2084.4462
25/11/2018 00:00:00,0.0000,1.6513,17.4713,0.0000,0.0000,0.0000,0.0000,0.0000,27.9072,0.0000,288.8659,41.5180,0.6429,0.2762,0.2323,0.0232,1010.0001,1071.8955,79.0116,79.0117,1.8514,2.3142,171.4171,0.0000,0.0000,0.0000,163.1429,5.1032,2078.3352
26/11/2018 00:00:00,0.0000,1.2239,18.2593,0.0000,0.0000,0.0000,0.0000,0.0000,27.5700,0.0000,286.6245,42.1111,0.6548,0.2698,0.2330,0.0233,1009.7223,1066.2564,79.2404,79.2405,1.8566,2.3208,170.2782,0.0000,0.0000,0.0000,162.9762,5.1075,2072.2241
27/11/2018 00:00:00,0.0000,1.1668,18.4601,0.0000,0.0000,0.0000,0.0000,0.0000,27.2328,0.0000,284.3832,42.7042,0.6667,0.2635,0.2337,0.0234,1009.4446,1060.6173,79.4693,79.4694,1.8619,2.3274,169.1394,0.0000,0.0000,0.0000,162.8096,5.1118,2066.1131
28/11/2018 00:00:00,0.0000,1.2353,18.0797,0.0000,0.0000,0.0000,0.0000,0.0000,26.8956,0.0000,282.1418,43.2974,0.6786,0.2571,0.2344,0.0234,1009.1668,1054.9782,79.6981,79.6982,1.8672,2.3340,168.0005,0.0000,0.0000,0.0000,162.6429,5.1161,2060.0020
29/11/2018 00:00:00,0.0000,1.1988,18.4663,0.0000,0.0000,0.0000,0.0000,0.0000,26.5584,0.0000,279.9005,43.8905,0.6905,0.2508,0.2351,0.0235,1008.8890,1049.3391,79.9270,79.9270,1.8725,2.3406,166.8616,0.0000,0.0000,0.0000,162.4762,5.1204,2053.8910
30/11/2018 00:00:00,0.0000,1.1840,19.4324,0.0000,0.0000,0.0000,0.0000,0.0000,26.2212,0.0000,277.6591,44.4836,0.7024,0.2444,0.2358,0.0236,1008.6112,1043.7000,80.1558,80.1559,1.8777,2.3472,165.7227,0.0000,0.0000,0.0000,162.3096,5.1247,2047.7799
01/12/2018 00:00:00,0.0000,1.1732,19.7910,0.0000,0.0000,0.0000,0.0000,0.0000,25.8841,0.0000,275.4178,45.0767,0.7143,0.2381,0.2366,0.0237,1008.3334,1038.0609,80.3846,80.3847,1.8830,2.3538,164.5839,0.0000,0.0000,0.0000,162.1429,5.1290,2041.6689
02/12/2018 00:00:00,0.0000,1.2201,18.0956,0.0000,0.0000,0.0000,0.0000,0.0000,26.5265,0.0000,274.1236,44.1975,0.7097,0.2534,0.2379,0.0238,1019.6196,1048.7794,80.1306,80.1305,1.8862,2.3578,163.6564,0.0000,0.0000,0.0000,163.2025,5.1769,2063.9703
03/12/2018 00:00:00,0.0000,1.1513,18.5482,0.0000,0.0000,0.0000,0.0000,0.0000,27.1691,0.0000,272.8299,43.3174,0.7051,0.2688,0.2393,0.0239,1030.9100,1059.5020,79.8762,79.8762,1.8895,2.3619,162.7289,0.0000,0.0000,0.0000,164.2624,5.2248,2086.2821
04/12/2018 00:00:00,0.0000,1.1194,19.9234,0.0000,0.0000,0.0000,0.0000,0.0000,27.8116,0.0000,271.5363,42.4373,0.7005,0.2842,0.2407,0.0241,1042.2004,1070.2245,79.6218,79.6218,1.8927,2.3659,161.8015,0.0000,0.0000,0.0000,165.3223,5.2726,2108.5939
05/12/2018 00:00:00,0.0000,1.1023,21.5529,0.0000,0.0000,0.0000,0.0000,0.0000,28.4542,0.0000,270.2426,41.5572,0.6959,0.2995,0.2421,0.0242,1053.4908,1080.9471,79.3674,79.3674,1.8960,2.3700,160.8741,0.0000,0.0000,0.0000,166.3822,5.3205,2130.9057
06/12/2018 00:00:00,0.0000,1.0608,22.9247,0.0000,0.0000,0.0000,0.0000,0.0000,29.0968,0.0000,268.9489,40.6771,0.6912,0.3149,0.2435,0.0243,1064.7812,1091.6696,79.1130,79.1130,1.8992,2.3740,159.9467,0.0000,0.0000,0.0000,167.4421,5.3684,2153.2175
07/12/2018 00:00:00,0.0000,1.0383,23.6236,0.0000,0.0000,0.0000,0.0000,0.0000,29.7393,0.0000,267.6552,39.7970,0.6866,0.3302,0.2449,0.0245,1076.0716,1102.3922,78.8586,78.8586,1.9024,2.3781,159.0193,0.0000,0.0000,0.0000,168.5020,5.4162,2175.5293
08/12/2018 00:00:00,0.0000,0.9858,21.8144,0.0000,0.0000,0.0000,0.0000,0.0000,30.3819,0.0000,266.3615,38.9169,0.6820,0.3456,0.2463,0.0246,1087.3620,1113.1147,78.6043,78.6042,1.9057,2.3821,158.0918,0.0000,0.0000,0.0000,169.5619,5.4641,2197.8411
09/12/2018 00:00:00,0.0000,0.9690,20.4881,0.0000,0.0000,0.0000,0.0000,0.0000,31.0245,0.0000,265.0678,38.0368,0.6774,0.3610,0.2477,0.0248,1098.6524,1123.8373,78.3499,78.3498,1.9089,2.3862,157.1644,0.0000,0.0000,0.0000,170.6218,5.5120,2220.1529
10/12/2018 00:00:00,0.0000,0.9380,20.5982,0.0000,0.0000,0.0000,0.0000,0.0000,31.6671,0.0000,263.7742,37.1567,0.6728,0.3763,0.2490,0.0249,1109.9428,1134.5598,78.0955,78.0954,1.9122,2.3902,156.2370,0.0000,0.0000,0.0000,171.6817,5.5598,2242.4647
11/12/2018 00:00:00,0.0000,0.9055,21.4442,0.0000,0.0000,0.0000,0.0000,0.0000,32.3096,0.0000,262.4805,36.2765,0.6682,0.3917,0.2504,0.0250,1121.2332,1145.2823,77.8411,77.8410,1.9154,2.3943,155.3096,0.0000,0.0000,0.0000,172.7417,5.6077,2264.7765
12/12/2018 00:00:00,0.0000,0.8821,22.7833,0.0000,0.0000,0.0000,0.0000,0.0000,32.9522,0.0000,261.1868,35.3964,0.6636,0.4071,0.2518,0.0252,1132.5236,1156.0049,77.5867,77.5866,1.9186,2.3983,154.3822,0.0000,0.0000,0.0000,173.8016,5.6556,2287.0883
13/12/2018 00:00:00,0.0000,2.2214,18.8885,0.0000,0.0000,0.0000,0.0000,0.0000,33.5948,0.0000,259.8931,34.5163,0.6590,0.4224,0.2532,0.0253,1143.8140,1166.7274,77.3323,77.3323,1.9219,2.4024,153.4547,0.0000,0.0000,0.0000,174.8615,5.7034,2309.4001
14/12/2018 00:00:00,0.0000,6.6452,16.1604,0.0000,0.0000,0.0000,0.0000,0.0000,34.2374,0.0000,258.5994,33.6362,0.6544,0.4378,0.2546,0.0255,1155.1044,1177.4500,77.0779,77.0779,1.9251,2.4064,152.5273,0.0000,0.0000,0.0000,175.9214,5.7513,2331.7120
15/12/2018 00:00:00,0.0000,4.4733,17.6523,0.0000,0.0000,0.0000,0.0000,0.0000,34.8799,0.0000,257.3057,32.7561,0.6498,0.4531,0.2560,0.0256,1166.3948,1188.1725,76.8235,76.8235,1.9284,2.4105,151.5999,0.0000,0.0000,0.0000,176.9813,5.7992,2354.0238
16/12/2018 00:00:00,0.0000,2.7193,19.7324,0.0000,0.0000,0.0000,0.0000,0.0000,35.5225,0.0000,256.0121,31.8760,0.6452,0.4685,0.2574,0.0257,1177.6852,1198.8951,76.5691,76.5691,1.9316,2.4145,150.6725,0.0000,0.0000,0.0000,178.0412,5.8470,2376.3356
17/12/2018 00:00:00,0.0000,2.1187,20.2758,0.0000,0.0000,0.0000,0.0000,0.0000,36.1651,0.0000,254.7184,30.9959,0.6406,0.4839,0.2588,0.0259,1188.9757,1209.6176,76.3147,76.3147,1.9348,2.4186,149.7451,0.0000,0.0000,0.0000,179.1011,5.8949,2398.6474
18/12/2018 00:00:00,0.0000,1.5914,20.5729,0.0000,0.0000,0.0000,0.0000,0.0000,36.8077,0.0000,253.4247,30.1158,0.6359,0.4992,0.2601,0.0260,1200.2661,1220.3402,76.0603,76.0603,1.9381,2.4226,148.8176,0.0000,0.0000,0.0000,180.1610,5.9427,2420.9592
19/12/2018 00:00:00,0.0000,1.3849,21.6890,0.0000,0.0000,0.0000,0.0000,0.0000,37.4502,0.0000,252.1310,29.2357,0.6313,0.5146,0.2615,0.0262,1211.5565,1231.0627,75.8059,75.8059,1.9413,2.4267,147.8902,0.0000,0.0000,0.0000,181.2209,5.9906,2443.2710
20/12/2018 00:00:00,0.0000,1.2600,21.2243,0.0000,0.0000,0.0000,0.0000,0.0000,38.0928,0.0000,250.8373,28.3556,0.6267,0.5299,0.2629,0.0263,1222.8469,1241.7853,75.5515,75.5515,1.9446,2.4307,146.9628,0.0000,0.0000,0.0000,182.2808,6.0385,2465.5828
21/12/2018 00:00:00,0.0000,1.1780,19.6704,0.0000,0.0000,0.0000,0.0000,0.0000,38.7354,0.0000,249.5436,27.4755,0.6221,0.5453,0.2643,0.0264,1234.1373,1252.5078,75.2971,75.2971,1.9478,2.4348,146.0354,0.0000,0.0000,0.0000,183.3407,6.0863,2487.8946
22/12/2018 00:00:00,0.0000,1.1202,19.7242,0.0000,0.0000,0.0000,0.0000,0.0000,39.3780,0.0000,248.2500,26.5953,0.6175,0.5607,0.2657,0.0266,1245.4277,1263.2303,75.0427,75.0427,1.9510,2.4388,145.1080,0.0000,0.0000,0.0000,184.4006,6.1342,2510.2064
23/12/2018 00:00:00,0.0000,1.0832,20.8373,0.0000,0.0000,0.0000,0.0000,0.0000,40.0205,0.0000,246.9563,25.7152,0.6129,0.5760,0.2671,0.0267,1256.7181,1273.9529,74.7884,74.7884,1.9543,2.4428,144.1805,0.0000,0.0000,0.0000,185.4605,6.1821,2532.5182
24/12/2018 00:00:00,0.0000,1.0561,22.6664,0.0000,0.0000,0.0000,0.0000,0.0000,40.6631,0.0000,245.6626,24.8351,0.6083,0.5914,0.2685,0.0268,1268.0085,1284.6754,74.5340,74.5340,1.9575,2.4469,143.2531,0.0000,0.0000,0.0000,186.5204,6.2299,2554.8300
25/12/2018 00:00:00,0.0000,0.9891,23.3143,0.0000,0.0000,0.0000,0.0000,0.0000,41.3057,0.0000,244.3689,23.9550,0.6037,0.6067,0.2699,0.0270,1279.2989,1295.3980,74.2796,74.2796,1.9608,2.4509,142.3257,0.0000,0.0000,0.0000,187.5803,6.2778,2577.1418
26/12/2018 00:00:00,0.0000,0.9650,24.2730,0.0000,0.0000,0.0000,0.0000,0.0000,41.9483,0.0000,243.0752,23.0749,0.5991,0.6221,0.2712,0.0271,1290.5893,1306.1205,74.0252,74.0252,1.9640,2.4550,141.3983,0.0000,0.0000,0.0000,188.6402,6.3257,2599.4536
27/12/2018 00:00:00,0.0000,0.9487,24.7412,0.0000,0.0000,0.0000,0.0000,0.0000,42.5908,0.0000,241.7815,22.1948,0.5945,0.6375,0.2726,0.0273,1301.8797,1316.8431,73.7708,73.7708,1.9672,2.4590,140.4709,0.0000,0.0000,0.0000,189.7002,6.3735,2621.7654
28/12/2018 00:00:00,0.0000,0.9242,24.1276,0.0000,0.0000,0.0000,0.0000,0.0000,43.2334,0.0000,240.4879,21.3147,0.5899,0.6528,0.2740,0.0274,1313.1701,1327.5656,73.5164,73.5164,1.9705,2.4631,139.5435,0.0000,0.0000,0.0000,190.7601,6.4214,2644.0772
29/12/2018 00:00:00,0.0000,0.9185,23.3145,0.0000,0.0000,0.0000,0.0000,0.0000,43.8760,0.0000,239.1942,20.4346,0.5853,0.6682,0.2754,0.0275,1324.4605,1338.2882,73.2620,73.2620,1.9737,2.4671,138.6160,0.0000,0.0000,0.0000,191.8200,6.4693,2666.3890
30/12/2018 00:00:00,0.0000,0.8992,22.3150,0.0000,0.0000,0.0000,0.0000,0.0000,44.5186,0.0000,237.9005,19.5545,0.5806,0.6836,0.2768,0.0277,1335.7509,1349.0107,73.0076,73.0076,1.9770,2.4712,137.6886,0.0000,0.0000,0.0000,192.8799,6.5171,2688.7008
31/12/2018 00:00:00,0.0000,0.8761,22.0134,0.0000,0.0000,0.0000,0.0000,0.0000,45.1611,0.0000,236.6068,18.6744,0.5760,0.6989,0.2782,0.0278,1347.0413,1359.7333,72.7532,72.7532,1.9802,2.4752,136.7612,0.0000,0.0000,0.0000,193.9398,6.5650,2711.0126
01/01/2019 00:00:00,0.0000,0.8548,22.6576,0.0000,0.0000,0.0000,0.0000,0.0000,45.8037,0.0000,235.3131,17.7943,0.5714,0.7143,0.2796,0.0280,1358.3317,1370.4558,72.4988,72.4989,1.9834,2.4793,135.8338,0.0000,0.0000,0.0000,194.9997,6.6129,2733.3244
02/01/2019 00:00:00,0.0000,0.8472,23.1435,0.0000,0.0000,0.0000,0.0000,0.0000,45.6751,0.0000,235.6148,18.0804,0.5645,0.7131,0.2773,0.0277,1357.5270,1359.8880,72.3007,72.3008,1.9635,2.4544,136.9887,0.0000,0.0000,0.0000,196.0366,6.6056,2723.9286
03/01/2019 00:00:00,0.0000,0.8410,24.1568,0.0000,0.0000,0.0000,0.0000,0.0000,45.5465,0.0000,235.9172,18.3674,0.5576,0.7120,0.2751,0.0275,1356.7205,1349.3156,72.1027,72.1027,1.9436,2.4295,138.1446,0.0000,0.0000,0.0000,197.0734,6.5983,2714.5202
04/01/2019 00:00:00,0.0000,0.8131,23.7939,0.0000,0.0000,0.0000,0.0000,0.0000,45.4179,0.0000,236.2196,18.6544,0.5507,0.7108,0.2728,0.0273,1355.9141,1338.7431,71.9046,71.9046,1.9237,2.4046,139.3005,0.0000,0.0000,0.0000,198.1103,6.5911,2705.1117
05/01/2019 00:00:00,0.0000,0.7972,21.6403,0.0000,0.0000,0.0000,0.0000,0.0000,45.2893,0.0000,236.5220,18.9414,0.5438,0.7097,0.2706,0.0271,1355.1076,1328.1706,71.7066,71.7066,1.9037,2.3797,140.4564,0.0000,0.0000,0.0000,199.1472,6.5838,2695.7033
06/01/2019 00:00:00,0.0000,0.7955,21.7329,0.0000,0.0000,0.0000,0.0000,0.0000,45.1607,0.0000,236.8244,19.2283,0.5369,0.7085,0.2683,0.0268,1354.3012,1317.5981,71.5085,71.5085,1.8838,2.3548,141.6123,0.0000,0.0000,0.0000,200.1840,6.5765,2686.2948
07/01/2019 00:00:00,0.0000,0.7933,21.7124,0.0000,0.0000,0.0000,0.0000,0.0000,45.0321,0.0000,237.1269,19.5153,0.5300,0.7074,0.2660,0.0266,1353.4947,1307.0256,71.3104,71.3105,1.8639,2.3299,142.7682,0.0000,0.0000,0.0000,201.2209,6.5692,2676.8864
08/01/2019 00:00:00,0.0000,0.7865,22.0837,0.0000,0.0000,0.0000,0.0000,0.0000,44.9035,0.0000,237.4293,19.8023,0.5230,0.7062,0.2638,0.0264,1352.6883,1296.4532,71.1124,71.1124,1.8440,2.3050,143.9241,0.0000,0.0000,0.0000,202.2578,6.5619,2667.4779
09/01/2019 00:00:00,0.0000,0.7768,21.5426,0.0000,0.0000,0.0000,0.0000,0.0000,44.7749,0.0000,237.7317,20.0893,0.5161,0.7051,0.2615,0.0262,1351.8818,1285.8807,70.9143,70.9143,1.8241,2.2801,145.0801,0.0000,0.0000,0.0000,203.2946,6.5546,2658.0695
10/01/2019 00:00:00,0.0000,0.7766,20.8387,0.0000,0.0000,0.0000,0.0000,0.0000,44.6463,0.0000,238.0341,20.3763,0.5092,0.7039,0.2593,0.0259,1351.0754,1275.3082,70.7163,70.7163,1.8041,2.2552,146.2360,0.0000,0.0000,0.0000,204.3315,6.5474,2648.6610
11/01/2019 00:00:00,0.0000,0.7787,21.6490,0.0000,0.0000,0.0000,0.0000,0.0000,44.5176,0.0000,238.3365,20.6633,0.5023,0.7028,0.2570,0.0257,1350.2689,1264.7357,70.5182,70.5182,1.7842,2.2303,147.3919,0.0000,0.0000,0.0000,205.3684,6.5401,2639.2526
12/01/2019 00:00:00,0.0000,0.7674,22.6521,0.0000,0.0000,0.0000,0.0000,0.0000,44.3890,0.0000,238.6389,20.9503,0.4954,0.7016,0.2548,0.0255,1349.4625,1254.1633,70.3201,70.3202,1.7643,2.2054,148.5478,0.0000,0.0000,0.0000,206.4052,6.5328,2629.8441
13/01/2019 00:00:00,0.0000,0.7773,21.6485,0.0000,0.0000,0.0000,0.0000,0.0000,44.2604,0.0000,238.9414,21.2373,0.4885,0.7005,0.2525,0.0253,1348.6560,1243.5908,70.1221,70.1221,1.7444,2.1805,149.7037,0.0000,0.0000,0.0000,207.4421,6.5255,2620.4357
14/01/2019 00:00:00,0.0000,0.7854,23.4031,0.0000,0.0000,0.0000,0.0000,0.0000,44.1318,0.0000,239.2438,21.5243,0.4816,0.6993,0.2503,0.0250,1347.8496,1233.0183,69.9240,69.9240,1.7244,2.1555,150.8596,0.0000,0.0000,0.0000,208.4790,6.5182,2611.0272
15/01/2019 00:00:00,0.0000,0.7988,25.0502,0.0000,0.0000,0.0000,0.0000,0.0000,44.0032,0.0000,239.5462,21.8113,0.4747,0.6982,0.2480,0.0248,1347.0431,1222.4458,69.7260,69.7260,1.7045,2.1306,152.0155,0.0000,0.0000,0.0000,209.5158,6.5109,2601.6188
16/01/2019 00:00:00,0.0000,0.7899,24.9720,0.0000,0.0000,0.0000,0.0000,0.0000,43.8746,0.0000,239.8486,22.0983,0.4677,0.6970,0.2458,0.0246,1346.2367,1211.8733,69.5279,69.5279,1.6846,2.1057,153.1714,0.0000,0.0000,0.0000,210.5527,6.5036,2592.2103
17/01/2019 00:00:00,0.0000,0.7881,24.8574,0.0000,0.0000,0.0000,0.0000,0.0000,43.7460,0.0000,240.1510,22.3853,0.4608,0.6959,0.2435,0.0243,1345.4302,1201.3009,69.3299,69.3299,1.6647,2.0808,154.3273,0.0000,0.0000,0.0000,211.5896,6.4964,2582.8019
18/01/2019 00:00:00,0.0000,0.7821,23.6707,0.0000,0.0000,0.0000,0.0000,0.0000,43.6174,0.0000,240.4535,22.6723,0.4539,0.6947,0.2412,0.0241,1344.6238,1190.7284,69.1318,69.1318,1.6447,2.0559,155.4832,0.0000,0.0000,0.0000,212.6264,6.4891,2573.3934
19/01/2019 00:00:00,0.0000,0.7809,22.5981,0.0000,0.0000,0.0000,0.0000,0.0000,43.4888,0.0000,240.7559,22.9593,0.4470,0.6935,0.2390,0.0239,1343.8173,1180.1559,68.9337,68.9337,1.6248,2.0310,156.6392,0.0000,0.0000,0.0000,213.6633,6.4818,2563.9850
20/01/2019 00:00:00,0.0000,0.7840,22.8416,0.0000,0.0000,0.0000,0.0000,0.0000,43.3601,0.0000,241.0583,23.2463,0.4401,0.6924,0.2367,0.0237,1343.0109,1169.5834,68.7357,68.7357,1.6049,2.0061,157.7951,0.0000,0.0000,0.0000,214.7002,6.4745,2554.5765
21/01/2019 00:00:00,0.0000,0.7801,23.7381,0.0000,0.0000,0.0000,0.0000,0.0000,43.2315,0.0000,241.3607,23.5332,0.4332,0.6912,0.2345,0.0234,1342.2044,1159.0110,68.5376,68.5376,1.5850,1.9812,158.9510,0.0000,0.0000,0.0000,215.7370,6.4672,2545.1681
22/01/2019 00:00:00,0.0000,0.8027,25.0259,0.0000,0.0000,0.0000,0.0000,0.0000,43.1029,0.0000,241.6631,23.8202,0.4263,0.6901,0.2322,0.0232,1341.3980,1148.4385,68.3396,68.3396,1.5651,1.9563,160.1069,0.0000,0.0000,0.0000,216.7739,6.4599,2535.7596
23/01/2019 00:00:00,0.0000,0.7742,25.9124,0.0000,0.0000,0.0000,0.0000,0.0000,42.9743,0.0000,241.9655,24.1072,0.4194,0.6889,0.2300,0.0230,1340.5915,1137.8660,68.1415,68.1415,1.5451,1.9314,161.2628,0.0000,0.0000,0.0000,217.8108,6.4527,2526.3512
24/01/2019 00:00:00,0.0000,0.7423,26.3673,0.0000,0.0000,0.0000,0.0000,0.0000,42.8457,0.0000,242.2680,24.3942,0.4124,0.6878,0.2277,0.0228,1339.7851,1127.2935,67.9435,67.9435,1.5252,1.9065,162.4187,0.0000,0.0000,0.0000,218.8476,6.4454,2516.9427
25/01/2019 00:00:00,0.0000,0.7311,25.3823,0.0000,0.0000,0.0000,0.0000,0.0000,42.7171,0.0000,242.5704,24.6812,0.4055,0.6866,0.2255,0.0225,1338.9786,1116.7210,67.7454,67.7454,1.5053,1.8816,163.5746,0.0000,0.0000,0.0000,219.8845,6.4381,2507.5343
26/01/2019 00:00:00,0.0000,0.7208,23.8467,0.0000,0.0000,0.0000,0.0000,0.0000,42.5885,0.0000,242.8728,24.9682,0.3986,0.6855,0.2232,0.0223,1338.1722,1106.1486,67.5473,67.5473,1.4854,1.8567,164.7305,0.0000,0.0000,0.0000,220.9214,6.4308,2498.1258
27/01/2019 00:00:00,0.0000,0.7160,23.0907,0.0000,0.0000,0.0000,0.0000,0.0000,42.4599,0.0000,243.1752,25.2552,0.3917,0.6843,0.2210,0.0221,1337.3657,1095.5761,67.3493,67.3493,1.4654,1.8318,165.8864,0.0000,0.0000,0.0000,221.9582,6.4235,2488.7174
28/01/2019 00:00:00,0.0000,0.7171,23.5757,0.0000,0.0000,0.0000,0.0000,0.0000,42.3313,0.0000,243.4776,25.5422,0.3848,0.6832,0.2187,0.0219,1336.5593,1085.0036,67.1512,67.1512,1.4455,1.8069,167.0423,0.0000,0.0000,0.0000,222.9951,6.4162,2479.3090
29/01/2019 00:00:00,0.0000,0.7171,24.4451,0.0000,0.0000,0.0000,0.0000,0.0000,42.2027,0.0000,243.7801,25.8292,0.3779,0.6820,0.2164,0.0216,1335.7528,1074.4311,66.9532,66.9532,1.4256,1.7820,168.1982,0.0000,0.0000,0.0000,224.0320,6.4090,2469.9005
30/01/2019 00:00:00,0.0000,0.7224,24.3527,0.0000,0.0000,0.0000,0.0000,0.0000,42.0740,0.0000,244.0825,26.1162,0.3710,0.6809,0.2142,0.0214,1334.9464,1063.8587,66.7551,66.7551,1.4057,1.7571,169.3542,0.0000,0.0000,0.0000,225.0688,6.4017,2460.4921
31/01/2019 00:00:00,0.0000,0.9893,21.9667,0.0000,0.0000,0.0000,0.0000,0.0000,41.9454,0.0000,244.3849,26.4032,0.3641,0.6797,0.2119,0.0212,1334.1399,1053.2862,66.5571,66.5570,1.3857,1.7322,170.5101,0.0000,0.0000,0.0000,226.1057,6.3944,2451.0836
01/02/2019 00:00:00,0.0000,0.8640,20.0538,0.0000,0.0000,0.0000,0.0000,0.0000,41.8168,0.0000,244.6873,26.6902,0.3571,0.6786,0.2097,0.0210,1333.3334,1042.7137,66.3590,66.3590,1.3658,1.7073,171.6660,0.0000,0.0000,0.0000,227.1426,6.3871,2441.6752
02/02/2019 00:00:00,0.0000,0.8333,21.8130,0.0000,0.0000,0.0000,0.0000,0.0000,41.6882,0.0000,245.0312,26.6269,0.3571,0.6709,0.2068,0.0207,1330.7555,1040.3105,66.6901,66.6901,1.3906,1.7382,171.4872,0.0000,0.0000,0.0000,226.5116,6.3704,2436.2848
03/02/2019 00:00:00,0.0000,0.7941,23.7023,0.0000,0.0000,0.0000,0.0000,0.0000,41.5596,0.0000,245.3750,26.5633,0.3571,0.6633,0.2039,0.0204,1328.1772,1037.9115,67.0216,67.0216,1.4154,1.7692,171.3077,0.0000,0.0000,0.0000,225.8802,6.3536,2430.8980
04/02/2019 00:00:00,0.0000,0.7731,21.9348,0.0000,0.0000,0.0000,0.0000,0.0000,41.4310,0.0000,245.7189,26.4998,0.3571,0.6556,0.2010,0.0201,1325.5989,1035.5125,67.3531,67.3531,1.4401,1.8002,171.1281,0.0000,0.0000,0.0000,225.2488,6.3369,2425.5113
05/02/2019 00:00:00,0.0000,0.7682,20.9386,0.0000,0.0000,0.0000,0.0000,0.0000,41.3024,0.0000,246.0627,26.4362,0.3571,0.6480,0.1982,0.0198,1323.0207,1033.1134,67.6846,67.6846,1.4649,1.8311,170.9485,0.0000,0.0000,0.0000,224.6174,6.3201,2420.1245
06/02/2019 00:00:00,0.0000,0.7567,22.1402,0.0000,0.0000,0.0000,0.0000,0.0000,41.1738,0.0000,246.4066,26.3727,0.3571,0.6403,0.1953,0.0195,1320.4424,1030.7144,68.0161,68.0161,1.4897,1.8621,170.7690,0.0000,0.0000,0.0000,223.9860,6.3033,2414.7377
07/02/2019 00:00:00,0.0000,0.8015,23.0512,0.0000,0.0000,0.0000,0.0000,0.0000,41.0452,0.0000,246.7505,26.3091,0.3571,0.6327,0.1924,0.0192,1317.8642,1028.3154,68.3476,68.3476,1.5144,1.8930,170.5894,0.0000,0.0000,0.0000,223.3546,6.2866,2409.3510
08/02/2019 00:00:00,0.0000,0.7316,21.9265,0.0000,0.0000,0.0000,0.0000,0.0000,40.9165,0.0000,247.0943,26.2456,0.3571,0.6250,0.1895,0.0190,1315.2859,1025.9164,68.6791,68.6791,1.5392,1.9240,170.4099,0.0000,0.0000,0.0000,222.7232,6.2698,2403.9642
09/02/2019 00:00:00,0.0000,1.2901,19.8427,0.0000,0.0000,0.0000,0.0000,0.0000,40.7879,0.0000,247.4382,26.1820,0.3571,0.6174,0.1866,0.0187,1312.7077,1023.5173,69.0106,69.0106,1.5640,1.9550,170.2303,0.0000,0.0000,0.0000,222.0917,6.2531,2398.5775
10/02/2019 00:00:00,0.0000,1.2423,19.6776,0.0000,0.0000,0.0000,0.0000,0.0000,40.6593,0.0000,247.7821,26.1185,0.3571,0.6097,0.1838,0.0184,1310.1294,1021.1183,69.3421,69.3421,1.5887,1.9859,170.0508,0.0000,0.0000,0.0000,221.4603,6.2363,2393.1907
11/02/2019 00:00:00,0.0000,1.1694,20.5574,0.0000,0.0000,0.0000,0.0000,0.0000,40.5307,0.0000,248.1259,26.0549,0.3571,0.6020,0.1809,0.0181,1307.5511,1018.7193,69.6736,69.6736,1.6135,2.0169,169.8712,0.0000,0.0000,0.0000,220.8289,6.2196,2387.8040
12/02/2019 00:00:00,0.0000,6.5925,19.2385,0.0000,0.0000,0.0000,0.0000,0.0000,40.4021,0.0000,248.4698,25.9914,0.3571,0.5944,0.1780,0.0178,1304.9729,1016.3203,70.0051,70.0051,1.6383,2.0479,169.6916,0.0000,0.0000,0.0000,220.1975,6.2028,2382.4172
13/02/2019 00:00:00,0.0000,11.6839,17.7984,0.0000,0.0000,0.0000,0.0000,0.0000,40.2735,0.0000,248.8137,25.9278,0.3571,0.5867,0.1751,0.0175,1302.3946,1013.9212,70.3366,70.3366,1.6630,2.0788,169.5121,0.0000,0.0000,0.0000,219.5661,6.1861,2377.0304
14/02/2019 00:00:00,0.0000,3.6022,19.3659,0.0000,0.0000,0.0000,0.0000,0.0000,40.1449,0.0000,249.1575,25.8643,0.3571,0.5791,0.1722,0.0172,1299.8164,1011.5222,70.6681,70.6681,1.6878,2.1098,169.3325,0.0000,0.0000,0.0000,218.9347,6.1693,2371.6437
15/02/2019 00:00:00,0.0000,1.3037,20.7188,0.0000,0.0000,0.0000,0.0000,0.0000,40.0163,0.0000,249.5014,25.8007,0.3571,0.5714,0.1694,0.0169,1297.2381,1009.1232,70.9996,70.9996,1.7126,2.1407,169.1530,0.0000,0.0000,0.0000,218.3033,6.1526,2366.2569
16/02/2019 00:00:00,0.0000,1.1378,22.0429,0.0000,0.0000,0.0000,0.0000,0.0000,39.8877,0.0000,249.8453,25.7372,0.3571,0.5638,0.1665,0.0166,1294.6599,1006.7242,71.3311,71.3311,1.7374,2.1717,168.9734,0.0000,0.0000,0.0000,217.6719,6.1358,2360.8702
17/02/2019 00:00:00,0.0000,1.0934,22.5860,0.0000,0.0000,0.0000,0.0000,0.0000,39.7590,0.0000,250.1891,25.6736,0.3571,0.5561,0.1636,0.0164,1292.0816,1004.3251,71.6626,71.6626,1.7621,2.2027,168.7938,0.0000,0.0000,0.0000,217.0405,6.1191,2355.4834
18/02/2019 00:00:00,0.0000,1.2776,21.5512,0.0000,0.0000,0.0000,0.0000,0.0000,39.6304,0.0000,250.5330,25.6101,0.3571,0.5485,0.1607,0.0161,1289.5033,1001.9261,71.9941,71.9941,1.7869,2.2336,168.6143,0.0000,0.0000,0.0000,216.4090,6.1023,2350.0967
19/02/2019 00:00:00,0.0000,5.2170,20.2813,0.0000,0.0000,0.0000,0.0000,0.0000,39.5018,0.0000,250.8769,25.5465,0.3571,0.5408,0.1578,0.0158,1286.9251,999.5271,72.3256,72.3256,1.8117,2.2646,168.4347,0.0000,0.0000,0.0000,215.7776,6.0856,2344.7099
20/02/2019 00:00:00,0.0000,2.6143,20.3393,0.0000,0.0000,0.0000,0.0000,0.0000,39.3732,0.0000,251.2207,25.4830,0.3571,0.5332,0.1550,0.0155,1284.3468,997.1281,72.6571,72.6571,1.8364,2.2955,168.2552,0.0000,0.0000,0.0000,215.1462,6.0688,2339.3232
21/02/2019 00:00:00,0.0000,1.2941,20.5503,0.0000,0.0000,0.0000,0.0000,0.0000,39.2446,0.0000,251.5646,25.4194,0.3571,0.5255,0.1521,0.0152,1281.7686,994.7290,72.9886,72.9886,1.8612,2.3265,168.0756,0.0000,0.0000,0.0000,214.5148,6.0521,2333.9364
22/02/2019 00:00:00,0.0000,1.2495,20.9140,0.0000,0.0000,0.0000,0.0000,0.0000,39.1160,0.0000,251.9085,25.3559,0.3571,0.5179,0.1492,0.0149,1279.1903,992.3300,73.3201,73.3201,1.8860,2.3575,167.8961,0.0000,0.0000,0.0000,213.8834,6.0353,2328.5496
23/02/2019 00:00:00,0.0000,1.1408,21.8684,0.0000,0.0000,0.0000,0.0000,0.0000,38.9874,0.0000,252.2523,25.2923,0.3571,0.5102,0.1463,0.0146,1276.6121,989.9310,73.6516,73.6516,1.9107,2.3884,167.7165,0.0000,0.0000,0.0000,213.2520,6.0185,2323.1629
24/02/2019 00:00:00,0.0000,0.8312,23.0264,0.0000,0.0000,0.0000,0.0000,0.0000,38.8588,0.0000,252.5962,25.2288,0.3571,0.5026,0.1434,0.0143,1274.0338,987.5319,73.9831,73.9831,1.9355,2.4194,167.5369,0.0000,0.0000,0.0000,212.6206,6.0018,2317.7761
25/02/2019 00:00:00,0.0000,0.6240,23.7447,0.0000,0.0000,0.0000,0.0000,0.0000,38.7302,0.0000,252.9401,25.1652,0.3571,0.4949,0.1406,0.0141,1271.4555,985.1329,74.3146,74.3146,1.9603,2.4503,167.3574,0.0000,0.0000,0.0000,211.9892,5.9850,2312.3894
26/02/2019 00:00:00,0.0000,0.6913,23.8578,0.0000,0.0000,0.0000,0.0000,0.0000,38.6015,0.0000,253.2839,25.1017,0.3571,0.4873,0.1377,0.0138,1268.8773,982.7339,74.6461,74.6461,1.9850,2.4813,167.1778,0.0000,0.0000,0.0000,211.3578,5.9683,2307.0026
27/02/2019 00:00:00,0.0000,0.9072,23.8504,0.0000,0.0000,0.0000,0.0000,0.0000,38.4729,0.0000,253.6278,25.0381,0.3571,0.4796,0.1348,0.0135,1266.2990,980.3349,74.9776,74.9776,2.0098,2.5123,166.9983,0.0000,0.0000,0.0000,210.7263,5.9515,2301.6159
28/02/2019 00:00:00,0.0000,0.9026,24.4353,0.0000,0.0000,0.0000,0.0000,0.0000,38.3443,0.0000,253.9717,24.9746,0.3571,0.4719,0.1319,0.0132,1263.7208,977.9358,75.3091,75.3091,2.0346,2.5432,166.8187,0.0000,0.0000,0.0000,210.0949,5.9348,2296.2291
01/03/2019 00:00:00,0.0000,0.8875,24.6100,0.0000,0.0000,0.0000,0.0000,0.0000,38.2157,0.0000,254.3155,24.9110,0.3571,0.4643,0.1290,0.0129,1261.1425,975.5368,75.6406,75.6406,2.0594,2.5742,166.6391,0.0000,0.0000,0.0000,209.4635,5.9180,2290.8424
02/03/2019 00:00:00,0.0000,0.8627,25.1721,0.0000,0.0000,0.0000,0.0000,0.0000,38.0871,0.0000,254.6594,25.4467,0.3571,0.4639,0.1308,0.0131,1258.5642,973.1378,75.2722,75.2721,2.0418,2.5523,166.4596,0.0000,0.0000,0.0000,208.8321,5.9013,2285.4556
03/03/2019 00:00:00,0.0000,0.8146,23.9780,0.0000,0.0000,0.0000,0.0000,0.0000,37.9585,0.0000,255.0033,25.9824,0.3571,0.4635,0.1325,0.0133,1255.9860,970.7388,74.9034,74.9034,2.0243,2.5304,166.2800,0.0000,0.0000,0.0000,208.2007,5.8845,2280.0688
04/03/2019 00:00:00,0.0000,0.8317,22.4849,0.0000,0.0000,0.0000,0.0000,0.0000,37.8299,0.0000,255.3471,26.5181,0.3571,0.4631,0.1342,0.0134,1253.4077,968.3397,74.5346,74.5346,2.0068,2.5085,166.1005,0.0000,0.0000,0.0000,207.5693,5.8678,2274.6821
05/03/2019 00:00:00,0.0000,0.8016,22.2206,0.0000,0.0000,0.0000,0.0000,0.0000,37.7013,0.0000,255.6910,27.0538,0.3571,0.4627,0.1360,0.0136,1250.8295,965.9407,74.1658,74.1658,1.9893,2.4866,165.9209,0.0000,0.0000,0.0000,206.9379,5.8510,2269.2953
06/03/2019 00:00:00,0.0000,2.2252,19.2547,0.0000,0.0000,0.0000,0.0000,0.0000,37.5727,0.0000,256.0349,27.5895,0.3571,0.4624,0.1377,0.0138,1248.2512,963.5417,73.7970,73.7970,1.9718,2.4647,165.7414,0.0000,0.0000,0.0000,206.3065,5.8343,2263.9086
07/03/2019 00:00:00,0.0000,1.2228,18.8611,0.0000,0.0000,0.0000,0.0000,0.0000,37.4440,0.0000,256.3787,28.1252,0.3571,0.4620,0.1394,0.0139,1245.6730,961.1427,73.4283,73.4282,1.9543,2.4428,165.5618,0.0000,0.0000,0.0000,205.6750,5.8175,2258.5218
08/03/2019 00:00:00,0.0000,1.0551,19.5459,0.0000,0.0000,0.0000,0.0000,0.0000,37.3154,0.0000,256.7226,28.6609,0.3571,0.4616,0.1412,0.0141,1243.0947,958.7436,73.0595,73.0595,1.9367,2.4209,165.3822,0.0000,0.0000,0.0000,205.0436,5.8008,2253.1351
09/03/2019 00:00:00,0.0000,0.9813,20.4605,0.0000,0.0000,0.0000,0.0000,0.0000,37.1868,0.0000,257.0665,29.1966,0.3571,0.4612,0.1429,0.0143,1240.5164,956.3446,72.6907,72.6907,1.9192,2.3990,165.2027,0.0000,0.0000,0.0000,204.4122,5.7840,2247.7483
10/03/2019 00:00:00,0.0000,0.9287,20.8440,0.0000,0.0000,0.0000,0.0000,0.0000,37.0582,0.0000,257.4103,29.7324,0.3571,0.4608,0.1446,0.0145,1237.9382,953.9456,72.3219,72.3219,1.9017,2.3771,165.0231,0.0000,0.0000,0.0000,203.7808,5.7673,2242.3615
11/03/2019 00:00:00,0.0000,0.9241,21.1393,0.0000,0.0000,0.0000,0.0000,0.0000,36.9296,0.0000,257.7542,30.2681,0.3571,0.4604,0.1464,0.0146,1235.3599,951.5466,71.9531,71.9531,1.8842,2.3552,164.8436,0.0000,0.0000,0.0000,203.1494,5.7505,2236.9748
12/03/2019 00:00:00,0.0000,2.6127,19.7598,0.0000,0.0000,0.0000,0.0000,0.0000,36.8010,0.0000,258.0981,30.8038,0.3571,0.4601,0.1481,0.0148,1232.7817,949.1475,71.5843,71.5843,1.8667,2.3333,164.6640,0.0000,0.0000,0.0000,202.5180,5.7337,2231.5880
13/03/2019 00:00:00,0.0000,1.9116,18.9186,0.0000,0.0000,0.0000,0.0000,0.0000,36.6724,0.0000,258.4419,31.3395,0.3571,0.4597,0.1498,0.0150,1230.2034,946.7485,71.2156,71.2155,1.8492,2.3114,164.4844,0.0000,0.0000,0.0000,201.8866,5.7170,2226.2013
14/03/2019 00:00:00,0.0000,1.0625,18.9239,0.0000,0.0000,0.0000,0.0000,0.0000,36.5438,0.0000,258.7858,31.8752,0.3571,0.4593,0.1516,0.0152,1227.6252,944.3495,70.8468,70.8468,1.8316,2.2896,164.3049,0.0000,0.0000,0.0000,201.2552,5.7002,2220.8145
15/03/2019 00:00:00,0.0000,0.9556,19.4425,0.0000,0.0000,0.0000,0.0000,0.0000,36.4152,0.0000,259.1297,32.4109,0.3571,0.4589,0.1533,0.0153,1225.0469,941.9505,70.4780,70.4780,1.8141,2.2677,164.1253,0.0000,0.0000,0.0000,200.6238,5.6835,2215.4278
16/03/2019 00:00:00,0.0000,0.9273,20.0032,0.0000,0.0000,0.0000,0.0000,0.0000,36.2865,0.0000,259.4735,32.9466,0.3571,0.4585,0.1550,0.0155,1222.4686,939.5514,70.1092,70.1092,1.7966,2.2458,163.9458,0.0000,0.0000,0.0000,199.9923,5.6667,2210.0410
17/03/2019 00:00:00,0.0000,0.8891,20.8487,0.0000,0.0000,0.0000,0.0000,0.0000,36.1579,0.0000,259.8174,33.4823,0.3571,0.4581,0.1568,0.0157,1219.8904,937.1524,69.7404,69.7404,1.7791,2.2239,163.7662,0.0000,0.0000,0.0000,199.3609,5.6500,2204.6543
18/03/2019 00:00:00,0.0000,0.8605,21.0613,0.0000,0.0000,0.0000,0.0000,0.0000,36.0293,0.0000,260.1613,34.0180,0.3571,0.4578,0.1585,0.0159,1217.3121,934.7534,69.3716,69.3716,1.7616,2.2020,163.5867,0.0000,0.0000,0.0000,198.7295,5.6332,2199.2675
19/03/2019 00:00:00,0.0000,0.8465,21.5147,0.0000,0.0000,0.0000,0.0000,0.0000,35.9007,0.0000,260.5051,34.5537,0.3571,0.4574,0.1602,0.0160,1214.7339,932.3544,69.0029,69.0028,1.7441,2.1801,163.4071,0.0000,0.0000,0.0000,198.0981,5.6165,2193.8807
20/03/2019 00:00:00,0.0000,0.8361,21.9327,0.0000,0.0000,0.0000,0.0000,0.0000,35.7721,0.0000,260.8490,35.0894,0.3571,0.4570,0.1620,0.0162,1212.1556,929.9553,68.6341,68.6341,1.7265,2.1582,163.2275,0.0000,0.0000,0.0000,197.4667,5.5997,2188.4940
21/03/2019 00:00:00,0.0000,0.8201,21.3508,0.0000,0.0000,0.0000,0.0000,0.0000,35.6435,0.0000,261.1929,35.6251,0.3571,0.4566,0.1637,0.0164,1209.5774,927.5563,68.2653,68.2653,1.7090,2.1363,163.0480,0.0000,0.0000,0.0000,196.8353,5.5830,2183.1072
22/03/2019 00:00:00,0.0000,0.8086,21.2617,0.0000,0.0000,0.0000,0.0000,0.0000,35.5149,0.0000,261.5367,36.1608,0.3571,0.4562,0.1655,0.0165,1206.9991,925.1573,67.8965,67.8965,1.6915,2.1144,162.8684,0.0000,0.0000,0.0000,196.2039,5.5662,2177.7205
23/03/2019 00:00:00,0.0000,0.7869,22.1205,0.0000,0.0000,0.0000,0.0000,0.0000,35.3863,0.0000,261.8806,36.6965,0.3571,0.4558,0.1672,0.0167,1204.4208,922.7582,67.5277,67.5277,1.6740,2.0925,162.6889,0.0000,0.0000,0.0000,195.5725,5.5495,2172.3337
24/03/2019 00:00:00,0.0000,1.3685,22.1007,0.0000,0.0000,0.0000,0.0000,0.0000,35.2577,0.0000,262.2245,37.2322,0.3571,0.4555,0.1689,0.0169,1201.8426,920.3592,67.1589,67.1589,1.6565,2.0706,162.5093,0.0000,0.0000,0.0000,194.9410,5.5327,2166.9470
25/03/2019 00:00:00,0.0000,8.8864,17.8462,0.0000,0.0000,0.0000,0.0000,0.0000,35.1291,0.0000,262.5683,37.7679,0.3571,0.4551,0.1707,0.0171,1199.2643,917.9602,66.7902,66.7901,1.6390,2.0487,162.3297,0.0000,0.0000,0.0000,194.3096,5.5160,2161.5602
26/03/2019 00:00:00,0.0000,11.5752,17.1695,0.0000,0.0000,0.0000,0.0000,0.0000,35.0004,0.0000,262.9122,38.3036,0.3571,0.4547,0.1724,0.0172,1196.6861,915.5612,66.4214,66.4214,1.6214,2.0268,162.1502,0.0000,0.0000,0.0000,193.6782,5.4992,2156.1735
27/03/2019 00:00:00,0.0000,4.6896,18.6809,0.0000,0.0000,0.0000,0.0000,0.0000,34.8718,0.0000,263.2561,38.8393,0.3571,0.4543,0.1741,0.0174,1194.1078,913.1621,66.0526,66.0526,1.6039,2.0049,161.9706,0.0000,0.0000,0.0000,193.0468,5.4825,2150.7867
28/03/2019 00:00:00,0.0000,2.0619,19.2675,0.0000,0.0000,0.0000,0.0000,0.0000,34.7432,0.0000,263.5999,39.3751,0.3571,0.4539,0.1759,0.0176,1191.5296,910.7631,65.6838,65.6838,1.5864,1.9830,161.7911,0.0000,0.0000,0.0000,192.4154,5.4657,2145.3999
29/03/2019 00:00:00,0.0000,3.4829,18.2314,0.0000,0.0000,0.0000,0.0000,0.0000,34.6146,0.0000,263.9438,39.9108,0.3571,0.4535,0.1776,0.0178,1188.9513,908.3641,65.3150,65.3150,1.5689,1.9611,161.6115,0.0000,0.0000,0.0000,191.7840,5.4490,2140.0132
30/03/2019 00:00:00,0.0000,12.8961,15.0378,0.0000,0.0000,0.0000,0.0000,0.0000,34.4860,0.0000,264.2877,40.4465,0.3571,0.4531,0.1793,0.0179,1186.3730,905.9651,64.9462,64.9462,1.5514,1.9392,161.4320,0.0000,0.0000,0.0000,191.1526,5.4322,2134.6264
31/03/2019 00:00:00,0.0000,11.8465,15.8012,0.0000,0.0000,0.0000,0.0000,0.0000,34.3574,0.0000,264.6315,40.9822,0.3571,0.4528,0.1811,0.0181,1183.7948,903.5660,64.5775,64.5774,1.5339,1.9173,161.2524,0.0000,0.0000,0.0000,190.5212,5.4154,2129.2397
01/04/2019 00:00:00,0.0000,5.6786,16.6014,0.0000,0.0000,0.0000,0.0000,0.0000,34.2288,0.0000,264.9754,41.5179,0.3571,0.4524,0.1828,0.0183,1181.2165,901.1670,64.2087,64.2087,1.5164,1.8954,161.0728,0.0000,0.0000,0.0000,189.8898,5.3987,2123.8529
02/04/2019 00:00:00,0.0000,2.8087,17.9395,0.0000,0.0000,0.0000,0.0000,0.0000,34.1002,0.0000,265.3193,44.4615,0.3571,0.5396,0.2003,0.0200,1178.6383,898.7680,64.1542,64.1542,1.5199,1.8999,160.8933,0.0000,0.0000,0.0000,189.2583,5.3819,2118.4662
03/04/2019 00:00:00,0.0000,2.0596,18.1532,0.0000,0.0000,0.0000,0.0000,0.0000,33.9716,0.0000,265.6631,47.4074,0.3571,0.6269,0.2179,0.0218,1176.0600,896.3690,64.1001,64.1001,1.5235,1.9043,160.7137,0.0000,0.0000,0.0000,188.6269,5.3652,2113.0794
04/04/2019 00:00:00,0.0000,1.9555,18.7660,0.0000,0.0000,0.0000,0.0000,0.0000,33.8429,0.0000,266.0070,50.3533,0.3571,0.7143,0.2355,0.0235,1173.4818,893.9699,64.0460,64.0459,1.5270,1.9088,160.5342,0.0000,0.0000,0.0000,187.9955,5.3484,2107.6926
05/04/2019 00:00:00,0.0000,1.7833,18.8546,0.0000,0.0000,0.0000,0.0000,0.0000,33.7143,0.0000,266.3508,53.2992,0.3571,0.8016,0.2530,0.0253,1170.9035,891.5709,63.9918,63.9918,1.5306,1.9133,160.3546,0.0000,0.0000,0.0000,187.3641,5.3317,2102.3059
06/04/2019 00:00:00,0.0000,1.7731,18.2684,0.0000,0.0000,0.0000,0.0000,0.0000,33.5857,0.0000,266.6947,56.2452,0.3571,0.8889,0.2706,0.0271,1168.3252,889.1719,63.9377,63.9377,1.5342,1.9177,160.1750,0.0000,0.0000,0.0000,186.7327,5.3149,2096.9191
07/04/2019 00:00:00,0.0000,3.5453,18.0369,0.0000,0.0000,0.0000,0.0000,0.0000,33.4571,0.0000,267.0386,59.1911,0.3571,0.9762,0.2882,0.0288,1165.7470,886.7729,63.8835,63.8835,1.5377,1.9222,159.9955,0.0000,0.0000,0.0000,186.1013,5.2982,2091.5324
08/04/2019 00:00:00,0.0000,6.6662,18.1762,0.0000,0.0000,0.0000,0.0000,0.0000,33.3285,0.0000,267.3824,62.1370,0.3571,1.0635,0.3057,0.0306,1163.1687,884.3738,63.8294,63.8294,1.5413,1.9266,159.8159,0.0000,0.0000,0.0000,185.4699,5.2814,2086.1456
09/04/2019 00:00:00,0.0000,14.9902,16.7334,0.0000,0.0000,0.0000,0.0000,0.0000,33.1999,0.0000,267.7263,65.0829,0.3571,1.1508,0.3233,0.0323,1160.5905,881.9748,63.7753,63.7752,1.5449,1.9311,159.6364,0.0000,0.0000,0.0000,184.8385,5.2647,2080.7589
10/04/2019 00:00:00,0.0000,6.0105,16.1148,0.0000,0.0000,0.0000,0.0000,0.0000,33.0713,0.0000,268.0702,68.0288,0.3571,1.2381,0.3408,0.0341,1158.0122,879.5758,63.7211,63.7211,1.5484,1.9355,159.4568,0.0000,0.0000,0.0000,184.2070,5.2479,2075.3721
11/04/2019 00:00:00,0.0000,2.6414,15.7875,0.0000,0.0000,0.0000,0.0000,0.0000,32.9427,0.0000,268.4140,70.9747,0.3571,1.3254,0.3584,0.0358,1155.4339,877.1768,63.6670,63.6670,1.5520,1.9400,159.2773,0.0000,0.0000,0.0000,183.5756,5.2312,2069.9854
12/04/2019 00:00:00,0.0000,1.9282,16.0819,0.0000,0.0000,0.0000,0.0000,0.0000,32.8141,0.0000,268.7579,73.9207,0.3571,1.4127,0.3760,0.0376,1152.8557,874.7777,63.6128,63.6128,1.5555,1.9444,159.0977,0.0000,0.0000,0.0000,182.9442,5.2144,2064.5986
13/04/2019 00:00:00,0.0000,1.8108,16.6558,0.0000,0.0000,0.0000,0.0000,0.0000,32.6854,0.0000,269.1018,76.8666,0.3571,1.5000,0.3935,0.0394,1150.2774,872.3787,63.5587,63.5587,1.5591,1.9489,158.9181,0.0000,0.0000,0.0000,182.3128,5.1977,2059.2118
14/04/2019 00:00:00,0.0000,1.6513,17.6602,0.0000,0.0000,0.0000,0.0000,0.0000,32.5568,0.0000,269.4456,79.8125,0.3571,1.5873,0.4111,0.0411,1147.6992,869.9797,63.5046,63.5045,1.5627,1.9533,158.7386,0.0000,0.0000,0.0000,181.6814,5.1809,2053.8251
15/04/2019 00:00:00,0.0000,1.5467,17.3828,0.0000,0.0000,0.0000,0.0000,0.0000,32.4282,0.0000,269.7895,82.7584,0.3571,1.6746,0.4287,0.0429,1145.1209,867.5807,63.4504,63.4504,1.5662,1.9578,158.5590,0.0000,0.0000,0.0000,181.0500,5.1642,2048.4383
16/04/2019 00:00:00,0.0000,1.4872,17.6781,0.0000,0.0000,0.0000,0.0000,0.0000,32.2996,0.0000,270.1334,85.7043,0.3571,1.7619,0.4462,0.0446,1142.5427,865.1816,63.3963,63.3963,1.5698,1.9622,158.3795,0.0000,0.0000,0.0000,180.4186,5.1474,2043.0516
17/04/2019 00:00:00,0.0000,1.4314,18.2672,0.0000,0.0000,0.0000,0.0000,0.0000,32.1710,0.0000,270.4772,88.6502,0.3571,1.8492,0.4638,0.0464,1139.9644,862.7826,63.3421,63.3421,1.5734,1.9667,158.1999,0.0000,0.0000,0.0000,179.7872,5.1306,2037.6648
18/04/2019 00:00:00,0.0000,2.1399,17.1045,0.0000,0.0000,0.0000,0.0000,0.0000,32.0424,0.0000,270.8211,91.5962,0.3571,1.9365,0.4814,0.0481,1137.3861,860.3836,63.2880,63.2880,1.5769,1.9711,158.0203,0.0000,0.0000,0.0000,179.1558,5.1139,2032.2781
19/04/2019 00:00:00,0.0000,1.4789,16.0461,0.0000,0.0000,0.0000,0.0000,0.0000,31.9138,0.0000,271.1650,94.5421,0.3571,2.0238,0.4989,0.0499,1134.8079,857.9845,63.2339,63.2338,1.5805,1.9756,157.8408,0.0000,0.0000,0.0000,178.5243,5.0971,2026.8913
20/04/2019 00:00:00,0.0000,1.4213,16.5650,0.0000,0.0000,0.0000,0.0000,0.0000,31.7852,0.0000,271.5088,97.4880,0.3571,2.1111,0.5165,0.0516,1132.2296,855.5855,63.1797,63.1797,1.5840,1.9801,157.6612,0.0000,0.0000,0.0000,177.8929,5.0804,2021.5046
21/04/2019 00:00:00,0.0000,3.6192,17.0279,0.0000,0.0000,0.0000,0.0000,0.0000,31.6566,0.0000,271.8527,100.4339,0.3571,2.1984,0.5340,0.0534,1129.6514,853.1865,63.1256,63.1256,1.5876,1.9845,157.4817,0.0000,0.0000,0.0000,177.2615,5.0636,2016.1178
22/04/2019 00:00:00,0.0000,6.1479,16.7234,0.0000,0.0000,0.0000,0.0000,0.0000,31.5279,0.0000,272.1966,103.3798,0.3571,2.2857,0.5516,0.0552,1127.0731,850.7875,63.0715,63.0714,1.5912,1.9890,157.3021,0.0000,0.0000,0.0000,176.6301,5.0469,2010.7310
23/04/2019 00:00:00,0.0000,2.7266,16.1954,0.0000,0.0000,0.0000,0.0000,0.0000,31.3993,0.0000,272.5404,106.3258,0.3571,2.3730,0.5692,0.0569,1124.4949,848.3884,63.0173,63.0173,1.5947,1.9934,157.1226,0.0000,0.0000,0.0000,175.9987,5.0301,2005.3443
24/04/2019 00:00:00,0.0000,1.8781,16.1797,0.0000,0.0000,0.0000,0.0000,0.0000,31.2707,0.0000,272.8843,109.2717,0.3571,2.4603,0.5867,0.0587,1121.9166,845.9894,62.9632,62.9631,1.5983,1.9979,156.9430,0.0000,0.0000,0.0000,175.3673,5.0134,1999.9575
25/04/2019 00:00:00,0.0000,1.8785,16.1056,0.0000,0.0000,0.0000,0.0000,0.0000,31.1421,0.0000,273.2282,112.2176,0.3571,2.5476,0.6043,0.0604,1119.3383,843.5904,62.9090,62.9090,1.6019,2.0023,156.7634,0.0000,0.0000,0.0000,174.7359,4.9966,1994.5708
26/04/2019 00:00:00,0.0000,3.3246,15.4892,0.0000,0.0000,0.0000,0.0000,0.0000,31.0135,0.0000,273.5720,115.1635,0.3571,2.6349,0.6219,0.0622,1116.7601,841.1914,62.8549,62.8549,1.6054,2.0068,156.5839,0.0000,0.0000,0.0000,174.1045,4.9799,1989.1840
27/04/2019 00:00:00,0.0000,3.1730,14.9868,0.0000,0.0000,0.0000,0.0000,0.0000,30.8849,0.0000,273.9159,118.1094,0.3571,2.7222,0.6394,0.0639,1114.1818,838.7923,62.8008,62.8007,1.6090,2.0112,156.4043,0.0000,0.0000,0.0000,173.4731,4.9631,1983.7973
28/04/2019 00:00:00,0.0000,1.6530,15.1848,0.0000,0.0000,0.0000,0.0000,0.0000,30.7563,0.0000,274.2598,121.0553,0.3571,2.8095,0.6570,0.0657,1111.6036,836.3933,62.7466,62.7466,1.6125,2.0157,156.2248,0.0000,0.0000,0.0000,172.8416,4.9464,1978.4105
29/04/2019 00:00:00,0.0000,1.5748,15.8231,0.0000,0.0000,0.0000,0.0000,0.0000,30.6277,0.0000,274.6036,124.0013,0.3571,2.8968,0.6745,0.0675,1109.0253,833.9943,62.6925,62.6924,1.6161,2.0201,156.0452,0.0000,0.0000,0.0000,172.2102,4.9296,1973.0237
30/04/2019 00:00:00,0.0000,1.4675,15.7239,0.0000,0.0000,0.0000,0.0000,0.0000,30.4991,0.0000,274.9475,126.9472,0.3571,2.9841,0.6921,0.0692,1106.4471,831.5953,62.6383,62.6383,1.6197,2.0246,155.8657,0.0000,0.0000,0.0000,171.5788,4.9129,1967.6370
01/05/2019 00:00:00,0.0000,1.3424,15.5442,0.0000,0.0000,0.0000,0.0000,0.0000,30.3704,0.0000,275.2914,129.8931,0.3571,3.0714,0.7097,0.0710,1103.8688,829.1962,62.5842,62.5842,1.6232,2.0290,155.6861,0.0000,0.0000,0.0000,170.9474,4.8961,1962.2502
02/05/2019 00:00:00,0.0000,4.2658,14.9346,0.0000,0.0000,0.0000,0.0000,0.0000,30.2418,0.0000,275.6352,128.1140,0.3571,2.9885,0.6977,0.0698,1101.2905,826.7972,62.9339,62.9342,1.6282,2.0353,155.5065,0.0000,0.0000,0.0000,170.3160,4.8794,1956.8635
03/05/2019 00:00:00,0.0000,6.4284,14.7738,0.0000,0.0000,0.0000,0.0000,0.0000,30.1132,0.0000,275.9791,126.3346,0.3571,2.9055,0.6858,0.0686,1098.7123,824.3982,63.2840,63.2843,1.6332,2.0415,155.3270,0.0000,0.0000,0.0000,169.6846,4.8626,1951.4767
04/05/2019 00:00:00,0.0000,9.1782,14.8441,0.0000,0.0000,0.0000,0.0000,0.0000,29.9846,0.0000,276.3230,124.5552,0.3571,2.8226,0.6738,0.0674,1096.1340,821.9992,63.6342,63.6344,1.6382,2.0477,155.1474,0.0000,0.0000,0.0000,169.0532,4.8458,1946.0900
05/05/2019 00:00:00,0.0000,2.4169,14.8830,0.0000,0.0000,0.0000,0.0000,0.0000,29.8560,0.0000,276.6668,122.7759,0.3571,2.7397,0.6618,0.0662,1093.5558,819.6001,63.9843,63.9845,1.6432,2.0540,154.9679,0.0000,0.0000,0.0000,168.4218,4.8291,1940.7032
06/05/2019 00:00:00,0.0000,1.6958,14.7450,0.0000,0.0000,0.0000,0.0000,0.0000,29.7274,0.0000,277.0107,120.9965,0.3571,2.6567,0.6499,0.0650,1090.9775,817.2011,64.3344,64.3346,1.6482,2.0602,154.7883,0.0000,0.0000,0.0000,167.7903,4.8123,1935.3165
07/05/2019 00:00:00,0.0000,4.1024,14.1812,0.0000,0.0000,0.0000,0.0000,0.0000,29.5988,0.0000,277.3546,119.2172,0.3571,2.5738,0.6379,0.0638,1088.3993,814.8021,64.6845,64.6847,1.6532,2.0664,154.6087,0.0000,0.0000,0.0000,167.1589,4.7956,1929.9297
08/05/2019 00:00:00,0.0000,7.2428,13.5098,0.0000,0.0000,0.0000,0.0000,0.0000,29.4702,0.0000,277.6984,117.4378,0.3571,2.4908,0.6259,0.0626,1085.8210,812.4031,65.0346,65.0348,1.6581,2.0727,154.4292,0.0000,0.0000,0.0000,166.5275,4.7788,1924.5429
09/05/2019 00:00:00,0.0000,4.2309,12.8381,0.0000,0.0000,0.0000,0.0000,0.0000,29.3416,0.0000,278.0423,115.6584,0.3571,2.4079,0.6140,0.0614,1083.2427,810.0040,65.3847,65.3849,1.6631,2.0789,154.2496,0.0000,0.0000,0.0000,165.8961,4.7621,1919.1562
10/05/2019 00:00:00,0.0000,9.4605,11.5209,0.0000,0.0000,0.0000,0.0000,0.0000,29.2129,0.0000,278.3862,113.8791,0.3571,2.3249,0.6020,0.0602,1080.6645,807.6050,65.7349,65.7350,1.6681,2.0851,154.0701,0.0000,0.0000,0.0000,165.2647,4.7453,1913.7694
11/05/2019 00:00:00,0.0000,6.5636,12.4804,0.0000,0.0000,0.0000,0.0000,0.0000,29.0843,0.0000,278.7300,112.0997,0.3571,2.2420,0.5900,0.0590,1078.0862,805.2060,66.0850,66.0851,1.6731,2.0914,153.8905,0.0000,0.0000,0.0000,164.6333,4.7286,1908.3827
12/05/2019 00:00:00,0.0000,3.1148,13.0488,0.0000,0.0000,0.0000,0.0000,0.0000,28.9557,0.0000,279.0739,110.3204,0.3571,2.1590,0.5781,0.0578,1075.5080,802.8070,66.4351,66.4352,1.6781,2.0976,153.7110,0.0000,0.0000,0.0000,164.0019,4.7118,1902.9959
13/05/2019 00:00:00,0.0000,2.0264,13.2885,0.0000,0.0000,0.0000,0.0000,0.0000,28.8271,0.0000,279.4178,108.5410,0.3571,2.0761,0.5661,0.0566,1072.9297,800.4079,66.7852,66.7853,1.6831,2.1039,153.5314,0.0000,0.0000,0.0000,163.3705,4.6951,1897.6092
14/05/2019 00:00:00,0.0000,1.9007,13.7168,0.0000,0.0000,0.0000,0.0000,0.0000,28.6985,0.0000,279.7616,106.7616,0.3571,1.9931,0.5541,0.0554,1070.3515,798.0089,67.1353,67.1354,1.6881,2.1101,153.3518,0.0000,0.0000,0.0000,162.7391,4.6783,1892.2224
15/05/2019 00:00:00,0.0000,1.8519,14.6027,0.0000,0.0000,0.0000,0.0000,0.0000,28.5699,0.0000,280.1055,104.9823,0.3571,1.9102,0.5422,0.0542,1067.7732,795.6099,67.4855,67.4855,1.6931,2.1163,153.1723,0.0000,0.0000,0.0000,162.1076,4.6616,1886.8357
16/05/2019 00:00:00,0.0000,1.7477,14.7369,0.0000,0.0000,0.0000,0.0000,0.0000,28.4413,0.0000,280.4494,103.2029,0.3571,1.8272,0.5302,0.0530,1065.1949,793.2108,67.8356,67.8356,1.6980,2.1226,152.9927,0.0000,0.0000,0.0000,161.4762,4.6448,1881.4489
17/05/2019 00:00:00,0.0000,1.6390,14.4540,0.0000,0.0000,0.0000,0.0000,0.0000,28.3127,0.0000,280.7932,101.4236,0.3571,1.7443,0.5182,0.0518,1062.6167,790.8118,68.1857,68.1858,1.7030,2.1288,152.8132,0.0000,0.0000,0.0000,160.8448,4.6281,1876.0621
18/05/2019 00:00:00,0.0000,1.5471,13.9822,0.0000,0.0000,0.0000,0.0000,0.0000,28.1841,0.0000,281.1371,99.6442,0.3571,1.6613,0.5063,0.0506,1060.0384,788.4128,68.5358,68.5359,1.7080,2.1350,152.6336,0.0000,0.0000,0.0000,160.2134,4.6113,1870.6754
19/05/2019 00:00:00,0.0000,2.2280,14.2157,0.0000,0.0000,0.0000,0.0000,0.0000,28.0555,0.0000,281.4810,97.8648,0.3571,1.5784,0.4943,0.0494,1057.4602,786.0138,68.8859,68.8860,1.7130,2.1413,152.4540,0.0000,0.0000,0.0000,159.5820,4.5946,1865.2886
20/05/2019 00:00:00,0.0000,4.8778,14.5432,0.0000,0.0000,0.0000,0.0000,0.0000,27.9268,0.0000,281.8248,96.0855,0.3571,1.4954,0.4823,0.0482,1054.8819,783.6147,69.2360,69.2361,1.7180,2.1475,152.2745,0.0000,0.0000,0.0000,158.9506,4.5778,1859.9019
21/05/2019 00:00:00,0.0000,4.1485,14.8196,0.0000,0.0000,0.0000,0.0000,0.0000,27.7982,0.0000,282.1687,94.3061,0.3571,1.4125,0.4704,0.0470,1052.3036,781.2157,69.5862,69.5862,1.7230,2.1537,152.0949,0.0000,0.0000,0.0000,158.3192,4.5611,1854.5151
22/05/2019 00:00:00,0.0000,1.8996,14.5885,0.0000,0.0000,0.0000,0.0000,0.0000,27.6696,0.0000,282.5126,92.5268,0.3571,1.3295,0.4584,0.0458,1049.7254,778.8167,69.9363,69.9363,1.7280,2.1600,151.9154,0.0000,0.0000,0.0000,157.6878,4.5443,1849.1284
23/05/2019 00:00:00,0.0000,1.9411,15.3775,0.0000,0.0000,0.0000,0.0000,0.0000,27.5410,0.0000,282.8564,90.7474,0.3571,1.2466,0.4464,0.0446,1047.1471,776.4177,70.2864,70.2864,1.7330,2.1662,151.7358,0.0000,0.0000,0.0000,157.0563,4.5275,1843.7416
24/05/2019 00:00:00,0.0000,2.8101,16.1850,0.0000,0.0000,0.0000,0.0000,0.0000,27.4124,0.0000,283.2003,88.9680,0.3571,1.1636,0.4345,0.0434,1044.5689,774.0186,70.6365,70.6365,1.7379,2.1724,151.5563,0.0000,0.0000,0.0000,156.4249,4.5108,1838.3548
25/05/2019 00:00:00,0.0000,4.1423,15.4736,0.0000,0.0000,0.0000,0.0000,0.0000,27.2838,0.0000,283.5442,87.1887,0.3571,1.0807,0.4225,0.0422,1041.9906,771.6196,70.9866,70.9866,1.7429,2.1787,151.3767,0.0000,0.0000,0.0000,155.7935,4.4940,1832.9681
26/05/2019 00:00:00,0.0000,6.2607,14.1301,0.0000,0.0000,0.0000,0.0000,0.0000,27.1552,0.0000,283.8880,85.4093,0.3571,0.9977,0.4105,0.0411,1039.4124,769.2206,71.3368,71.3367,1.7479,2.1849,151.1971,0.0000,0.0000,0.0000,155.1621,4.4773,1827.5813
27/05/2019 00:00:00,0.0000,10.0883,12.6842,0.0000,0.0000,0.0000,0.0000,0.0000,27.0266,0.0000,284.2319,83.6300,0.3571,0.9148,0.3986,0.0399,1036.8341,766.8216,71.6869,71.6868,1.7529,2.1911,151.0176,0.0000,0.0000,0.0000,154.5307,4.4605,1822.1946
28/05/2019 00:00:00,0.0000,6.6971,12.6925,0.0000,0.0000,0.0000,0.0000,0.0000,26.8980,0.0000,284.5758,81.8506,0.3571,0.8318,0.3866,0.0387,1034.2558,764.4225,72.0370,72.0369,1.7579,2.1974,150.8380,0.0000,0.0000,0.0000,153.8993,4.4438,1816.8078
29/05/2019 00:00:00,0.0000,7.9867,11.5760,0.0000,0.0000,0.0000,0.0000,0.0000,26.7693,0.0000,284.9196,80.0712,0.3571,0.7489,0.3746,0.0375,1031.6776,762.0235,72.3871,72.3870,1.7629,2.2036,150.6585,0.0000,0.0000,0.0000,153.2679,4.4270,1811.4211
30/05/2019 00:00:00,0.0000,5.0018,10.8503,0.0000,0.0000,0.0000,0.0000,0.0000,26.6407,0.0000,285.2635,78.2919,0.3571,0.6659,0.3627,0.0363,1029.0993,759.6245,72.7372,72.7371,1.7679,2.2098,150.4789,0.0000,0.0000,0.0000,152.6365,4.4103,1806.0343
31/05/2019 00:00:00,0.0000,1.9439,11.7706,0.0000,0.0000,0.0000,0.0000,0.0000,26.5121,0.0000,285.6073,76.5125,0.3571,0.5830,0.3507,0.0351,1026.5211,757.2255,73.0873,73.0872,1.7729,2.2161,150.2993,0.0000,0.0000,0.0000,152.0051,4.3935,1800.6476
01/06/2019 00:00:00,0.0000,1.8772,12.3143,0.0000,0.0000,0.0000,0.0000,0.0000,26.3835,0.0000,285.9512,74.7332,0.3571,0.5000,0.3387,0.0339,1023.9428,754.8264,73.4375,73.4373,1.7778,2.2223,150.1198,0.0000,0.0000,0.0000,151.3736,4.3768,1795.2608
02/06/2019 00:00:00,0.0000,1.6376,12.6042,0.0000,0.0000,0.0000,0.0000,0.0000,26.2549,0.0000,286.2951,73.7248,0.3571,0.5214,0.3414,0.0341,1021.3646,752.4274,72.8154,72.8156,1.7831,2.2289,149.9402,0.0000,0.0000,0.0000,150.7422,4.3600,1789.8740
03/06/2019 00:00:00,0.0000,1.6705,11.4355,0.0000,0.0000,0.0000,0.0000,0.0000,26.1263,0.0000,286.6389,72.7165,0.3571,0.5428,0.3441,0.0344,1018.7863,750.0284,72.1931,72.1933,1.7884,2.2355,149.7607,0.0000,0.0000,0.0000,150.1108,4.3433,1784.4873
04/06/2019 00:00:00,0.0000,1.5569,11.0655,0.0000,0.0000,0.0000,0.0000,0.0000,25.9977,0.0000,286.9828,71.7082,0.3571,0.5643,0.3468,0.0347,1016.2080,747.6294,71.5709,71.5710,1.7937,2.2421,149.5811,0.0000,0.0000,0.0000,149.4794,4.3265,1779.1005
05/06/2019 00:00:00,0.0000,1.5108,11.1418,0.0000,0.0000,0.0000,0.0000,0.0000,25.8691,0.0000,287.3267,70.6999,0.3571,0.5857,0.3495,0.0349,1013.6298,745.2303,70.9486,70.9488,1.7989,2.2487,149.4016,0.0000,0.0000,0.0000,148.8480,4.3098,1773.7138
06/06/2019 00:00:00,0.0000,1.4352,11.3593,0.0000,0.0000,0.0000,0.0000,0.0000,25.7405,0.0000,287.6705,69.6916,0.3571,0.6071,0.3521,0.0352,1011.0515,742.8313,70.3263,70.3265,1.8042,2.2552,149.2220,0.0000,0.0000,0.0000,148.2166,4.2930,1768.3270
07/06/2019 00:00:00,0.0000,1.3764,11.2636,0.0000,0.0000,0.0000,0.0000,0.0000,25.6118,0.0000,288.0144,68.6833,0.3571,0.6286,0.3548,0.0355,1008.4733,740.4323,69.7041,69.7042,1.8095,2.2618,149.0424,0.0000,0.0000,0.0000,147.5852,4.2763,1762.9403
08/06/2019 00:00:00,0.0000,1.3017,11.1642,0.0000,0.0000,0.0000,0.0000,0.0000,25.4832,0.0000,288.3583,67.6750,0.3571,0.6500,0.3575,0.0358,1005.8950,738.0333,69.0818,69.0819,1.8147,2.2684,148.8629,0.0000,0.0000,0.0000,146.9538,4.2595,1757.5535
09/06/2019 00:00:00,0.0000,1.2263,10.8277,0.0000,0.0000,0.0000,0.0000,0.0000,25.3546,0.0000,288.7021,66.6667,0.3571,0.6714,0.3602,0.0360,1003.3168,735.6342,68.4595,68.4596,1.8200,2.2750,148.6833,0.0000,0.0000,0.0000,146.3223,4.2427,1752.1668
10/06/2019 00:00:00,0.0000,2.5053,11.5515,0.0000,0.0000,0.0000,0.0000,0.0000,25.2260,0.0000,289.0460,65.6584,0.3571,0.6928,0.3629,0.0363,1000.7385,733.2352,67.8373,67.8373,1.8253,2.2816,148.5038,0.0000,0.0000,0.0000,145.6909,4.2260,1746.7800
11/06/2019 00:00:00,0.0000,1.9402,11.9969,0.0000,0.0000,0.0000,0.0000,0.0000,25.0974,0.0000,289.3899,64.6501,0.3571,0.7143,0.3656,0.0366,998.1602,730.8362,67.2150,67.2150,1.8305,2.2882,148.3242,0.0000,0.0000,0.0000,145.0595,4.2092,1741.3932
12/06/2019 00:00:00,0.0000,1.6198,12.8973,0.0000,0.0000,0.0000,0.0000,0.0000,24.9688,0.0000,289.7337,63.6418,0.3571,0.7357,0.3683,0.0368,995.5820,728.4371,66.5927,66.5928,1.8358,2.2948,148.1446,0.0000,0.0000,0.0000,144.4281,4.1925,1736.0065
13/06/2019 00:00:00,0.0000,4.8136,12.9511,0.0000,0.0000,0.0000,0.0000,0.0000,24.8402,0.0000,290.0776,62.6335,0.3571,0.7571,0.3710,0.0371,993.0037,726.0381,65.9705,65.9705,1.8411,2.3013,147.9651,0.0000,0.0000,0.0000,143.7967,4.1757,1730.6197
14/06/2019 00:00:00,0.0000,4.8555,13.2907,0.0000,0.0000,0.0000,0.0000,0.0000,24.7116,0.0000,290.4215,61.6252,0.3571,0.7786,0.3737,0.0374,990.4255,723.6391,65.3482,65.3482,1.8463,2.3079,147.7855,0.0000,0.0000,0.0000,143.1653,4.1590,1725.2330
15/06/2019 00:00:00,0.0000,1.7203,13.3438,0.0000,0.0000,0.0000,0.0000,0.0000,24.5830,0.0000,290.7653,60.6170,0.3571,0.8000,0.3763,0.0376,987.8472,721.2401,64.7259,64.7259,1.8516,2.3145,147.6060,0.0000,0.0000,0.0000,142.5339,4.1422,1719.8462
16/06/2019 00:00:00,0.0000,1.5138,13.0487,0.0000,0.0000,0.0000,0.0000,0.0000,24.4543,0.0000,291.1092,59.6087,0.3571,0.8214,0.3790,0.0379,985.2690,718.8410,64.1037,64.1036,1.8569,2.3211,147.4264,0.0000,0.0000,0.0000,141.9025,4.1255,1714.4595
17/06/2019 00:00:00,0.0000,1.4021,12.5796,0.0000,0.0000,0.0000,0.0000,0.0000,24.3257,0.0000,291.4531,58.6004,0.3571,0.8428,0.3817,0.0382,982.6907,716.4420,63.4814,63.4813,1.8621,2.3277,147.2469,0.0000,0.0000,0.0000,141.2711,4.1087,1709.0727
18/06/2019 00:00:00,0.0000,3.1709,12.0328,0.0000,0.0000,0.0000,0.0000,0.0000,24.1971,0.0000,291.7969,57.5921,0.3571,0.8643,0.3844,0.0384,980.1124,714.0430,62.8591,62.8590,1.8674,2.3343,147.0673,0.0000,0.0000,0.0000,140.6396,4.0920,1703.6859
19/06/2019 00:00:00,0.0000,1.7607,11.5277,0.0000,0.0000,0.0000,0.0000,0.0000,24.0685,0.0000,292.1408,56.5838,0.3571,0.8857,0.3871,0.0387,977.5342,711.6440,62.2369,62.2368,1.8727,2.3409,146.8877,0.0000,0.0000,0.0000,140.0082,4.0752,1698.2992
20/06/2019 00:00:00,0.0000,1.3517,11.0052,0.0000,0.0000,0.0000,0.0000,0.0000,23.9399,0.0000,292.4847,55.5755,0.3571,0.9071,0.3898,0.0390,974.9559,709.2449,61.6146,61.6145,1.8780,2.3474,146.7082,0.0000,0.0000,0.0000,139.3768,4.0585,1692.9124
21/06/2019 00:00:00,0.0000,1.2439,10.5344,0.0000,0.0000,0.0000,0.0000,0.0000,23.8113,0.0000,292.8285,54.5672,0.3571,0.9286,0.3925,0.0392,972.3777,706.8459,60.9923,60.9922,1.8832,2.3540,146.5286,0.0000,0.0000,0.0000,138.7454,4.0417,1687.5257
22/06/2019 00:00:00,0.0000,1.1996,10.2916,0.0000,0.0000,0.0000,0.0000,0.0000,23.6827,0.0000,293.1724,53.5589,0.3571,0.9500,0.3952,0.0395,969.7994,704.4469,60.3701,60.3699,1.8885,2.3606,146.3491,0.0000,0.0000,0.0000,138.1140,4.0250,1682.1389
23/06/2019 00:00:00,0.0000,1.1737,9.9703,0.0000,0.0000,0.0000,0.0000,0.0000,23.5541,0.0000,293.5163,52.5506,0.3571,0.9714,0.3978,0.0398,967.2211,702.0479,59.7478,59.7476,1.8938,2.3672,146.1695,0.0000,0.0000,0.0000,137.4826,4.0082,1676.7522
24/06/2019 00:00:00,0.0000,1.1471,9.1774,0.0000,0.0000,0.0000,0.0000,0.0000,23.4255,0.0000,293.8601,51.5423,0.3571,0.9928,0.4005,0.0401,964.6429,699.6488,59.1255,59.1253,1.8990,2.3738,145.9899,0.0000,0.0000,0.0000,136.8512,3.9915,1671.3654
25/06/2019 00:00:00,0.0000,1.1382,8.9788,0.0000,0.0000,0.0000,0.0000,0.0000,23.2968,0.0000,294.2040,50.5340,0.3571,1.0143,0.4032,0.0403,962.0646,697.2498,58.5033,58.5030,1.9043,2.3804,145.8104,0.0000,0.0000,0.0000,136.2198,3.9747,1665.9787
26/06/2019 00:00:00,0.0000,1.1276,9.3927,0.0000,0.0000,0.0000,0.0000,0.0000,23.1682,0.0000,294.5479,49.5257,0.3571,1.0357,0.4059,0.0406,959.4864,694.8508,57.8810,57.8807,1.9096,2.3870,145.6308,0.0000,0.0000,0.0000,135.5883,3.9579,1660.5919
27/06/2019 00:00:00,0.0000,1.0909,10.1059,0.0000,0.0000,0.0000,0.0000,0.0000,23.0396,0.0000,294.8917,48.5174,0.3571,1.0571,0.4086,0.0409,956.9081,692.4518,57.2588,57.2585,1.9148,2.3935,145.4513,0.0000,0.0000,0.0000,134.9569,3.9412,1655.2051
28/06/2019 00:00:00,0.0000,1.0644,11.0874,0.0000,0.0000,0.0000,0.0000,0.0000,22.9110,0.0000,295.2356,47.5091,0.3571,1.0786,0.4113,0.0411,954.3299,690.0527,56.6365,56.6362,1.9201,2.4001,145.2717,0.0000,0.0000,0.0000,134.3255,3.9244,1649.8184
29/06/2019 00:00:00,0.0000,2.3486,11.4180,0.0000,0.0000,0.0000,0.0000,0.0000,22.7824,0.0000,295.5795,46.5008,0.3571,1.1000,0.4140,0.0414,951.7516,687.6537,56.0142,56.0139,1.9254,2.4067,145.0922,0.0000,0.0000,0.0000,133.6941,3.9077,1644.4316
30/06/2019 00:00:00,0.0000,3.1963,10.2804,0.0000,0.0000,0.0000,0.0000,0.0000,22.6538,0.0000,295.9233,45.4925,0.3571,1.1214,0.4167,0.0417,949.1733,685.2547,55.3920,55.3916,1.9306,2.4133,144.9126,0.0000,0.0000,0.0000,133.0627,3.8909,1639.0449
01/07/2019 00:00:00,0.0000,2.8819,9.8646,0.0000,0.0000,0.0000,0.0000,0.0000,22.5252,0.0000,296.2672,44.4842,0.3571,1.1428,0.4194,0.0419,946.5951,682.8557,54.7697,54.7693,1.9359,2.4199,144.7330,0.0000,0.0000,0.0000,132.4313,3.8742,1633.6581
02/07/2019 00:00:00,0.0000,3.0791,10.0860,0.0000,0.0000,0.0000,0.0000,0.0000,22.3966,0.0000,296.6111,43.2788,0.3571,1.1175,0.4090,0.0409,944.0168,680.4566,55.3098,55.3101,1.9309,2.4136,144.5535,0.0000,0.0000,0.0000,131.7999,3.8574,1628.2714
03/07/2019 00:00:00,0.0000,1.4946,11.0044,0.0000,0.0000,0.0000,0.0000,0.0000,22.2680,0.0000,296.9549,42.0735,0.3571,1.0922,0.3986,0.0399,941.4386,678.0576,55.8510,55.8514,1.9259,2.4074,144.3739,0.0000,0.0000,0.0000,131.1685,3.8407,1622.8846
04/07/2019 00:00:00,0.0000,1.1135,11.2834,0.0000,0.0000,0.0000,0.0000,0.0000,22.1393,0.0000,297.2988,40.8681,0.3571,1.0668,0.3881,0.0388,938.8603,675.6586,56.3923,56.3926,1.9209,2.4012,144.1944,0.0000,0.0000,0.0000,130.5371,3.8239,1617.4979
05/07/2019 00:00:00,0.0000,1.0078,11.1861,0.0000,0.0000,0.0000,0.0000,0.0000,22.0107,0.0000,297.6427,39.6628,0.3571,1.0415,0.3777,0.0378,936.2821,673.2595,56.9335,56.9338,1.9159,2.3949,144.0148,0.0000,0.0000,0.0000,129.9056,3.8072,1612.1111
06/07/2019 00:00:00,0.0000,0.9853,11.6376,0.0000,0.0000,0.0000,0.0000,0.0000,21.8821,0.0000,297.9865,38.4574,0.3571,1.0161,0.3673,0.0367,933.7038,670.8605,57.4748,57.4751,1.9109,2.3887,143.8352,0.0000,0.0000,0.0000,129.2742,3.7904,1606.7243
07/07/2019 00:00:00,0.0000,0.9494,12.6792,0.0000,0.0000,0.0000,0.0000,0.0000,21.7535,0.0000,298.3304,37.2521,0.3571,0.9908,0.3569,0.0357,931.1255,668.4615,58.0160,58.0163,1.9059,2.3824,143.6557,0.0000,0.0000,0.0000,128.6428,3.7737,1601.3376
08/07/2019 00:00:00,0.0000,0.9401,12.4658,0.0000,0.0000,0.0000,0.0000,0.0000,21.6249,0.0000,298.6743,36.0467,0.3571,0.9655,0.3465,0.0347,928.5473,666.0625,58.5573,58.5576,1.9009,2.3762,143.4761,0.0000,0.0000,0.0000,128.0114,3.7569,1595.9508
09/07/2019 00:00:00,0.0000,0.9373,12.2883,0.0000,0.0000,0.0000,0.0000,0.0000,21.4963,0.0000,299.0181,34.8414,0.3571,0.9401,0.3361,0.0336,925.9690,663.6634,59.0985,59.0988,1.8960,2.3699,143.2966,0.0000,0.0000,0.0000,127.3800,3.7402,1590.5641
10/07/2019 00:00:00,0.0000,2.5416,12.0339,0.0000,0.0000,0.0000,0.0000,0.0000,21.3677,0.0000,299.3620,33.6360,0.3571,0.9148,0.3257,0.0326,923.3908,661.2644,59.6398,59.6400,1.8910,2.3637,143.1170,0.0000,0.0000,0.0000,126.7486,3.7234,1585.1773
11/07/2019 00:00:00,0.0000,13.0573,11.9729,0.0000,0.0000,0.0000,0.0000,0.0000,21.2391,0.0000,299.7059,32.4306,0.3571,0.8894,0.3153,0.0315,920.8125,658.8654,60.1810,60.1813,1.8860,2.3575,142.9375,0.0000,0.0000,0.0000,126.1172,3.7067,1579.7906
12/07/2019 00:00:00,0.0000,13.0807,12.1864,0.0000,0.0000,0.0000,0.0000,0.0000,21.1105,0.0000,300.0497,31.2253,0.3571,0.8641,0.3049,0.0305,918.2343,656.4664,60.7223,60.7225,1.8810,2.3512,142.7579,0.0000,0.0000,0.0000,125.4858,3.6899,1574.4038
13/07/2019 00:00:00,0.0000,14.6889,10.7163,0.0000,0.0000,0.0000,0.0000,0.0000,20.9819,0.0000,300.3936,30.0199,0.3571,0.8387,0.2945,0.0294,915.6560,654.0673,61.2635,61.2638,1.8760,2.3450,142.5783,0.0000,0.0000,0.0000,124.8544,3.6732,1569.0170
14/07/2019 00:00:00,0.0000,7.4253,10.7424,0.0000,0.0000,0.0000,0.0000,0.0000,20.8532,0.0000,300.7375,28.8146,0.3571,0.8134,0.2841,0.0284,913.0777,651.6683,61.8048,61.8050,1.8710,2.3387,142.3988,0.0000,0.0000,0.0000,124.2229,3.6564,1563.6303
15/07/2019 00:00:00,0.0000,6.0310,11.5358,0.0000,0.0000,0.0000,0.0000,0.0000,20.7246,0.0000,301.0813,27.6092,0.3571,0.7880,0.2737,0.0274,910.4995,649.2693,62.3460,62.3462,1.8660,2.3325,142.2192,0.0000,0.0000,0.0000,123.5915,3.6396,1558.2435
16/07/2019 00:00:00,0.0000,5.3846,12.3186,0.0000,0.0000,0.0000,0.0000,0.0000,20.5960,0.0000,301.4252,26.4039,0.3571,0.7627,0.2633,0.0263,907.9212,646.8703,62.8873,62.8875,1.8610,2.3262,142.0397,0.0000,0.0000,0.0000,122.9601,3.6229,1552.8568
17/07/2019 00:00:00,0.0000,3.3588,12.4013,0.0000,0.0000,0.0000,0.0000,0.0000,20.4674,0.0000,301.7691,25.1985,0.3571,0.7373,0.2529,0.0253,905.3430,644.4712,63.4285,63.4287,1.8560,2.3200,141.8601,0.0000,0.0000,0.0000,122.3287,3.6061,1547.4700
18/07/2019 00:00:00,0.0000,3.0820,12.3445,0.0000,0.0000,0.0000,0.0000,0.0000,20.3388,0.0000,302.1129,23.9932,0.3571,0.7120,0.2425,0.0242,902.7647,642.0722,63.9697,63.9699,1.8510,2.3138,141.6806,0.0000,0.0000,0.0000,121.6973,3.5894,1542.0833
19/07/2019 00:00:00,0.0000,2.8215,12.4629,0.0000,0.0000,0.0000,0.0000,0.0000,20.2102,0.0000,302.4568,22.7878,0.3571,0.6866,0.2321,0.0232,900.1865,639.6732,64.5110,64.5112,1.8460,2.3075,141.5010,0.0000,0.0000,0.0000,121.0659,3.5726,1536.6965
20/07/2019 00:00:00,0.0000,2.4273,12.2544,0.0000,0.0000,0.0000,0.0000,0.0000,20.0816,0.0000,302.8007,21.5824,0.3571,0.6613,0.2216,0.0222,897.6082,637.2742,65.0522,65.0524,1.8410,2.3013,141.3214,0.0000,0.0000,0.0000,120.4345,3.5559,1531.3098
21/07/2019 00:00:00,0.0000,2.7390,12.1748,0.0000,0.0000,0.0000,0.0000,0.0000,19.9530,0.0000,303.1445,20.3771,0.3571,0.6360,0.2112,0.0211,895.0299,634.8751,65.5935,65.5937,1.8360,2.2950,141.1419,0.0000,0.0000,0.0000,119.8031,3.5391,1525.9230
22/07/2019 00:00:00,0.0000,3.3953,11.8101,0.0000,0.0000,0.0000,0.0000,0.0000,19.8244,0.0000,303.4884,19.1717,0.3571,0.6106,0.2008,0.0201,892.4517,632.4761,66.1347,66.1349,1.8310,2.2888,140.9623,0.0000,0.0000,0.0000,119.1716,3.5224,1520.5362
23/07/2019 00:00:00,0.0000,8.1077,12.0062,0.0000,0.0000,0.0000,0.0000,0.0000,19.6957,0.0000,303.8323,17.9664,0.3571,0.5853,0.1904,0.0190,889.8734,630.0771,66.6760,66.6761,1.8260,2.2825,140.7828,0.0000,0.0000,0.0000,118.5402,3.5056,1515.1495
24/07/2019 00:00:00,0.0000,5.0267,12.1997,0.0000,0.0000,0.0000,0.0000,0.0000,19.5671,0.0000,304.1761,16.7610,0.3571,0.5599,0.1800,0.0180,887.2952,627.6781,67.2172,67.2174,1.8210,2.2763,140.6032,0.0000,0.0000,0.0000,117.9088,3.4889,1509.7627
25/07/2019 00:00:00,0.0000,2.4062,12.5026,0.0000,0.0000,0.0000,0.0000,0.0000,19.4385,0.0000,304.5200,15.5557,0.3571,0.5346,0.1696,0.0170,884.7169,625.2790,67.7585,67.7586,1.8160,2.2700,140.4236,0.0000,0.0000,0.0000,117.2774,3.4721,1504.3760
26/07/2019 00:00:00,0.0000,2.1199,12.7961,0.0000,0.0000,0.0000,0.0000,0.0000,19.3099,0.0000,304.8638,14.3503,0.3571,0.5092,0.1592,0.0159,882.1387,622.8800,68.2997,68.2999,1.8110,2.2638,140.2441,0.0000,0.0000,0.0000,116.6460,3.4554,1498.9892
27/07/2019 00:00:00,0.0000,1.4687,12.7314,0.0000,0.0000,0.0000,0.0000,0.0000,19.1813,0.0000,305.2077,13.1450,0.3571,0.4839,0.1488,0.0149,879.5604,620.4810,68.8410,68.8411,1.8060,2.2576,140.0645,0.0000,0.0000,0.0000,116.0146,3.4386,1493.6025
28/07/2019 00:00:00,0.0000,0.9578,12.4969,0.0000,0.0000,0.0000,0.0000,0.0000,19.0527,0.0000,305.5516,11.9396,0.3571,0.4585,0.1384,0.0138,876.9821,618.0820,69.3822,69.3823,1.8011,2.2513,139.8850,0.0000,0.0000,0.0000,115.3832,3.4219,1488.2157
29/07/2019 00:00:00,0.0000,0.8734,12.7287,0.0000,0.0000,0.0000,0.0000,0.0000,18.9241,0.0000,305.8954,10.7342,0.3571,0.4332,0.1280,0.0128,874.4039,615.6829,69.9235,69.9236,1.7961,2.2451,139.7054,0.0000,0.0000,0.0000,114.7518,3.4051,1482.8290
30/07/2019 00:00:00,0.0000,0.7169,12.8413,0.0000,0.0000,0.0000,0.0000,0.0000,18.7955,0.0000,306.2393,9.5289,0.3571,0.4078,0.1176,0.0118,871.8256,613.2839,70.4647,70.4648,1.7911,2.2388,139.5259,0.0000,0.0000,0.0000,114.1204,3.3884,1477.4422
31/07/2019 00:00:00,0.0000,0.6858,12.7322,0.0000,0.0000,0.0000,0.0000,0.0000,18.6669,0.0000,306.5832,8.3235,0.3571,0.3825,0.1072,0.0107,869.2474,610.8849,71.0060,71.0061,1.7861,2.2326,139.3463,0.0000,0.0000,0.0000,113.4889,3.3716,1472.0554
01/08/2019 00:00:00,0.0000,0.6370,12.7278,0.0000,0.0000,0.0000,0.0000,0.0000,18.5382,0.0000,306.9270,7.1182,0.3571,0.3571,0.0968,0.0097,866.6691,608.4858,71.5472,71.5473,1.7811,2.2263,139.1667,0.0000,0.0000,0.0000,112.8575,3.3548,1466.6687
02/08/2019 00:00:00,0.0000,0.6143,12.8737,0.0000,0.0000,0.0000,0.0000,0.0000,19.8233,0.0000,307.7746,7.5763,0.3594,0.3560,0.0989,0.0099,866.6667,625.7539,71.8895,71.8896,1.7874,2.2343,144.7827,0.0000,0.0000,0.0000,113.3637,3.3954,1484.4021
03/08/2019 00:00:00,0.0000,0.6119,12.8997,0.0000,0.0000,0.0000,0.0000,0.0000,21.1093,0.0000,308.6222,8.0355,0.3617,0.3548,0.1009,0.0101,866.6667,643.0240,72.2317,72.2317,1.7938,2.2422,150.4009,0.0000,0.0000,0.0000,113.8706,3.4360,1502.1442
04/08/2019 00:00:00,0.0000,0.6014,12.9536,0.0000,0.0000,0.0000,0.0000,0.0000,22.3952,0.0000,309.4698,8.4947,0.3641,0.3537,0.1030,0.0103,866.6667,660.2942,72.5738,72.5739,1.8001,2.2502,156.0191,0.0000,0.0000,0.0000,114.3776,3.4766,1519.8863
05/08/2019 00:00:00,0.0000,0.6050,12.6978,0.0000,0.0000,0.0000,0.0000,0.0000,23.6812,0.0000,310.3174,8.9539,0.3664,0.3525,0.1051,0.0105,866.6667,677.5643,72.9160,72.9160,1.8065,2.2581,161.6373,0.0000,0.0000,0.0000,114.8845,3.5171,1537.6284
06/08/2019 00:00:00,0.0000,0.6269,12.5829,0.0000,0.0000,0.0000,0.0000,0.0000,24.9671,0.0000,311.1650,9.4131,0.3687,0.3514,0.1072,0.0107,866.6667,694.8344,73.2582,73.2582,1.8128,2.2661,167.2555,0.0000,0.0000,0.0000,115.3914,3.5577,1555.3705
07/08/2019 00:00:00,0.0000,0.6300,12.5163,0.0000,0.0000,0.0000,0.0000,0.0000,26.2531,0.0000,312.0126,9.8723,0.3710,0.3502,0.1093,0.0109,866.6667,712.1046,73.6004,73.6004,1.8192,2.2740,172.8738,0.0000,0.0000,0.0000,115.8983,3.5983,1573.1126
08/08/2019 00:00:00,0.0000,0.7356,11.2090,0.0000,0.0000,0.0000,0.0000,0.0000,27.5390,0.0000,312.8602,10.3315,0.3733,0.3491,0.1113,0.0111,866.6667,729.3747,73.9425,73.9425,1.8256,2.2819,178.4920,0.0000,0.0000,0.0000,116.4052,3.6389,1590.8547
09/08/2019 00:00:00,0.0000,2.3338,9.6215,0.0000,0.0000,0.0000,0.0000,0.0000,28.8250,0.0000,313.7078,10.7906,0.3756,0.3479,0.1134,0.0113,866.6667,746.6448,74.2847,74.2847,1.8319,2.2899,184.1102,0.0000,0.0000,0.0000,116.9121,3.6795,1608.5968
10/08/2019 00:00:00,0.0000,2.2352,9.0342,0.0000,0.0000,0.0000,0.0000,0.0000,30.1109,0.0000,314.5554,11.2498,0.3779,0.3468,0.1155,0.0116,866.6667,763.9149,74.6269,74.6269,1.8383,2.2978,189.7284,0.0000,0.0000,0.0000,117.4190,3.7201,1626.3389
11/08/2019 00:00:00,0.0000,2.1871,9.7001,0.0000,0.0000,0.0000,0.0000,0.0000,31.3969,0.0000,315.4030,11.7090,0.3802,0.3456,0.1176,0.0118,866.6667,781.1851,74.9690,74.9690,1.8446,2.3058,195.3466,0.0000,0.0000,0.0000,117.9259,3.7606,1644.0810
12/08/2019 00:00:00,0.0000,1.9173,10.0600,0.0000,0.0000,0.0000,0.0000,0.0000,32.6828,0.0000,316.2506,12.1682,0.3825,0.3445,0.1197,0.0120,866.6667,798.4552,75.3112,75.3112,1.8510,2.3137,200.9648,0.0000,0.0000,0.0000,118.4328,3.8012,1661.8231
13/08/2019 00:00:00,0.0000,0.9907,10.7068,0.0000,0.0000,0.0000,0.0000,0.0000,33.9688,0.0000,317.0982,12.6274,0.3848,0.3433,0.1217,0.0122,866.6667,815.7253,75.6534,75.6534,1.8573,2.3217,206.5830,0.0000,0.0000,0.0000,118.9397,3.8418,1679.5652
14/08/2019 00:00:00,0.0000,0.7161,10.9668,0.0000,0.0000,0.0000,0.0000,0.0000,35.2547,0.0000,317.9458,13.0866,0.3871,0.3422,0.1238,0.0124,866.6667,832.9954,75.9955,75.9955,1.8637,2.3296,212.2012,0.0000,0.0000,0.0000,119.4466,3.8824,1697.3073
15/08/2019 00:00:00,0.0000,0.6611,11.0074,0.0000,0.0000,0.0000,0.0000,0.0000,36.5407,0.0000,318.7933,13.5458,0.3894,0.3410,0.1259,0.0126,866.6667,850.2656,76.3377,76.3377,1.8700,2.3375,217.8194,0.0000,0.0000,0.0000,119.9535,3.9230,1715.0493
16/08/2019 00:00:00,0.0000,0.6224,11.1339,0.0000,0.0000,0.0000,0.0000,0.0000,37.8266,0.0000,319.6409,14.0049,0.3917,0.3399,0.1280,0.0128,866.6667,867.5357,76.6799,76.6799,1.8764,2.3455,223.4376,0.0000,0.0000,0.0000,120.4604,3.9636,1732.7914
17/08/2019 00:00:00,0.0000,0.6137,11.5481,0.0000,0.0000,0.0000,0.0000,0.0000,39.1125,0.0000,320.4885,14.4641,0.3940,0.3387,0.1301,0.0130,866.6667,884.8058,77.0221,77.0220,1.8827,2.3534,229.0558,0.0000,0.0000,0.0000,120.9674,4.0041,1750.5335
18/08/2019 00:00:00,0.0000,0.9197,11.4420,0.0000,0.0000,0.0000,0.0000,0.0000,40.3985,0.0000,321.3361,14.9233,0.3963,0.3376,0.1322,0.0132,866.6667,902.0759,77.3642,77.3642,1.8891,2.3614,234.6740,0.0000,0.0000,0.0000,121.4743,4.0447,1768.2756
19/08/2019 00:00:00,0.0000,0.8506,10.3149,0.0000,0.0000,0.0000,0.0000,0.0000,41.6844,0.0000,322.1837,15.3825,0.3986,0.3364,0.1342,0.0134,866.6667,919.3461,77.7064,77.7064,1.8955,2.3693,240.2923,0.0000,0.0000,0.0000,121.9812,4.0853,1786.0177
20/08/2019 00:00:00,0.0000,0.7296,10.8435,0.0000,0.0000,0.0000,0.0000,0.0000,42.9704,0.0000,323.0313,15.8417,0.4009,0.3353,0.1363,0.0136,866.6667,936.6162,78.0486,78.0485,1.9018,2.3773,245.9105,0.0000,0.0000,0.0000,122.4881,4.1259,1803.7598
21/08/2019 00:00:00,0.0000,0.6863,11.8720,0.0000,0.0000,0.0000,0.0000,0.0000,44.2563,0.0000,323.8789,16.3009,0.4032,0.3341,0.1384,0.0138,866.6667,953.8863,78.3907,78.3907,1.9082,2.3852,251.5287,0.0000,0.0000,0.0000,122.9950,4.1665,1821.5019
22/08/2019 00:00:00,0.0000,0.6905,12.3598,0.0000,0.0000,0.0000,0.0000,0.0000,45.5423,0.0000,324.7265,16.7601,0.4055,0.3329,0.1405,0.0140,866.6667,971.1565,78.7329,78.7329,1.9145,2.3931,257.1469,0.0000,0.0000,0.0000,123.5019,4.2070,1839.2440
23/08/2019 00:00:00,0.0000,0.6436,12.6451,0.0000,0.0000,0.0000,0.0000,0.0000,46.8282,0.0000,325.5741,17.2193,0.4078,0.3318,0.1426,0.0143,866.6667,988.4266,79.0751,79.0750,1.9209,2.4011,262.7651,0.0000,0.0000,0.0000,124.0088,4.2476,1856.9861
24/08/2019 00:00:00,0.0000,0.6119,12.5578,0.0000,0.0000,0.0000,0.0000,0.0000,48.1142,0.0000,326.4217,17.6784,0.4101,0.3306,0.1446,0.0145,866.6667,1005.6967,79.4173,79.4172,1.9272,2.4090,268.3833,0.0000,0.0000,0.0000,124.5157,4.2882,1874.7282
25/08/2019 00:00:00,0.0000,0.6014,12.0182,0.0000,0.0000,0.0000,0.0000,0.0000,49.4001,0.0000,327.2693,18.1376,0.4124,0.3295,0.1467,0.0147,866.6667,1022.9668,79.7594,79.7593,1.9336,2.4170,274.0015,0.0000,0.0000,0.0000,125.0226,4.3288,1892.4703
26/08/2019 00:00:00,0.0000,0.5935,12.2334,0.0000,0.0000,0.0000,0.0000,0.0000,50.6861,0.0000,328.1169,18.5968,0.4147,0.3283,0.1488,0.0149,866.6667,1040.2370,80.1016,80.1015,1.9399,2.4249,279.6197,0.0000,0.0000,0.0000,125.5295,4.3694,1910.2124
27/08/2019 00:00:00,0.0000,0.5786,12.4587,0.0000,0.0000,0.0000,0.0000,0.0000,51.9720,0.0000,328.9645,19.0560,0.4170,0.3272,0.1509,0.0151,866.6667,1057.5071,80.4438,80.4437,1.9463,2.4329,285.2379,0.0000,0.0000,0.0000,126.0364,4.4100,1927.9545
28/08/2019 00:00:00,0.0000,0.5684,12.5186,0.0000,0.0000,0.0000,0.0000,0.0000,53.2580,0.0000,329.8121,19.5152,0.4194,0.3260,0.1530,0.0153,866.6667,1074.7772,80.7859,80.7858,1.9526,2.4408,290.8561,0.0000,0.0000,0.0000,126.5433,4.4505,1945.6966
29/08/2019 00:00:00,0.0000,0.5766,12.3254,0.0000,0.0000,0.0000,0.0000,0.0000,54.5439,0.0000,330.6597,19.9744,0.4217,0.3249,0.1550,0.0155,866.6667,1092.0473,81.1281,81.1280,1.9590,2.4487,296.4743,0.0000,0.0000,0.0000,127.0503,4.4911,1963.4387
30/08/2019 00:00:00,0.0000,0.5712,12.2735,0.0000,0.0000,0.0000,0.0000,0.0000,55.8299,0.0000,331.5073,20.4336,0.4240,0.3237,0.1571,0.0157,866.6667,1109.3175,81.4703,81.4702,1.9654,2.4567,302.0925,0.0000,0.0000,0.0000,127.5572,4.5317,1981.1808
31/08/2019 00:00:00,0.0000,0.5570,12.0795,0.0000,0.0000,0.0000,0.0000,0.0000,57.1158,0.0000,332.3549,20.8927,0.4263,0.3226,0.1592,0.0159,866.6667,1126.5876,81.8124,81.8123,1.9717,2.4646,307.7108,0.0000,0.0000,0.0000,128.0641,4.5723,1998.9229
01/09/2019 00:00:00,0.0000,0.5656,12.6815,0.0000,0.0000,0.0000,0.0000,0.0000,58.4018,0.0000,333.2025,21.3519,0.4286,0.3214,0.1613,0.0161,866.6667,1143.8577,82.1546,82.1545,1.9781,2.4726,313.3290,0.0000,0.0000,0.0000,128.5710,4.6129,2016.6650
02/09/2019 00:00:00,0.0000,0.5717,12.8720,0.0000,0.0000,0.0000,0.0000,0.0000,58.2668,0.0000,331.2876,21.3997,0.4262,0.3279,0.1639,0.0164,868.0551,1136.8298,82.0695,82.0695,1.9912,2.4889,308.7952,0.0000,0.0000,0.0000,128.5595,4.6263,2010.8340
03/09/2019 00:00:00,0.0000,0.5814,13.1183,0.0000,0.0000,0.0000,0.0000,0.0000,58.1308,0.0000,329.3707,21.4472,0.4238,0.3343,0.1665,0.0166,869.4440,1129.7851,81.9844,81.9844,2.0042,2.5053,304.2535,0.0000,0.0000,0.0000,128.5476,4.6398,2005.0007
04/09/2019 00:00:00,0.0000,0.5839,13.2635,0.0000,0.0000,0.0000,0.0000,0.0000,57.9947,0.0000,327.4537,21.4946,0.4214,0.3407,0.1690,0.0169,870.8329,1122.7403,81.8992,81.8992,2.0173,2.5217,299.7118,0.0000,0.0000,0.0000,128.5357,4.6532,1999.1675
05/09/2019 00:00:00,0.0000,0.5833,13.6851,0.0000,0.0000,0.0000,0.0000,0.0000,57.8587,0.0000,325.5368,21.5421,0.4190,0.3471,0.1716,0.0172,872.2217,1115.6955,81.8140,81.8140,2.0304,2.5380,295.1701,0.0000,0.0000,0.0000,128.5238,4.6667,1993.3343
06/09/2019 00:00:00,0.0000,1.8031,12.6455,0.0000,0.0000,0.0000,0.0000,0.0000,57.7226,0.0000,323.6198,21.5895,0.4167,0.3536,0.1742,0.0174,873.6106,1108.6507,81.7288,81.7289,2.0435,2.5544,290.6284,0.0000,0.0000,0.0000,128.5119,4.6801,1987.5011
07/09/2019 00:00:00,0.0000,1.7484,11.7959,0.0000,0.0000,0.0000,0.0000,0.0000,57.5866,0.0000,321.7029,21.6370,0.4143,0.3600,0.1768,0.0177,874.9995,1101.6060,81.6437,81.6437,2.0566,2.5708,286.0867,0.0000,0.0000,0.0000,128.5000,4.6935,1981.6678
08/09/2019 00:00:00,0.0000,1.4698,12.2923,0.0000,0.0000,0.0000,0.0000,0.0000,57.4505,0.0000,319.7860,21.6844,0.4119,0.3664,0.1794,0.0179,876.3884,1094.5612,81.5585,81.5585,2.0697,2.5871,281.5450,0.0000,0.0000,0.0000,128.4881,4.7070,1975.8346
09/09/2019 00:00:00,0.0000,1.0900,12.2985,0.0000,0.0000,0.0000,0.0000,0.0000,57.3145,0.0000,317.8690,21.7319,0.4095,0.3729,0.1819,0.0182,877.7772,1087.5164,81.4733,81.4733,2.0828,2.6035,277.0033,0.0000,0.0000,0.0000,128.4762,4.7204,1970.0014
10/09/2019 00:00:00,0.0000,0.6887,13.0273,0.0000,0.0000,0.0000,0.0000,0.0000,57.1784,0.0000,315.9521,21.7793,0.4071,0.3793,0.1845,0.0185,879.1661,1080.4717,81.3882,81.3882,2.0959,2.6198,272.4616,0.0000,0.0000,0.0000,128.4643,4.7339,1964.1681
11/09/2019 00:00:00,0.0000,0.5673,13.4223,0.0000,0.0000,0.0000,0.0000,0.0000,57.0424,0.0000,314.0351,21.8268,0.4048,0.3857,0.1871,0.0187,880.5550,1073.4269,81.3030,81.3030,2.1090,2.6362,267.9200,0.0000,0.0000,0.0000,128.4524,4.7473,1958.3349
12/09/2019 00:00:00,0.0000,0.5632,14.2012,0.0000,0.0000,0.0000,0.0000,0.0000,56.9063,0.0000,312.1182,21.8742,0.4024,0.3921,0.1897,0.0190,881.9438,1066.3821,81.2178,81.2178,2.1221,2.6526,263.3783,0.0000,0.0000,0.0000,128.4405,4.7607,1952.5017
13/09/2019 00:00:00,0.0000,0.5552,15.0918,0.0000,0.0000,0.0000,0.0000,0.0000,56.7703,0.0000,310.2012,21.9217,0.4000,0.3986,0.1923,0.0192,883.3327,1059.3374,81.1326,81.1327,2.1351,2.6689,258.8366,0.0000,0.0000,0.0000,128.4286,4.7742,1946.6685
14/09/2019 00:00:00,0.0000,0.5659,16.1207,0.0000,0.0000,0.0000,0.0000,0.0000,56.6342,0.0000,308.2843,21.9691,0.3976,0.4050,0.1948,0.0195,884.7216,1052.2926,81.0475,81.0475,2.1482,2.6853,254.2949,0.0000,0.0000,0.0000,128.4167,4.7876,1940.8352
15/09/2019 00:00:00,0.0000,0.5653,17.1866,0.0000,0.0000,0.0000,0.0000,0.0000,56.4982,0.0000,306.3674,22.0166,0.3952,0.4114,0.1974,0.0197,886.1104,1045.2478,80.9623,80.9623,2.1613,2.7017,249.7532,0.0000,0.0000,0.0000,128.4048,4.8011,1935.0020
16/09/2019 00:00:00,0.0000,0.5663,15.7853,0.0000,0.0000,0.0000,0.0000,0.0000,56.3621,0.0000,304.4504,22.0640,0.3929,0.4179,0.2000,0.0200,887.4993,1038.2030,80.8771,80.8771,2.1744,2.7180,245.2115,0.0000,0.0000,0.0000,128.3929,4.8145,1929.1688
17/09/2019 00:00:00,0.0000,0.5707,14.4304,0.0000,0.0000,0.0000,0.0000,0.0000,56.2261,0.0000,302.5335,22.1115,0.3905,0.4243,0.2026,0.0203,888.8882,1031.1583,80.7920,80.7920,2.1875,2.7344,240.6698,0.0000,0.0000,0.0000,128.3810,4.8279,1923.3355
18/09/2019 00:00:00,0.0000,0.5741,14.3630,0.0000,0.0000,0.0000,0.0000,0.0000,56.0900,0.0000,300.6165,22.1589,0.3881,0.4307,0.2052,0.0205,890.2771,1024.1135,80.7068,80.7068,2.2006,2.7507,236.1281,0.0000,0.0000,0.0000,128.3691,4.8414,1917.5023
19/09/2019 00:00:00,0.0000,0.5748,14.1309,0.0000,0.0000,0.0000,0.0000,0.0000,55.9540,0.0000,298.6996,22.2064,0.3857,0.4371,0.2077,0.0208,891.6659,1017.0687,80.6216,80.6216,2.2137,2.7671,231.5864,0.0000,0.0000,0.0000,128.3572,4.8548,1911.6691
20/09/2019 00:00:00,0.0000,0.5744,14.5499,0.0000,0.0000,0.0000,0.0000,0.0000,55.8179,0.0000,296.7826,22.2538,0.3833,0.4436,0.2103,0.0210,893.0548,1010.0240,80.5364,80.5365,2.2268,2.7835,227.0447,0.0000,0.0000,0.0000,128.3452,4.8683,1905.8358
21/09/2019 00:00:00,0.0000,0.5718,14.1090,0.0000,0.0000,0.0000,0.0000,0.0000,55.6819,0.0000,294.8657,22.3013,0.3810,0.4500,0.2129,0.0213,894.4437,1002.9792,80.4513,80.4513,2.2399,2.7998,222.5030,0.0000,0.0000,0.0000,128.3333,4.8817,1900.0026
22/09/2019 00:00:00,0.0000,0.5757,13.6518,0.0000,0.0000,0.0000,0.0000,0.0000,55.5458,0.0000,292.9488,22.3487,0.3786,0.4564,0.2155,0.0215,895.8325,995.9344,80.3661,80.3661,2.2530,2.8162,217.9614,0.0000,0.0000,0.0000,128.3214,4.8952,1894.1694
23/09/2019 00:00:00,0.0000,0.5770,13.6965,0.0000,0.0000,0.0000,0.0000,0.0000,55.4098,0.0000,291.0318,22.3962,0.3762,0.4629,0.2181,0.0218,897.2214,988.8896,80.2809,80.2809,2.2660,2.8326,213.4197,0.0000,0.0000,0.0000,128.3095,4.9086,1888.3362
24/09/2019 00:00:00,0.0000,0.5817,14.2302,0.0000,0.0000,0.0000,0.0000,0.0000,55.2737,0.0000,289.1149,22.4436,0.3738,0.4693,0.2206,0.0221,898.6103,981.8449,80.1958,80.1958,2.2791,2.8489,208.8780,0.0000,0.0000,0.0000,128.2976,4.9220,1882.5029
25/09/2019 00:00:00,0.0000,0.5859,14.7416,0.0000,0.0000,0.0000,0.0000,0.0000,55.1377,0.0000,287.1979,22.4911,0.3714,0.4757,0.2232,0.0223,899.9992,974.8001,80.1106,80.1106,2.2922,2.8653,204.3363,0.0000,0.0000,0.0000,128.2857,4.9355,1876.6697
26/09/2019 00:00:00,0.0000,0.5897,15.7031,0.0000,0.0000,0.0000,0.0000,0.0000,55.0016,0.0000,285.2810,22.5385,0.3690,0.4821,0.2258,0.0226,901.3880,967.7553,80.0254,80.0254,2.3053,2.8816,199.7946,0.0000,0.0000,0.0000,128.2738,4.9489,1870.8365
27/09/2019 00:00:00,0.0000,0.5988,15.8244,0.0000,0.0000,0.0000,0.0000,0.0000,54.8656,0.0000,283.3640,22.5860,0.3667,0.4886,0.2284,0.0228,902.7769,960.7106,79.9402,79.9403,2.3184,2.8980,195.2529,0.0000,0.0000,0.0000,128.2619,4.9624,1865.0032
28/09/2019 00:00:00,0.0000,0.6052,15.2583,0.0000,0.0000,0.0000,0.0000,0.0000,54.7295,0.0000,281.4471,22.6334,0.3643,0.4950,0.2310,0.0231,904.1658,953.6658,79.8551,79.8551,2.3315,2.9144,190.7112,0.0000,0.0000,0.0000,128.2500,4.9758,1859.1700
29/09/2019 00:00:00,0.0000,0.6116,15.1715,0.0000,0.0000,0.0000,0.0000,0.0000,54.5935,0.0000,279.5302,22.6809,0.3619,0.5014,0.2335,0.0234,905.5546,946.6210,79.7699,79.7699,2.3446,2.9307,186.1695,0.0000,0.0000,0.0000,128.2381,4.9892,1853.3368
30/09/2019 00:00:00,0.0000,0.6150,15.5134,0.0000,0.0000,0.0000,0.0000,0.0000,54.4574,0.0000,277.6132,22.7283,0.3595,0.5079,0.2361,0.0236,906.9435,939.5763,79.6847,79.6847,2.3577,2.9471,181.6278,0.0000,0.0000,0.0000,128.2262,5.0027,1847.5035
01/10/2019 00:00:00,0.0000,0.6184,15.8060,0.0000,0.0000,0.0000,0.0000,0.0000,54.3214,0.0000,275.6963,22.7758,0.3571,0.5143,0.2387,0.0239,908.3324,932.5315,79.5996,79.5996,2.3708,2.9635,177.0861,0.0000,0.0000,0.0000,128.2143,5.0161,1841.6703
02/10/2019 00:00:00,0.0000,0.6203,16.8221,0.0000,0.0000,0.0000,0.0000,0.0000,53.7305,0.0000,277.8525,22.9212,0.3571,0.5115,0.2379,0.0238,911.8256,941.3792,79.4035,79.4036,2.3499,2.9374,177.7818,0.0000,0.0000,0.0000,129.4691,5.0156,1854.0246
03/10/2019 00:00:00,0.0000,0.6218,17.3829,0.0000,0.0000,0.0000,0.0000,0.0000,53.1395,0.0000,280.0125,23.0666,0.3571,0.5088,0.2372,0.0237,915.3202,950.2408,79.2074,79.2074,2.3291,2.9114,178.4807,0.0000,0.0000,0.0000,130.7249,5.0151,1866.3903
04/10/2019 00:00:00,0.0000,0.6232,17.4332,0.0000,0.0000,0.0000,0.0000,0.0000,52.5484,0.0000,282.1726,23.2120,0.3571,0.5060,0.2364,0.0236,918.8148,959.1024,79.0113,79.0113,2.3082,2.8853,179.1797,0.0000,0.0000,0.0000,131.9807,5.0146,1878.7560
05/10/2019 00:00:00,0.0000,0.6238,17.3946,0.0000,0.0000,0.0000,0.0000,0.0000,51.9574,0.0000,284.3326,23.3574,0.3571,0.5032,0.2357,0.0236,922.3094,967.9640,78.8151,78.8152,2.2874,2.8593,179.8786,0.0000,0.0000,0.0000,133.2364,5.0140,1891.1217
06/10/2019 00:00:00,0.0000,0.6242,16.9769,0.0000,0.0000,0.0000,0.0000,0.0000,51.3664,0.0000,286.4927,23.5028,0.3571,0.5005,0.2349,0.0235,925.8040,976.8256,78.6190,78.6191,2.2666,2.8332,180.5775,0.0000,0.0000,0.0000,134.4922,5.0135,1903.4874
07/10/2019 00:00:00,0.0000,0.6228,16.4361,0.0000,0.0000,0.0000,0.0000,0.0000,50.7754,0.0000,288.6528,23.6482,0.3571,0.4977,0.2341,0.0234,929.2986,985.6872,78.4229,78.4229,2.2457,2.8072,181.2764,0.0000,0.0000,0.0000,135.7479,5.0130,1915.8531
08/10/2019 00:00:00,0.0000,0.6229,14.6283,0.0000,0.0000,0.0000,0.0000,0.0000,50.1844,0.0000,290.8128,23.7936,0.3571,0.4949,0.2334,0.0233,932.7932,994.5488,78.2268,78.2268,2.2249,2.7811,181.9753,0.0000,0.0000,0.0000,137.0037,5.0125,1928.2188
09/10/2019 00:00:00,0.0000,0.6246,14.5732,0.0000,0.0000,0.0000,0.0000,0.0000,49.5934,0.0000,292.9729,23.9391,0.3571,0.4922,0.2326,0.0233,936.2878,1003.4104,78.0306,78.0307,2.2040,2.7551,182.6742,0.0000,0.0000,0.0000,138.2594,5.0120,1940.5845
10/10/2019 00:00:00,0.0000,0.6243,15.1730,0.0000,0.0000,0.0000,0.0000,0.0000,49.0023,0.0000,295.1330,24.0845,0.3571,0.4894,0.2318,0.0232,939.7824,1012.2720,77.8345,77.8345,2.1832,2.7290,183.3732,0.0000,0.0000,0.0000,139.5152,5.0114,1952.9502
11/10/2019 00:00:00,0.0000,0.6226,15.8998,0.0000,0.0000,0.0000,0.0000,0.0000,48.4113,0.0000,297.2930,24.2299,0.3571,0.4866,0.2311,0.0231,943.2770,1021.1336,77.6384,77.6384,2.1624,2.7030,184.0721,0.0000,0.0000,0.0000,140.7709,5.0109,1965.3159
12/10/2019 00:00:00,0.0000,0.6219,16.6428,0.0000,0.0000,0.0000,0.0000,0.0000,47.8203,0.0000,299.4531,24.3753,0.3571,0.4839,0.2303,0.0230,946.7716,1029.9951,77.4423,77.4423,2.1415,2.6769,184.7710,0.0000,0.0000,0.0000,142.0267,5.0104,1977.6816
13/10/2019 00:00:00,0.0000,0.6222,17.1744,0.0000,0.0000,0.0000,0.0000,0.0000,47.2293,0.0000,301.6132,24.5207,0.3571,0.4811,0.2296,0.0230,950.2662,1038.8567,77.2461,77.2462,2.1207,2.6509,185.4699,0.0000,0.0000,0.0000,143.2825,5.0099,1990.0473
14/10/2019 00:00:00,0.0000,0.6196,17.3084,0.0000,0.0000,0.0000,0.0000,0.0000,46.6383,0.0000,303.7732,24.6661,0.3571,0.4783,0.2288,0.0229,953.7608,1047.7183,77.0500,77.0500,2.0999,2.6248,186.1688,0.0000,0.0000,0.0000,144.5382,5.0094,2002.4130
15/10/2019 00:00:00,0.0000,0.6155,17.5659,0.0000,0.0000,0.0000,0.0000,0.0000,46.0473,0.0000,305.9333,24.8115,0.3571,0.4756,0.2280,0.0228,957.2554,1056.5799,76.8539,76.8539,2.0790,2.5988,186.8678,0.0000,0.0000,0.0000,145.7940,5.0088,2014.7787
16/10/2019 00:00:00,0.0000,0.6090,17.5755,0.0000,0.0000,0.0000,0.0000,0.0000,45.4562,0.0000,308.0934,24.9569,0.3571,0.4728,0.2273,0.0227,960.7500,1065.4415,76.6578,76.6578,2.0582,2.5727,187.5667,0.0000,0.0000,0.0000,147.0497,5.0083,2027.1444
17/10/2019 00:00:00,0.0000,0.6085,16.0078,0.0000,0.0000,0.0000,0.0000,0.0000,44.8652,0.0000,310.2534,25.1023,0.3571,0.4700,0.2265,0.0227,964.2446,1074.3031,76.4616,76.4617,2.0373,2.5467,188.2656,0.0000,0.0000,0.0000,148.3055,5.0078,2039.5101
18/10/2019 00:00:00,0.0000,0.6083,16.0773,0.0000,0.0000,0.0000,0.0000,0.0000,44.2742,0.0000,312.4135,25.2477,0.3571,0.4673,0.2257,0.0226,967.7392,1083.1647,76.2655,76.2655,2.0165,2.5206,188.9645,0.0000,0.0000,0.0000,149.5612,5.0073,2051.8758
19/10/2019 00:00:00,0.0000,0.6424,15.7309,0.0000,0.0000,0.0000,0.0000,0.0000,43.6832,0.0000,314.5736,25.3931,0.3571,0.4645,0.2250,0.0225,971.2339,1092.0263,76.0694,76.0694,1.9957,2.4946,189.6634,0.0000,0.0000,0.0000,150.8170,5.0068,2064.2415
20/10/2019 00:00:00,0.0000,0.6181,16.0609,0.0000,0.0000,0.0000,0.0000,0.0000,43.0922,0.0000,316.7336,25.5385,0.3571,0.4618,0.2242,0.0224,974.7285,1100.8879,75.8733,75.8733,1.9748,2.4685,190.3623,0.0000,0.0000,0.0000,152.0727,5.0062,2076.6072
21/10/2019 00:00:00,0.0000,0.6144,17.0393,0.0000,0.0000,0.0000,0.0000,0.0000,42.5012,0.0000,318.8937,25.6839,0.3571,0.4590,0.2234,0.0223,978.2231,1109.7495,75.6771,75.6772,1.9540,2.4425,191.0613,0.0000,0.0000,0.0000,153.3285,5.0057,2088.9729
22/10/2019 00:00:00,0.0000,0.6103,18.4609,0.0000,0.0000,0.0000,0.0000,0.0000,41.9101,0.0000,321.0538,25.8294,0.3571,0.4562,0.2227,0.0223,981.7177,1118.6111,75.4810,75.4810,1.9331,2.4164,191.7602,0.0000,0.0000,0.0000,154.5843,5.0052,2101.3386
23/10/2019 00:00:00,0.0000,0.6117,19.7754,0.0000,0.0000,0.0000,0.0000,0.0000,41.3191,0.0000,323.2138,25.9748,0.3571,0.4535,0.2219,0.0222,985.2123,1127.4727,75.2849,75.2849,1.9123,2.3904,192.4591,0.0000,0.0000,0.0000,155.8400,5.0047,2113.7043
24/10/2019 00:00:00,0.0000,0.6095,20.9951,0.0000,0.0000,0.0000,0.0000,0.0000,40.7281,0.0000,325.3739,26.1202,0.3571,0.4507,0.2212,0.0221,988.7069,1136.3343,75.0888,75.0888,1.8915,2.3643,193.1580,0.0000,0.0000,0.0000,157.0958,5.0042,2126.0700
25/10/2019 00:00:00,0.0000,0.6464,18.8484,0.0000,0.0000,0.0000,0.0000,0.0000,40.1371,0.0000,327.5340,26.2656,0.3571,0.4479,0.2204,0.0220,992.2015,1145.1959,74.8926,74.8927,1.8706,2.3383,193.8569,0.0000,0.0000,0.0000,158.3515,5.0036,2138.4357
26/10/2019 00:00:00,0.0000,0.9258,16.3441,0.0000,0.0000,0.0000,0.0000,0.0000,39.5461,0.0000,329.6940,26.4110,0.3571,0.4452,0.2196,0.0220,995.6961,1154.0575,74.6965,74.6965,1.8498,2.3122,194.5559,0.0000,0.0000,0.0000,159.6073,5.0031,2150.8014
27/10/2019 00:00:00,0.0000,0.8128,16.7079,0.0000,0.0000,0.0000,0.0000,0.0000,38.9551,0.0000,331.8541,26.5564,0.3571,0.4424,0.2189,0.0219,999.1907,1162.9190,74.5004,74.5004,1.8289,2.2862,195.2548,0.0000,0.0000,0.0000,160.8630,5.0026,2163.1671
28/10/2019 00:00:00,0.0000,0.7739,17.7482,0.0000,0.0000,0.0000,0.0000,0.0000,38.3640,0.0000,334.0142,26.7018,0.3571,0.4396,0.2181,0.0218,1002.6853,1171.7806,74.3043,74.3043,1.8081,2.2601,195.9537,0.0000,0.0000,0.0000,162.1188,5.0021,2175.5329
29/10/2019 00:00:00,0.0000,0.7289,19.0679,0.0000,0.0000,0.0000,0.0000,0.0000,37.7730,0.0000,336.1742,26.8472,0.3571,0.4369,0.2173,0.0217,1006.1799,1180.6422,74.1082,74.1082,1.7873,2.2341,196.6526,0.0000,0.0000,0.0000,163.3745,5.0016,2187.8986
30/10/2019 00:00:00,0.0000,0.6876,19.9726,0.0000,0.0000,0.0000,0.0000,0.0000,37.1820,0.0000,338.3343,26.9926,0.3571,0.4341,0.2166,0.0217,1009.6745,1189.5038,73.9120,73.9120,1.7664,2.2080,197.3515,0.0000,0.0000,0.0000,164.6303,5.0010,2200.2643
31/10/2019 00:00:00,0.0000,0.6778,21.4192,0.0000,0.0000,0.0000,0.0000,0.0000,36.5910,0.0000,340.4943,27.1380,0.3571,0.4313,0.2158,0.0216,1013.1691,1198.3654,73.7159,73.7159,1.7456,2.1820,198.0504,0.0000,0.0000,0.0000,165.8860,5.0005,2212.6300
01/11/2019 00:00:00,0.0000,0.6566,21.2436,0.0000,0.0000,0.0000,0.0000,0.0000,36.0000,0.0000,342.6544,27.2834,0.3571,0.4286,0.2151,0.0215,1016.6637,1207.2270,73.5198,73.5198,1.7247,2.1559,198.7494,0.0000,0.0000,0.0000,167.1418,5.0000,2224.9957
02/11/2019 00:00:00,0.0000,0.6758,20.4734,0.0000,0.0000,0.0000,0.0000,0.0000,35.6627,0.0000,340.4168,27.8763,0.3690,0.4222,0.2158,0.0216,1016.3891,1201.5951,73.7485,73.7485,1.7300,2.1625,197.6121,0.0000,0.0000,0.0000,166.9763,5.0043,2218.8910
03/11/2019 00:00:00,0.0000,0.6410,20.2843,0.0000,0.0000,0.0000,0.0000,0.0000,35.3255,0.0000,338.1755,28.4694,0.3810,0.4159,0.2165,0.0216,1016.1113,1195.9560,73.9774,73.9773,1.7353,2.1691,196.4732,0.0000,0.0000,0.0000,166.8097,5.0086,2212.7799
04/11/2019 00:00:00,0.0000,0.6291,18.9036,0.0000,0.0000,0.0000,0.0000,0.0000,34.9883,0.0000,335.9342,29.0626,0.3929,0.4095,0.2172,0.0217,1015.8336,1190.3169,74.2062,74.2062,1.7406,2.1757,195.3343,0.0000,0.0000,0.0000,166.6430,5.0129,2206.6688
05/11/2019 00:00:00,0.0000,0.6338,17.8596,0.0000,0.0000,0.0000,0.0000,0.0000,34.6511,0.0000,333.6928,29.6557,0.4048,0.4032,0.2179,0.0218,1015.5558,1184.6778,74.4350,74.4350,1.7458,2.1823,194.1954,0.0000,0.0000,0.0000,166.4763,5.0172,2200.5577
06/11/2019 00:00:00,0.0000,0.6261,18.1631,0.0000,0.0000,0.0000,0.0000,0.0000,34.3139,0.0000,331.4515,30.2488,0.4167,0.3968,0.2186,0.0219,1015.2780,1179.0387,74.6639,74.6639,1.7511,2.1889,193.0566,0.0000,0.0000,0.0000,166.3096,5.0215,2194.4466
07/11/2019 00:00:00,0.0000,0.9170,16.6360,0.0000,0.0000,0.0000,0.0000,0.0000,33.9767,0.0000,329.2102,30.8419,0.4286,0.3905,0.2194,0.0219,1015.0002,1173.3996,74.8927,74.8927,1.7564,2.1955,191.9177,0.0000,0.0000,0.0000,166.1430,5.0258,2188.3355
08/11/2019 00:00:00,0.0000,1.4821,15.6926,0.0000,0.0000,0.0000,0.0000,0.0000,33.6395,0.0000,326.9688,31.4350,0.4405,0.3841,0.2201,0.0220,1014.7225,1167.7605,75.1215,75.1215,1.7617,2.2021,190.7788,0.0000,0.0000,0.0000,165.9763,5.0301,2182.2243
09/11/2019 00:00:00,0.0000,1.4137,15.0396,0.0000,0.0000,0.0000,0.0000,0.0000,33.3024,0.0000,324.7275,32.0282,0.4524,0.3778,0.2208,0.0221,1014.4447,1162.1214,75.3504,75.3504,1.7669,2.2087,189.6399,0.0000,0.0000,0.0000,165.8096,5.0344,2176.1132
10/11/2019 00:00:00,0.0000,1.4604,15.7652,0.0000,0.0000,0.0000,0.0000,0.0000,32.9652,0.0000,322.4862,32.6213,0.4643,0.3714,0.2215,0.0222,1014.1669,1156.4823,75.5792,75.5792,1.7722,2.2153,188.5010,0.0000,0.0000,0.0000,165.6430,5.0387,2170.0021
11/11/2019 00:00:00,0.0000,1.0196,17.5843,0.0000,0.0000,0.0000,0.0000,0.0000,32.6280,0.0000,320.2448,33.2144,0.4762,0.3651,0.2222,0.0222,1013.8891,1150.8432,75.8080,75.8080,1.7775,2.2219,187.3621,0.0000,0.0000,0.0000,165.4763,5.0430,2163.8910
12/11/2019 00:00:00,0.0000,0.7847,16.3144,0.0000,0.0000,0.0000,0.0000,0.0000,32.2908,0.0000,318.0035,33.8075,0.4881,0.3587,0.2229,0.0223,1013.6113,1145.2041,76.0369,76.0369,1.7828,2.2285,186.2232,0.0000,0.0000,0.0000,165.3096,5.0473,2157.7799
13/11/2019 00:00:00,0.0000,0.7546,16.1067,0.0000,0.0000,0.0000,0.0000,0.0000,31.9536,0.0000,315.7622,34.4006,0.5000,0.3524,0.2237,0.0224,1013.3336,1139.5650,76.2657,76.2657,1.7880,2.2351,185.0843,0.0000,0.0000,0.0000,165.1429,5.0516,2151.6688
14/11/2019 00:00:00,0.0000,0.7365,16.8258,0.0000,0.0000,0.0000,0.0000,0.0000,31.6164,0.0000,313.5208,34.9938,0.5119,0.3460,0.2244,0.0224,1013.0558,1133.9259,76.4946,76.4945,1.7933,2.2417,183.9454,0.0000,0.0000,0.0000,164.9763,5.0559,2145.5577
15/11/2019 00:00:00,0.0000,0.7153,16.6670,0.0000,0.0000,0.0000,0.0000,0.0000,31.2792,0.0000,311.2795,35.5869,0.5238,0.3397,0.2251,0.0225,1012.7780,1128.2868,76.7234,76.7234,1.7986,2.2482,182.8065,0.0000,0.0000,0.0000,164.8096,5.0602,2139.4466
16/11/2019 00:00:00,0.0000,0.6886,16.5431,0.0000,0.0000,0.0000,0.0000,0.0000,30.9420,0.0000,309.0382,36.1800,0.5357,0.3333,0.2258,0.0226,1012.5002,1122.6476,76.9522,76.9522,1.8039,2.2548,181.6676,0.0000,0.0000,0.0000,164.6429,5.0645,2133.3354
17/11/2019 00:00:00,0.0000,0.6790,16.8361,0.0000,0.0000,0.0000,0.0000,0.0000,30.6048,0.0000,306.7968,36.7731,0.5476,0.3270,0.2265,0.0227,1012.2225,1117.0085,77.1811,77.1810,1.8091,2.2614,180.5287,0.0000,0.0000,0.0000,164.4763,5.0688,2127.2243
18/11/2019 00:00:00,0.0000,0.6740,18.1649,0.0000,0.0000,0.0000,0.0000,0.0000,30.2676,0.0000,304.5555,37.3662,0.5595,0.3206,0.2272,0.0227,1011.9447,1111.3694,77.4099,77.4099,1.8144,2.2680,179.3898,0.0000,0.0000,0.0000,164.3096,5.0731,2121.1132
19/11/2019 00:00:00,0.0000,0.6473,19.2599,0.0000,0.0000,0.0000,0.0000,0.0000,29.9305,0.0000,302.3142,37.9594,0.5714,0.3143,0.2280,0.0228,1011.6669,1105.7303,77.6387,77.6387,1.8197,2.2746,178.2509,0.0000,0.0000,0.0000,164.1429,5.0774,2115.0021
20/11/2019 00:00:00,0.0000,0.6493,20.8172,0.0000,0.0000,0.0000,0.0000,0.0000,29.5933,0.0000,300.0728,38.5525,0.5833,0.3079,0.2287,0.0229,1011.3891,1100.0912,77.8676,77.8675,1.8250,2.2812,177.1120,0.0000,0.0000,0.0000,163.9763,5.0817,2108.8910
21/11/2019 00:00:00,0.0000,0.7211,20.3544,0.0000,0.0000,0.0000,0.0000,0.0000,29.2561,0.0000,297.8315,39.1456,0.5952,0.3016,0.2294,0.0229,1011.1113,1094.4521,78.0964,78.0964,1.8303,2.2878,175.9731,0.0000,0.0000,0.0000,163.8096,5.0860,2102.7799
22/11/2019 00:00:00,0.0000,0.6828,19.5786,0.0000,0.0000,0.0000,0.0000,0.0000,28.9189,0.0000,295.5902,39.7387,0.6071,0.2952,0.2301,0.0230,1010.8336,1088.8130,78.3252,78.3252,1.8355,2.2944,174.8342,0.0000,0.0000,0.0000,163.6429,5.0903,2096.6688
23/11/2019 00:00:00,0.0000,0.6683,19.9043,0.0000,0.0000,0.0000,0.0000,0.0000,28.5817,0.0000,293.3488,40.3318,0.6190,0.2889,0.2308,0.0231,1010.5558,1083.1739,78.5541,78.5540,1.8408,2.3010,173.6953,0.0000,0.0000,0.0000,163.4762,5.0946,2090.5577
24/11/2019 00:00:00,0.0000,0.6596,20.4454,0.0000,0.0000,0.0000,0.0000,0.0000,28.2445,0.0000,291.1075,40.9250,0.6310,0.2825,0.2315,0.0232,1010.2780,1077.5348,78.7829,78.7829,1.8461,2.3076,172.5564,0.0000,0.0000,0.0000,163.3096,5.0989,2084.4466
25/11/2019 00:00:00,0.0000,0.6425,20.4125,0.0000,0.0000,0.0000,0.0000,0.0000,27.9073,0.0000,288.8662,41.5181,0.6429,0.2762,0.2323,0.0232,1010.0002,1071.8957,79.0118,79.0117,1.8514,2.3142,171.4175,0.0000,0.0000,0.0000,163.1429,5.1032,2078.3354
26/11/2019 00:00:00,0.0000,0.9030,17.2766,0.0000,0.0000,0.0000,0.0000,0.0000,27.5701,0.0000,286.6248,42.1112,0.6548,0.2698,0.2330,0.0233,1009.7225,1066.2566,79.2406,79.2405,1.8566,2.3208,170.2786,0.0000,0.0000,0.0000,162.9762,5.1075,2072.2243
27/11/2019 00:00:00,0.0000,0.9257,17.9523,0.0000,0.0000,0.0000,0.0000,0.0000,27.2329,0.0000,284.3835,42.7043,0.6667,0.2635,0.2337,0.0234,1009.4447,1060.6175,79.4694,79.4694,1.8619,2.3274,169.1397,0.0000,0.0000,0.0000,162.8096,5.1118,2066.1132
28/11/2019 00:00:00,0.0000,0.8130,19.4812,0.0000,0.0000,0.0000,0.0000,0.0000,26.8958,0.0000,282.1422,43.2975,0.6786,0.2571,0.2344,0.0234,1009.1669,1054.9784,79.6983,79.6982,1.8672,2.3340,168.0008,0.0000,0.0000,0.0000,162.6429,5.1161,2060.0021
29/11/2019 00:00:00,0.0000,0.7586,19.6249,0.0000,0.0000,0.0000,0.0000,0.0000,26.5586,0.0000,279.9008,43.8906,0.6905,0.2508,0.2351,0.0235,1008.8891,1049.3393,79.9271,79.9271,1.8725,2.3406,166.8619,0.0000,0.0000,0.0000,162.4762,5.1204,2053.8910
30/11/2019 00:00:00,0.0000,0.7414,18.4676,0.0000,0.0000,0.0000,0.0000,0.0000,26.2214,0.0000,277.6595,44.4837,0.7024,0.2444,0.2358,0.0236,1008.6113,1043.7002,80.1559,80.1559,1.8777,2.3472,165.7230,0.0000,0.0000,0.0000,162.3095,5.1247,2047.7799
01/12/2019 00:00:00,0.0000,0.7838,16.9541,0.0000,0.0000,0.0000,0.0000,0.0000,25.8842,0.0000,275.4182,45.0768,0.7143,0.2381,0.2366,0.0237,1008.3336,1038.0611,80.3848,80.3847,1.8830,2.3538,164.5842,0.0000,0.0000,0.0000,162.1429,5.1290,2041.6688
02/12/2019 00:00:00,0.0000,1.4378,15.7718,0.0000,0.0000,0.0000,0.0000,0.0000,26.5262,0.0000,274.1238,44.1974,0.7097,0.2535,0.2379,0.0238,1019.6142,1048.7788,80.1305,80.1305,1.8862,2.3578,163.6566,0.0000,0.0000,0.0000,163.2027,5.1769,2063.9704
03/12/2019 00:00:00,0.0000,1.6758,16.6052,0.0000,0.0000,0.0000,0.0000,0.0000,27.1688,0.0000,272.8301,43.3173,0.7051,0.2688,0.2393,0.0239,1030.9048,1059.5012,79.8761,79.8761,1.8895,2.3619,162.7291,0.0000,0.0000,0.0000,164.2626,5.2247,2086.2818
04/12/2019 00:00:00,0.0000,1.2554,17.8572,0.0000,0.0000,0.0000,0.0000,0.0000,27.8114,0.0000,271.5364,42.4372,0.7005,0.2842,0.2407,0.0241,1042.1954,1070.2235,79.6217,79.6217,1.8927,2.3659,161.8017,0.0000,0.0000,0.0000,165.3225,5.2726,2108.5932
05/12/2019 00:00:00,0.0000,1.0783,19.3403,0.0000,0.0000,0.0000,0.0000,0.0000,28.4540,0.0000,270.2427,41.5571,0.6959,0.2995,0.2421,0.0242,1053.4860,1080.9458,79.3673,79.3674,1.8960,2.3700,160.8743,0.0000,0.0000,0.0000,166.3824,5.3205,2130.9046
06/12/2019 00:00:00,0.0000,0.9543,19.0596,0.0000,0.0000,0.0000,0.0000,0.0000,29.0966,0.0000,268.9490,40.6769,0.6912,0.3149,0.2435,0.0243,1064.7766,1091.6681,79.1129,79.1130,1.8992,2.3740,159.9469,0.0000,0.0000,0.0000,167.4423,5.3683,2153.2160
07/12/2019 00:00:00,0.0000,0.9155,19.5891,0.0000,0.0000,0.0000,0.0000,0.0000,29.7391,0.0000,267.6553,39.7968,0.6866,0.3303,0.2449,0.0245,1076.0672,1102.3905,78.8585,78.8586,1.9024,2.3781,159.0194,0.0000,0.0000,0.0000,168.5022,5.4162,2175.5274
08/12/2019 00:00:00,0.0000,0.8918,20.7193,0.0000,0.0000,0.0000,0.0000,0.0000,30.3817,0.0000,266.3616,38.9167,0.6820,0.3456,0.2463,0.0246,1087.3578,1113.1128,78.6041,78.6042,1.9057,2.3821,158.0920,0.0000,0.0000,0.0000,169.5621,5.4641,2197.8388
09/12/2019 00:00:00,0.0000,0.8083,20.9535,0.0000,0.0000,0.0000,0.0000,0.0000,31.0243,0.0000,265.0679,38.0366,0.6774,0.3610,0.2477,0.0248,1098.6484,1123.8351,78.3497,78.3498,1.9089,2.3862,157.1646,0.0000,0.0000,0.0000,170.6220,5.5119,2220.1502
10/12/2019 00:00:00,0.0000,0.7696,19.5843,0.0000,0.0000,0.0000,0.0000,0.0000,31.6669,0.0000,263.7742,37.1565,0.6728,0.3763,0.2490,0.0249,1109.9390,1134.5574,78.0953,78.0954,1.9122,2.3902,156.2372,0.0000,0.0000,0.0000,171.6819,5.5598,2242.4616
11/12/2019 00:00:00,0.0000,0.7605,19.1314,0.0000,0.0000,0.0000,0.0000,0.0000,32.3095,0.0000,262.4805,36.2763,0.6682,0.3917,0.2504,0.0250,1121.2296,1145.2798,77.8409,77.8410,1.9154,2.3943,155.3097,0.0000,0.0000,0.0000,172.7418,5.6077,2264.7730
12/12/2019 00:00:00,0.0000,0.7512,18.6170,0.0000,0.0000,0.0000,0.0000,0.0000,32.9520,0.0000,261.1868,35.3962,0.6636,0.4071,0.2518,0.0252,1132.5202,1156.0021,77.5866,77.5866,1.9186,2.3983,154.3823,0.0000,0.0000,0.0000,173.8017,5.6555,2287.0844
13/12/2019 00:00:00,0.0000,0.7341,18.5569,0.0000,0.0000,0.0000,0.0000,0.0000,33.5946,0.0000,259.8931,34.5161,0.6590,0.4224,0.2532,0.0253,1143.8108,1166.7244,77.3322,77.3322,1.9219,2.4024,153.4549,0.0000,0.0000,0.0000,174.8616,5.7034,2309.3958
14/12/2019 00:00:00,0.0000,0.7184,19.3281,0.0000,0.0000,0.0000,0.0000,0.0000,34.2372,0.0000,258.5994,33.6360,0.6544,0.4378,0.2546,0.0255,1155.1014,1177.4467,77.0778,77.0779,1.9251,2.4064,152.5275,0.0000,0.0000,0.0000,175.9215,5.7513,2331.7072
15/12/2019 00:00:00,0.0000,0.7105,20.4897,0.0000,0.0000,0.0000,0.0000,0.0000,34.8798,0.0000,257.3057,32.7559,0.6498,0.4531,0.2560,0.0256,1166.3920,1188.1691,76.8234,76.8235,1.9284,2.4105,151.6000,0.0000,0.0000,0.0000,176.9814,5.7991,2354.0186
16/12/2019 00:00:00,0.0000,0.7047,22.0574,0.0000,0.0000,0.0000,0.0000,0.0000,35.5224,0.0000,256.0120,31.8758,0.6452,0.4685,0.2574,0.0257,1177.6826,1198.8914,76.5690,76.5691,1.9316,2.4145,150.6726,0.0000,0.0000,0.0000,178.0413,5.8470,2376.3300
17/12/2019 00:00:00,0.0000,0.6900,23.3123,0.0000,0.0000,0.0000,0.0000,0.0000,36.1650,0.0000,254.7183,30.9956,0.6406,0.4839,0.2588,0.0259,1188.9732,1209.6137,76.3146,76.3147,1.9348,2.4186,149.7452,0.0000,0.0000,0.0000,179.1012,5.8949,2398.6414
18/12/2019 00:00:00,0.0000,0.6733,24.6781,0.0000,0.0000,0.0000,0.0000,0.0000,36.8075,0.0000,253.4246,30.1155,0.6359,0.4992,0.2601,0.0260,1200.2638,1220.3360,76.0602,76.0603,1.9381,2.4226,148.8178,0.0000,0.0000,0.0000,180.1611,5.9428,2420.9528
19/12/2019 00:00:00,0.0000,0.6555,25.0839,0.0000,0.0000,0.0000,0.0000,0.0000,37.4501,0.0000,252.1309,29.2354,0.6313,0.5146,0.2615,0.0262,1211.5544,1231.0583,75.8058,75.8059,1.9413,2.4267,147.8903,0.0000,0.0000,0.0000,181.2210,5.9906,2443.2642
20/12/2019 00:00:00,0.0000,0.6465,25.2370,0.0000,0.0000,0.0000,0.0000,0.0000,38.0927,0.0000,250.8372,28.3553,0.6267,0.5299,0.2629,0.0263,1222.8450,1241.7807,75.5514,75.5515,1.9446,2.4307,146.9629,0.0000,0.0000,0.0000,182.2809,6.0385,2465.5756
21/12/2019 00:00:00,0.0000,0.6398,22.4185,0.0000,0.0000,0.0000,0.0000,0.0000,38.7353,0.0000,249.5435,27.4752,0.6221,0.5453,0.2643,0.0264,1234.1356,1252.5030,75.2971,75.2971,1.9478,2.4348,146.0355,0.0000,0.0000,0.0000,183.3408,6.0864,2487.8870
22/12/2019 00:00:00,0.0000,0.6433,20.1619,0.0000,0.0000,0.0000,0.0000,0.0000,39.3779,0.0000,248.2498,26.5950,0.6175,0.5607,0.2657,0.0266,1245.4262,1263.2253,75.0427,75.0427,1.9510,2.4388,145.1081,0.0000,0.0000,0.0000,184.4007,6.1342,2510.1984
23/12/2019 00:00:00,0.0000,0.6327,21.1570,0.0000,0.0000,0.0000,0.0000,0.0000,40.0204,0.0000,246.9561,25.7149,0.6129,0.5760,0.2671,0.0267,1256.7168,1273.9476,74.7883,74.7884,1.9543,2.4429,144.1806,0.0000,0.0000,0.0000,185.4606,6.1821,2532.5098
24/12/2019 00:00:00,0.0000,0.6249,21.7639,0.0000,0.0000,0.0000,0.0000,0.0000,40.6630,0.0000,245.6624,24.8348,0.6083,0.5914,0.2685,0.0268,1268.0074,1284.6700,74.5339,74.5340,1.9575,2.4469,143.2532,0.0000,0.0000,0.0000,186.5205,6.2300,2554.8212
25/12/2019 00:00:00,0.0000,0.6240,22.9280,0.0000,0.0000,0.0000,0.0000,0.0000,41.3056,0.0000,244.3687,23.9547,0.6037,0.6068,0.2699,0.0270,1279.2980,1295.3923,74.2795,74.2796,1.9608,2.4510,142.3258,0.0000,0.0000,0.0000,187.5805,6.2778,2577.1326
26/12/2019 00:00:00,0.0000,0.6209,23.1194,0.0000,0.0000,0.0000,0.0000,0.0000,41.9482,0.0000,243.0750,23.0746,0.5991,0.6221,0.2712,0.0271,1290.5886,1306.1146,74.0251,74.0252,1.9640,2.4550,141.3984,0.0000,0.0000,0.0000,188.6404,6.3257,2599.4440
27/12/2019 00:00:00,0.0000,0.6190,23.9160,0.0000,0.0000,0.0000,0.0000,0.0000,42.5908,0.0000,241.7813,22.1944,0.5945,0.6375,0.2726,0.0273,1301.8792,1316.8369,73.7707,73.7708,1.9672,2.4591,140.4709,0.0000,0.0000,0.0000,189.7003,6.3736,2621.7554
28/12/2019 00:00:00,0.0000,0.6198,24.7077,0.0000,0.0000,0.0000,0.0000,0.0000,43.2333,0.0000,240.4876,21.3143,0.5899,0.6528,0.2740,0.0274,1313.1698,1327.5593,73.5163,73.5164,1.9705,2.4631,139.5435,0.0000,0.0000,0.0000,190.7602,6.4214,2644.0668
29/12/2019 00:00:00,0.0000,0.6214,24.8904,0.0000,0.0000,0.0000,0.0000,0.0000,43.8759,0.0000,239.1939,20.4342,0.5853,0.6682,0.2754,0.0275,1324.4604,1338.2816,73.2619,73.2620,1.9737,2.4672,138.6161,0.0000,0.0000,0.0000,191.8201,6.4693,2666.3782
30/12/2019 00:00:00,0.0000,0.6384,24.6351,0.0000,0.0000,0.0000,0.0000,0.0000,44.5185,0.0000,237.9002,19.5541,0.5806,0.6836,0.2768,0.0277,1335.7510,1349.0039,73.0075,73.0076,1.9770,2.4712,137.6887,0.0000,0.0000,0.0000,192.8800,6.5172,2688.6896
31/12/2019 00:00:00,0.0000,0.6345,21.6245,0.0000,0.0000,0.0000,0.0000,0.0000,45.1611,0.0000,236.6065,18.6740,0.5760,0.6989,0.2782,0.0278,1347.0416,1359.7262,72.7532,72.7532,1.9802,2.4753,136.7612,0.0000,0.0000,0.0000,193.9399,6.5650,2711.0010
01/01/2020 00:00:00,0.0000,0.6482,22.0436,0.0000,0.0000,0.0000,0.0000,0.0000,45.8037,0.0000,235.3128,17.7939,0.5714,0.7143,0.2796,0.0280,1358.3322,1370.4486,72.4988,72.4989,1.9834,2.4793,135.8338,0.0000,0.0000,0.0000,194.9998,6.6129,2733.3124
02/01/2020 00:00:00,0.0000,0.6637,22.7389,0.0000,0.0000,0.0000,0.0000,0.0000,45.6758,0.0000,235.6149,18.0805,0.5645,0.7131,0.2773,0.0277,1357.5270,1359.8951,72.3007,72.3008,1.9635,2.4544,136.9886,0.0000,0.0000,0.0000,196.0366,6.6056,2723.9335
03/01/2020 00:00:00,0.0000,0.6706,23.6358,0.0000,0.0000,0.0000,0.0000,0.0000,45.5478,0.0000,235.9173,18.3675,0.5576,0.7120,0.2751,0.0275,1356.7205,1349.3224,72.1026,72.1027,1.9436,2.4295,138.1445,0.0000,0.0000,0.0000,197.0735,6.5983,2714.5250
04/01/2020 00:00:00,0.0000,0.6644,21.8249,0.0000,0.0000,0.0000,0.0000,0.0000,45.4197,0.0000,236.2197,18.6545,0.5507,0.7108,0.2728,0.0273,1355.9141,1338.7498,71.9046,71.9046,1.9237,2.4046,139.3004,0.0000,0.0000,0.0000,198.1103,6.5911,2705.1164
05/01/2020 00:00:00,0.0000,0.6591,18.5778,0.0000,0.0000,0.0000,0.0000,0.0000,45.2917,0.0000,236.5221,18.9415,0.5438,0.7097,0.2706,0.0271,1355.1077,1328.1772,71.7065,71.7066,1.9037,2.3797,140.4563,0.0000,0.0000,0.0000,199.1472,6.5838,2695.7078
06/01/2020 00:00:00,0.0000,0.6727,18.6431,0.0000,0.0000,0.0000,0.0000,0.0000,45.1637,0.0000,236.8245,19.2285,0.5369,0.7085,0.2683,0.0268,1354.3012,1317.6046,71.5085,71.5085,1.8838,2.3548,141.6122,0.0000,0.0000,0.0000,200.1840,6.5765,2686.2992
07/01/2020 00:00:00,0.0000,0.6989,20.5179,0.0000,0.0000,0.0000,0.0000,0.0000,45.0357,0.0000,237.1269,19.5155,0.5300,0.7074,0.2660,0.0266,1353.4948,1307.0320,71.3104,71.3104,1.8639,2.3299,142.7681,0.0000,0.0000,0.0000,201.2209,6.5692,2676.8906
08/01/2020 00:00:00,0.0000,0.7110,22.2617,0.0000,0.0000,0.0000,0.0000,0.0000,44.9077,0.0000,237.4293,19.8024,0.5230,0.7062,0.2638,0.0264,1352.6884,1296.4594,71.1123,71.1124,1.8440,2.3050,143.9240,0.0000,0.0000,0.0000,202.2577,6.5619,2667.4820
09/01/2020 00:00:00,0.0000,0.7285,23.4464,0.0000,0.0000,0.0000,0.0000,0.0000,44.7797,0.0000,237.7318,20.0894,0.5161,0.7051,0.2615,0.0262,1351.8819,1285.8868,70.9143,70.9143,1.8241,2.2801,145.0799,0.0000,0.0000,0.0000,203.2946,6.5546,2658.0734
10/01/2020 00:00:00,0.0000,0.7268,22.6029,0.0000,0.0000,0.0000,0.0000,0.0000,44.6517,0.0000,238.0342,20.3764,0.5092,0.7039,0.2593,0.0259,1351.0755,1275.3142,70.7162,70.7163,1.8041,2.2552,146.2358,0.0000,0.0000,0.0000,204.3314,6.5473,2648.6648
11/01/2020 00:00:00,0.0000,0.7265,19.8046,0.0000,0.0000,0.0000,0.0000,0.0000,44.5237,0.0000,238.3366,20.6634,0.5023,0.7028,0.2570,0.0257,1350.2691,1264.7416,70.5182,70.5182,1.7842,2.2303,147.3917,0.0000,0.0000,0.0000,205.3683,6.5401,2639.2562
12/01/2020 00:00:00,0.0000,0.7301,20.2837,0.0000,0.0000,0.0000,0.0000,0.0000,44.3957,0.0000,238.6390,20.9504,0.4954,0.7016,0.2548,0.0255,1349.4626,1254.1690,70.3201,70.3201,1.7643,2.2054,148.5476,0.0000,0.0000,0.0000,206.4051,6.5328,2629.8476
13/01/2020 00:00:00,0.0000,0.7500,22.3471,0.0000,0.0000,0.0000,0.0000,0.0000,44.2677,0.0000,238.9414,21.2374,0.4885,0.7005,0.2525,0.0253,1348.6562,1243.5964,70.1220,70.1221,1.7444,2.1805,149.7035,0.0000,0.0000,0.0000,207.4420,6.5255,2620.4390
14/01/2020 00:00:00,0.0000,0.7438,23.7037,0.0000,0.0000,0.0000,0.0000,0.0000,44.1397,0.0000,239.2438,21.5244,0.4816,0.6993,0.2503,0.0250,1347.8498,1233.0238,69.9240,69.9240,1.7244,2.1556,150.8594,0.0000,0.0000,0.0000,208.4788,6.5182,2611.0305
15/01/2020 00:00:00,0.0000,0.7414,22.4259,0.0000,0.0000,0.0000,0.0000,0.0000,44.0117,0.0000,239.5462,21.8114,0.4747,0.6982,0.2480,0.0248,1347.0433,1222.4512,69.7259,69.7259,1.7045,2.1306,152.0153,0.0000,0.0000,0.0000,209.5157,6.5109,2601.6219
16/01/2020 00:00:00,0.0000,0.7324,20.5415,0.0000,0.0000,0.0000,0.0000,0.0000,43.8837,0.0000,239.8486,22.0984,0.4677,0.6970,0.2458,0.0246,1346.2369,1211.8786,69.5279,69.5279,1.6846,2.1057,153.1712,0.0000,0.0000,0.0000,210.5525,6.5036,2592.2133
17/01/2020 00:00:00,0.0000,0.7239,18.9868,0.0000,0.0000,0.0000,0.0000,0.0000,43.7557,0.0000,240.1511,22.3854,0.4608,0.6959,0.2435,0.0243,1345.4305,1201.3060,69.3298,69.3298,1.6647,2.0808,154.3271,0.0000,0.0000,0.0000,211.5894,6.4964,2582.8047
18/01/2020 00:00:00,0.0000,0.7194,19.8675,0.0000,0.0000,0.0000,0.0000,0.0000,43.6276,0.0000,240.4535,22.6724,0.4539,0.6947,0.2412,0.0241,1344.6240,1190.7334,69.1317,69.1317,1.6447,2.0559,155.4830,0.0000,0.0000,0.0000,212.6262,6.4891,2573.3961
19/01/2020 00:00:00,0.0000,0.7129,19.8404,0.0000,0.0000,0.0000,0.0000,0.0000,43.4996,0.0000,240.7559,22.9594,0.4470,0.6935,0.2390,0.0239,1343.8176,1180.1608,68.9337,68.9337,1.6248,2.0310,156.6389,0.0000,0.0000,0.0000,213.6631,6.4818,2563.9875
20/01/2020 00:00:00,0.0000,0.7071,18.2287,0.0000,0.0000,0.0000,0.0000,0.0000,43.3716,0.0000,241.0583,23.2463,0.4401,0.6924,0.2367,0.0237,1343.0112,1169.5882,68.7356,68.7356,1.6049,2.0061,157.7948,0.0000,0.0000,0.0000,214.6999,6.4745,2554.5789
21/01/2020 00:00:00,0.0000,0.7156,19.1133,0.0000,0.0000,0.0000,0.0000,0.0000,43.2436,0.0000,241.3607,23.5333,0.4332,0.6912,0.2345,0.0234,1342.2047,1159.0156,68.5376,68.5376,1.5850,1.9812,158.9507,0.0000,0.0000,0.0000,215.7368,6.4672,2545.1703
22/01/2020 00:00:00,0.0000,0.7014,20.3427,0.0000,0.0000,0.0000,0.0000,0.0000,43.1156,0.0000,241.6631,23.8203,0.4263,0.6901,0.2322,0.0232,1341.3983,1148.4430,68.3395,68.3395,1.5651,1.9563,160.1066,0.0000,0.0000,0.0000,216.7736,6.4599,2535.7617
23/01/2020 00:00:00,0.0000,4.7081,19.2767,0.0000,0.0000,0.0000,0.0000,0.0000,42.9876,0.0000,241.9655,24.1073,0.4194,0.6889,0.2300,0.0230,1340.5919,1137.8704,68.1415,68.1414,1.5451,1.9314,161.2625,0.0000,0.0000,0.0000,217.8105,6.4527,2526.3531
24/01/2020 00:00:00,0.0000,7.3365,18.9066,0.0000,0.0000,0.0000,0.0000,0.0000,42.8596,0.0000,242.2680,24.3943,0.4124,0.6878,0.2277,0.0228,1339.7854,1127.2978,67.9434,67.9434,1.5252,1.9065,162.4184,0.0000,0.0000,0.0000,218.8473,6.4454,2516.9445
25/01/2020 00:00:00,0.0000,4.8092,20.4957,0.0000,0.0000,0.0000,0.0000,0.0000,42.7316,0.0000,242.5704,24.6813,0.4055,0.6866,0.2255,0.0225,1338.9790,1116.7252,67.7453,67.7453,1.5053,1.8816,163.5743,0.0000,0.0000,0.0000,219.8842,6.4381,2507.5360
26/01/2020 00:00:00,0.0000,3.2490,22.2995,0.0000,0.0000,0.0000,0.0000,0.0000,42.6036,0.0000,242.8728,24.9683,0.3986,0.6855,0.2232,0.0223,1338.1726,1106.1526,67.5473,67.5472,1.4854,1.8567,164.7302,0.0000,0.0000,0.0000,220.9210,6.4308,2498.1274
27/01/2020 00:00:00,0.0000,2.1048,23.1255,0.0000,0.0000,0.0000,0.0000,0.0000,42.4756,0.0000,243.1752,25.2553,0.3917,0.6843,0.2210,0.0221,1337.3661,1095.5800,67.3492,67.3492,1.4654,1.8318,165.8861,0.0000,0.0000,0.0000,221.9579,6.4235,2488.7188
28/01/2020 00:00:00,0.0000,1.7165,23.0794,0.0000,0.0000,0.0000,0.0000,0.0000,42.3476,0.0000,243.4776,25.5423,0.3848,0.6832,0.2187,0.0219,1336.5597,1085.0074,67.1512,67.1511,1.4455,1.8069,167.0420,0.0000,0.0000,0.0000,222.9947,6.4162,2479.3102
29/01/2020 00:00:00,0.0000,1.5657,24.2777,0.0000,0.0000,0.0000,0.0000,0.0000,42.2196,0.0000,243.7800,25.8293,0.3779,0.6820,0.2164,0.0216,1335.7533,1074.4348,66.9531,66.9531,1.4256,1.7820,168.1978,0.0000,0.0000,0.0000,224.0316,6.4090,2469.9016
30/01/2020 00:00:00,0.0000,1.4280,25.1044,0.0000,0.0000,0.0000,0.0000,0.0000,42.0916,0.0000,244.0824,26.1163,0.3710,0.6809,0.2142,0.0214,1334.9468,1063.8622,66.7550,66.7550,1.4057,1.7571,169.3537,0.0000,0.0000,0.0000,225.0684,6.4017,2460.4930
31/01/2020 00:00:00,0.0000,1.3072,26.8460,0.0000,0.0000,0.0000,0.0000,0.0000,41.9636,0.0000,244.3849,26.4032,0.3641,0.6797,0.2119,0.0212,1334.1404,1053.2895,66.5570,66.5569,1.3857,1.7322,170.5096,0.0000,0.0000,0.0000,226.1053,6.3944,2451.0844
01/02/2020 00:00:00,0.0000,1.2096,24.6970,0.0000,0.0000,0.0000,0.0000,0.0000,41.8355,0.0000,244.6873,26.6902,0.3571,0.6786,0.2097,0.0210,1333.3340,1042.7169,66.3589,66.3589,1.3658,1.7073,171.6655,0.0000,0.0000,0.0000,227.1421,6.3871,2441.6758
02/02/2020 00:00:00,0.0000,1.1569,21.7957,0.0000,0.0000,0.0000,0.0000,0.0000,41.7075,0.0000,245.0292,26.6291,0.3571,0.6712,0.2069,0.0207,1330.7713,1040.3244,66.6788,66.6789,1.3897,1.7372,171.4883,0.0000,0.0000,0.0000,226.5154,6.3704,2436.3147
03/02/2020 00:00:00,0.0000,1.1158,19.8676,0.0000,0.0000,0.0000,0.0000,0.0000,41.5795,0.0000,245.3712,26.5677,0.3571,0.6638,0.2041,0.0204,1328.2072,1037.9386,66.9989,66.9989,1.4137,1.7671,171.3097,0.0000,0.0000,0.0000,225.8874,6.3538,2430.9575
04/02/2020 00:00:00,0.0000,1.0867,18.7073,0.0000,0.0000,0.0000,0.0000,0.0000,41.4515,0.0000,245.7132,26.5064,0.3571,0.6564,0.2013,0.0201,1325.6431,1035.5527,67.3189,67.3190,1.4376,1.7970,171.1311,0.0000,0.0000,0.0000,225.2595,6.3371,2425.6004
05/02/2020 00:00:00,0.0000,1.0238,19.3538,0.0000,0.0000,0.0000,0.0000,0.0000,41.3235,0.0000,246.0551,26.4450,0.3571,0.6490,0.1986,0.0199,1323.0789,1033.1669,67.6390,67.6391,1.4615,1.8269,170.9526,0.0000,0.0000,0.0000,224.6315,6.3205,2420.2432
06/02/2020 00:00:00,0.0000,0.9732,20.6875,0.0000,0.0000,0.0000,0.0000,0.0000,41.1955,0.0000,246.3971,26.3836,0.3571,0.6416,0.1958,0.0196,1320.5148,1030.7810,67.9591,67.9591,1.4854,1.8567,170.7740,0.0000,0.0000,0.0000,224.0036,6.3038,2414.8860
07/02/2020 00:00:00,0.0000,0.9463,21.7742,0.0000,0.0000,0.0000,0.0000,0.0000,41.0675,0.0000,246.7391,26.3223,0.3571,0.6342,0.1930,0.0193,1317.9507,1028.3952,68.2791,68.2792,1.5093,1.8866,170.5954,0.0000,0.0000,0.0000,223.3756,6.2871,2409.5289
08/02/2020 00:00:00,0.0000,0.9300,22.9367,0.0000,0.0000,0.0000,0.0000,0.0000,40.9395,0.0000,247.0811,26.2609,0.3571,0.6269,0.1902,0.0190,1315.3866,1026.0094,68.5992,68.5992,1.5332,1.9165,170.4168,0.0000,0.0000,0.0000,222.7477,6.2705,2404.1717
09/02/2020 00:00:00,0.0000,0.9384,23.9139,0.0000,0.0000,0.0000,0.0000,0.0000,40.8115,0.0000,247.4231,26.1996,0.3571,0.6195,0.1874,0.0187,1312.8225,1023.6235,68.9192,68.9193,1.5571,1.9464,170.2383,0.0000,0.0000,0.0000,222.1198,6.2538,2398.8145
10/02/2020 00:00:00,0.0000,0.9111,24.1843,0.0000,0.0000,0.0000,0.0000,0.0000,40.6835,0.0000,247.7650,26.1382,0.3571,0.6121,0.1847,0.0185,1310.2584,1021.2377,69.2393,69.2394,1.5811,1.9763,170.0597,0.0000,0.0000,0.0000,221.4918,6.2372,2393.4574
11/02/2020 00:00:00,0.0000,0.8846,22.4260,0.0000,0.0000,0.0000,0.0000,0.0000,40.5555,0.0000,248.1070,26.0768,0.3571,0.6047,0.1819,0.0182,1307.6943,1018.8518,69.5594,69.5594,1.6050,2.0062,169.8811,0.0000,0.0000,0.0000,220.8639,6.2205,2388.1002
12/02/2020 00:00:00,0.0000,0.8822,20.4316,0.0000,0.0000,0.0000,0.0000,0.0000,40.4275,0.0000,248.4490,26.0155,0.3571,0.5973,0.1791,0.0179,1305.1302,1016.4660,69.8794,69.8795,1.6289,2.0361,169.7026,0.0000,0.0000,0.0000,220.2359,6.2038,2382.7431
13/02/2020 00:00:00,0.0000,0.8504,21.0918,0.0000,0.0000,0.0000,0.0000,0.0000,40.2995,0.0000,248.7910,25.9541,0.3571,0.5899,0.1763,0.0176,1302.5661,1014.0801,70.1995,70.1996,1.6528,2.0660,169.5240,0.0000,0.0000,0.0000,219.6080,6.1872,2377.3859
14/02/2020 00:00:00,0.0000,0.8303,21.4874,0.0000,0.0000,0.0000,0.0000,0.0000,40.1715,0.0000,249.1329,25.8928,0.3571,0.5825,0.1735,0.0174,1300.0020,1011.6943,70.5196,70.5196,1.6767,2.0959,169.3454,0.0000,0.0000,0.0000,218.9800,6.1705,2372.0287
15/02/2020 00:00:00,0.0000,0.8287,20.5056,0.0000,0.0000,0.0000,0.0000,0.0000,40.0434,0.0000,249.4749,25.8314,0.3571,0.5751,0.1707,0.0171,1297.4379,1009.3084,70.8396,70.8397,1.7006,2.1258,169.1668,0.0000,0.0000,0.0000,218.3521,6.1539,2366.6716
16/02/2020 00:00:00,0.0000,0.8211,19.9264,0.0000,0.0000,0.0000,0.0000,0.0000,39.9154,0.0000,249.8169,25.7701,0.3571,0.5677,0.1680,0.0168,1294.8737,1006.9226,71.1597,71.1597,1.7245,2.1557,168.9883,0.0000,0.0000,0.0000,217.7242,6.1372,2361.3144
17/02/2020 00:00:00,0.0000,0.8081,20.7960,0.0000,0.0000,0.0000,0.0000,0.0000,39.7874,0.0000,250.1589,25.7087,0.3571,0.5603,0.1652,0.0165,1292.3096,1004.5368,71.4798,71.4798,1.7485,2.1856,168.8097,0.0000,0.0000,0.0000,217.0962,6.1205,2355.9572
18/02/2020 00:00:00,0.0000,0.9225,20.8542,0.0000,0.0000,0.0000,0.0000,0.0000,39.6594,0.0000,250.5008,25.6473,0.3571,0.5530,0.1624,0.0162,1289.7455,1002.1509,71.7998,71.7999,1.7724,2.2155,168.6311,0.0000,0.0000,0.0000,216.4683,6.1039,2350.6001
19/02/2020 00:00:00,0.0000,1.9859,18.5574,0.0000,0.0000,0.0000,0.0000,0.0000,39.5314,0.0000,250.8428,25.5860,0.3571,0.5456,0.1596,0.0160,1287.1814,999.7651,72.1199,72.1199,1.7963,2.2454,168.4526,0.0000,0.0000,0.0000,215.8403,6.0872,2345.2429
20/02/2020 00:00:00,0.0000,1.0705,18.2617,0.0000,0.0000,0.0000,0.0000,0.0000,39.4034,0.0000,251.1848,25.5246,0.3571,0.5382,0.1568,0.0157,1284.6173,997.3792,72.4399,72.4400,1.8202,2.2753,168.2740,0.0000,0.0000,0.0000,215.2124,6.0706,2339.8857
21/02/2020 00:00:00,0.0000,0.9717,18.3492,0.0000,0.0000,0.0000,0.0000,0.0000,39.2754,0.0000,251.5268,25.4633,0.3571,0.5308,0.1541,0.0154,1282.0532,994.9934,72.7600,72.7601,1.8441,2.3051,168.0954,0.0000,0.0000,0.0000,214.5844,6.0539,2334.5286
22/02/2020 00:00:00,0.0000,0.9217,18.8815,0.0000,0.0000,0.0000,0.0000,0.0000,39.1474,0.0000,251.8687,25.4019,0.3571,0.5234,0.1513,0.0151,1279.4891,992.6075,73.0801,73.0801,1.8680,2.3350,167.9168,0.0000,0.0000,0.0000,213.9565,6.0372,2329.1714
23/02/2020 00:00:00,0.0000,0.8744,20.3165,0.0000,0.0000,0.0000,0.0000,0.0000,39.0194,0.0000,252.2107,25.3405,0.3571,0.5160,0.1485,0.0148,1276.9250,990.2217,73.4001,73.4002,1.8919,2.3649,167.7383,0.0000,0.0000,0.0000,213.3286,6.0206,2323.8142
24/02/2020 00:00:00,0.0000,0.8347,22.1847,0.0000,0.0000,0.0000,0.0000,0.0000,38.8914,0.0000,252.5527,25.2792,0.3571,0.5086,0.1457,0.0146,1274.3609,987.8358,73.7202,73.7202,1.9159,2.3948,167.5597,0.0000,0.0000,0.0000,212.7006,6.0039,2318.4571
25/02/2020 00:00:00,0.0000,0.8321,22.1941,0.0000,0.0000,0.0000,0.0000,0.0000,38.7634,0.0000,252.8947,25.2178,0.3571,0.5012,0.1429,0.0143,1271.7968,985.4500,74.0403,74.0403,1.9398,2.4247,167.3811,0.0000,0.0000,0.0000,212.0727,5.9872,2313.0999
26/02/2020 00:00:00,0.0000,0.8168,20.8165,0.0000,0.0000,0.0000,0.0000,0.0000,38.6354,0.0000,253.2366,25.1565,0.3571,0.4938,0.1402,0.0140,1269.2326,983.0641,74.3603,74.3604,1.9637,2.4546,167.2026,0.0000,0.0000,0.0000,211.4447,5.9706,2307.7427
27/02/2020 00:00:00,0.0000,0.8169,18.7757,0.0000,0.0000,0.0000,0.0000,0.0000,38.5074,0.0000,253.5786,25.0951,0.3571,0.4865,0.1374,0.0137,1266.6685,980.6783,74.6804,74.6804,1.9876,2.4845,167.0240,0.0000,0.0000,0.0000,210.8168,5.9539,2302.3856
28/02/2020 00:00:00,0.0000,0.8091,18.8344,0.0000,0.0000,0.0000,0.0000,0.0000,38.3794,0.0000,253.9206,25.0338,0.3571,0.4791,0.1346,0.0135,1264.1044,978.2925,75.0005,75.0005,2.0115,2.5144,166.8454,0.0000,0.0000,0.0000,210.1888,5.9373,2297.0284
29/02/2020 00:00:00,0.0000,0.7949,20.4663,0.0000,0.0000,0.0000,0.0000,0.0000,38.2513,0.0000,254.2626,24.9724,0.3571,0.4717,0.1318,0.0132,1261.5403,975.9066,75.3205,75.3205,2.0354,2.5443,166.6668,0.0000,0.0000,0.0000,209.5609,5.9206,2291.6712
01/03/2020 00:00:00,0.0000,0.7749,20.5298,0.0000,0.0000,0.0000,0.0000,0.0000,38.1233,0.0000,254.6046,24.9110,0.3571,0.4643,0.1290,0.0129,1258.9762,973.5208,75.6406,75.6406,2.0593,2.5742,166.4883,0.0000,0.0000,0.0000,208.9330,5.9039,2286.3141
02/03/2020 00:00:00,0.0000,0.7550,18.4102,0.0000,0.0000,0.0000,0.0000,0.0000,37.9953,0.0000,254.9465,25.4466,0.3571,0.4639,0.1308,0.0131,1256.4121,971.1349,75.2722,75.2722,2.0418,2.5523,166.3097,0.0000,0.0000,0.0000,208.3050,5.8873,2280.9569
03/03/2020 00:00:00,0.0000,0.7655,16.8976,0.0000,0.0000,0.0000,0.0000,0.0000,37.8673,0.0000,255.2885,25.9824,0.3571,0.4635,0.1325,0.0133,1253.8480,968.7491,74.9034,74.9034,2.0243,2.5304,166.1311,0.0000,0.0000,0.0000,207.6771,5.8706,2275.5998
04/03/2020 00:00:00,0.0000,0.7688,17.7325,0.0000,0.0000,0.0000,0.0000,0.0000,37.7393,0.0000,255.6305,26.5181,0.3571,0.4631,0.1342,0.0134,1251.2839,966.3632,74.5346,74.5346,2.0068,2.5085,165.9526,0.0000,0.0000,0.0000,207.0491,5.8540,2270.2426
05/03/2020 00:00:00,0.0000,0.7422,18.1374,0.0000,0.0000,0.0000,0.0000,0.0000,37.6113,0.0000,255.9725,27.0538,0.3571,0.4627,0.1360,0.0136,1248.7198,963.9774,74.1658,74.1658,1.9893,2.4866,165.7740,0.0000,0.0000,0.0000,206.4212,5.8373,2264.8854
06/03/2020 00:00:00,0.0000,0.7288,18.6090,0.0000,0.0000,0.0000,0.0000,0.0000,37.4833,0.0000,256.3144,27.5895,0.3571,0.4624,0.1377,0.0138,1246.1557,961.5915,73.7971,73.7970,1.9718,2.4647,165.5954,0.0000,0.0000,0.0000,205.7932,5.8206,2259.5283
07/03/2020 00:00:00,0.0000,0.7254,18.8784,0.0000,0.0000,0.0000,0.0000,0.0000,37.3553,0.0000,256.6564,28.1252,0.3571,0.4620,0.1394,0.0139,1243.5916,959.2057,73.4283,73.4282,1.9543,2.4428,165.4168,0.0000,0.0000,0.0000,205.1653,5.8040,2254.1711
08/03/2020 00:00:00,0.0000,0.7226,18.4157,0.0000,0.0000,0.0000,0.0000,0.0000,37.2273,0.0000,256.9984,28.6610,0.3571,0.4616,0.1412,0.0141,1241.0274,956.8198,73.0595,73.0594,1.9367,2.4209,165.2383,0.0000,0.0000,0.0000,204.5374,5.7873,2248.8139
09/03/2020 00:00:00,0.0000,0.7210,18.5099,0.0000,0.0000,0.0000,0.0000,0.0000,37.0993,0.0000,257.3404,29.1967,0.3571,0.4612,0.1429,0.0143,1238.4633,954.4340,72.6907,72.6906,1.9192,2.3990,165.0597,0.0000,0.0000,0.0000,203.9094,5.7707,2243.4568
10/03/2020 00:00:00,0.0000,0.7135,19.3244,0.0000,0.0000,0.0000,0.0000,0.0000,36.9713,0.0000,257.6823,29.7324,0.3571,0.4608,0.1446,0.0145,1235.8992,952.0482,72.3219,72.3218,1.9017,2.3771,164.8811,0.0000,0.0000,0.0000,203.2815,5.7540,2238.0996
11/03/2020 00:00:00,0.0000,0.7052,20.6120,0.0000,0.0000,0.0000,0.0000,0.0000,36.8433,0.0000,258.0243,30.2681,0.3571,0.4604,0.1464,0.0146,1233.3351,949.6623,71.9531,71.9531,1.8842,2.3552,164.7026,0.0000,0.0000,0.0000,202.6535,5.7373,2232.7424
12/03/2020 00:00:00,0.0000,0.7015,21.5079,0.0000,0.0000,0.0000,0.0000,0.0000,36.7153,0.0000,258.3663,30.8039,0.3571,0.4601,0.1481,0.0148,1230.7710,947.2765,71.5843,71.5843,1.8667,2.3333,164.5240,0.0000,0.0000,0.0000,202.0256,5.7207,2227.3853
13/03/2020 00:00:00,0.0000,0.7343,20.1078,0.0000,0.0000,0.0000,0.0000,0.0000,36.5873,0.0000,258.7083,31.3396,0.3571,0.4597,0.1498,0.0150,1228.2069,944.8906,71.2155,71.2155,1.8492,2.3114,164.3454,0.0000,0.0000,0.0000,201.3976,5.7040,2222.0281
14/03/2020 00:00:00,0.0000,0.8552,16.6247,0.0000,0.0000,0.0000,0.0000,0.0000,36.4592,0.0000,259.0502,31.8753,0.3571,0.4593,0.1516,0.0152,1225.6428,942.5048,70.8467,70.8467,1.8316,2.2895,164.1668,0.0000,0.0000,0.0000,200.7697,5.6874,2216.6709
15/03/2020 00:00:00,0.0000,0.8336,16.2260,0.0000,0.0000,0.0000,0.0000,0.0000,36.3312,0.0000,259.3922,32.4110,0.3571,0.4589,0.1533,0.0153,1223.0787,940.1189,70.4780,70.4779,1.8141,2.2677,163.9883,0.0000,0.0000,0.0000,200.1418,5.6707,2211.3138
16/03/2020 00:00:00,0.0000,0.7940,17.2718,0.0000,0.0000,0.0000,0.0000,0.0000,36.2032,0.0000,259.7342,32.9467,0.3571,0.4585,0.1550,0.0155,1220.5146,937.7331,70.1092,70.1091,1.7966,2.2458,163.8097,0.0000,0.0000,0.0000,199.5138,5.6540,2205.9566
17/03/2020 00:00:00,0.0000,0.7609,18.7257,0.0000,0.0000,0.0000,0.0000,0.0000,36.0752,0.0000,260.0762,33.4825,0.3571,0.4581,0.1568,0.0157,1217.9505,935.3472,69.7404,69.7403,1.7791,2.2239,163.6311,0.0000,0.0000,0.0000,198.8859,5.6374,2200.5994
18/03/2020 00:00:00,0.0000,0.7337,19.6264,0.0000,0.0000,0.0000,0.0000,0.0000,35.9472,0.0000,260.4181,34.0182,0.3571,0.4578,0.1585,0.0159,1215.3864,932.9614,69.3716,69.3715,1.7616,2.2020,163.4526,0.0000,0.0000,0.0000,198.2579,5.6207,2195.2423
19/03/2020 00:00:00,0.0000,0.7365,19.5889,0.0000,0.0000,0.0000,0.0000,0.0000,35.8192,0.0000,260.7601,34.5539,0.3571,0.4574,0.1602,0.0160,1212.8222,930.5756,69.0028,69.0027,1.7441,2.1801,163.2740,0.0000,0.0000,0.0000,197.6300,5.6040,2189.8851
20/03/2020 00:00:00,0.0000,0.7212,19.0995,0.0000,0.0000,0.0000,0.0000,0.0000,35.6912,0.0000,261.1021,35.0896,0.3571,0.4570,0.1620,0.0162,1210.2581,928.1897,68.6340,68.6339,1.7265,2.1582,163.0954,0.0000,0.0000,0.0000,197.0020,5.5874,2184.5279
21/03/2020 00:00:00,0.0000,0.7013,18.9080,0.0000,0.0000,0.0000,0.0000,0.0000,35.5632,0.0000,261.4441,35.6253,0.3571,0.4566,0.1637,0.0164,1207.6940,925.8039,68.2652,68.2651,1.7090,2.1363,162.9168,0.0000,0.0000,0.0000,196.3741,5.5707,2179.1708
22/03/2020 00:00:00,0.0000,0.7116,18.6375,0.0000,0.0000,0.0000,0.0000,0.0000,35.4352,0.0000,261.7861,36.1611,0.3571,0.4562,0.1655,0.0165,1205.1299,923.4180,67.8964,67.8963,1.6915,2.1144,162.7383,0.0000,0.0000,0.0000,195.7461,5.5541,2173.8136
23/03/2020 00:00:00,0.0000,0.7170,17.2914,0.0000,0.0000,0.0000,0.0000,0.0000,35.3072,0.0000,262.1280,36.6968,0.3571,0.4558,0.1672,0.0167,1202.5658,921.0322,67.5276,67.5275,1.6740,2.0925,162.5597,0.0000,0.0000,0.0000,195.1182,5.5374,2168.4564
24/03/2020 00:00:00,0.0000,0.7142,17.2936,0.0000,0.0000,0.0000,0.0000,0.0000,35.1792,0.0000,262.4700,37.2325,0.3571,0.4555,0.1689,0.0169,1200.0017,918.6463,67.1589,67.1587,1.6565,2.0706,162.3811,0.0000,0.0000,0.0000,194.4903,5.5207,2163.0993
25/03/2020 00:00:00,0.0000,0.7133,17.0154,0.0000,0.0000,0.0000,0.0000,0.0000,35.0512,0.0000,262.8120,37.7682,0.3571,0.4551,0.1707,0.0171,1197.4376,916.2605,66.7901,66.7900,1.6390,2.0487,162.2026,0.0000,0.0000,0.0000,193.8623,5.5041,2157.7421
26/03/2020 00:00:00,0.0000,0.7135,16.7113,0.0000,0.0000,0.0000,0.0000,0.0000,34.9232,0.0000,263.1540,38.3039,0.3571,0.4547,0.1724,0.0172,1194.8735,913.8746,66.4213,66.4212,1.6214,2.0268,162.0240,0.0000,0.0000,0.0000,193.2344,5.4874,2152.3850
27/03/2020 00:00:00,0.0000,0.7105,17.7512,0.0000,0.0000,0.0000,0.0000,0.0000,34.7952,0.0000,263.4959,38.8397,0.3571,0.4543,0.1741,0.0174,1192.3094,911.4888,66.0525,66.0524,1.6039,2.0049,161.8454,0.0000,0.0000,0.0000,192.6064,5.4708,2147.0278
28/03/2020 00:00:00,0.0000,0.7087,18.5532,0.0000,0.0000,0.0000,0.0000,0.0000,34.6671,0.0000,263.8379,39.3754,0.3571,0.4539,0.1759,0.0176,1189.7453,909.1029,65.6837,65.6836,1.5864,1.9830,161.6668,0.0000,0.0000,0.0000,191.9785,5.4541,2141.6706
29/03/2020 00:00:00,0.0000,0.7035,19.0336,0.0000,0.0000,0.0000,0.0000,0.0000,34.5391,0.0000,264.1799,39.9111,0.3571,0.4535,0.1776,0.0178,1187.1811,906.7171,65.3149,65.3148,1.5689,1.9611,161.4883,0.0000,0.0000,0.0000,191.3505,5.4374,2136.3135
30/03/2020 00:00:00,0.0000,1.5926,19.0603,0.0000,0.0000,0.0000,0.0000,0.0000,34.4111,0.0000,264.5219,40.4468,0.3571,0.4531,0.1793,0.0179,1184.6170,904.3313,64.9461,64.9460,1.5514,1.9392,161.3097,0.0000,0.0000,0.0000,190.7226,5.4208,2130.9563
31/03/2020 00:00:00,0.0000,2.9809,19.1899,0.0000,0.0000,0.0000,0.0000,0.0000,34.2831,0.0000,264.8638,40.9825,0.3571,0.4528,0.1811,0.0181,1182.0529,901.9454,64.5773,64.5772,1.5339,1.9173,161.1311,0.0000,0.0000,0.0000,190.0947,5.4041,2125.5991
01/04/2020 00:00:00,0.0000,2.0867,18.7448,0.0000,0.0000,0.0000,0.0000,0.0000,34.1551,0.0000,265.2058,41.5183,0.3571,0.4524,0.1828,0.0183,1179.4888,899.5596,64.2086,64.2084,1.5164,1.8954,160.9525,0.0000,0.0000,0.0000,189.4667,5.3875,2120.2420
02/04/2020 00:00:00,0.0000,0.8939,19.2094,0.0000,0.0000,0.0000,0.0000,0.0000,34.0271,0.0000,265.5478,44.4635,0.3571,0.5397,0.2003,0.0200,1176.9247,897.1737,64.1542,64.1542,1.5199,1.8999,160.7740,0.0000,0.0000,0.0000,188.8388,5.3708,2114.8848
03/04/2020 00:00:00,0.0000,2.8141,19.7659,0.0000,0.0000,0.0000,0.0000,0.0000,33.8991,0.0000,265.8898,47.4093,0.3571,0.6270,0.2179,0.0218,1174.3606,894.7879,64.1001,64.1001,1.5235,1.9043,160.5954,0.0000,0.0000,0.0000,188.2108,5.3541,2109.5276
04/04/2020 00:00:00,0.0000,10.2042,16.9421,0.0000,0.0000,0.0000,0.0000,0.0000,33.7711,0.0000,266.2317,50.3551,0.3571,0.7143,0.2355,0.0235,1171.7965,892.4020,64.0459,64.0459,1.5270,1.9088,160.4168,0.0000,0.0000,0.0000,187.5829,5.3375,2104.1705
05/04/2020 00:00:00,0.0000,13.5195,15.9648,0.0000,0.0000,0.0000,0.0000,0.0000,33.6431,0.0000,266.5737,53.3010,0.3571,0.8016,0.2530,0.0253,1169.2324,890.0162,63.9918,63.9918,1.5306,1.9133,160.2383,0.0000,0.0000,0.0000,186.9549,5.3208,2098.8133
06/04/2020 00:00:00,0.0000,9.5896,16.3312,0.0000,0.0000,0.0000,0.0000,0.0000,33.5151,0.0000,266.9157,56.2468,0.3571,0.8889,0.2706,0.0271,1166.6683,887.6303,63.9377,63.9376,1.5342,1.9177,160.0597,0.0000,0.0000,0.0000,186.3270,5.3042,2093.4561
07/04/2020 00:00:00,0.0000,2.6277,17.5770,0.0000,0.0000,0.0000,0.0000,0.0000,33.3871,0.0000,267.2577,59.1926,0.3571,0.9762,0.2882,0.0288,1164.1042,885.2445,63.8835,63.8835,1.5377,1.9222,159.8811,0.0000,0.0000,0.0000,185.6991,5.2875,2088.0990
08/04/2020 00:00:00,0.0000,1.6103,17.1346,0.0000,0.0000,0.0000,0.0000,0.0000,33.2591,0.0000,267.5996,62.1384,0.3571,1.0635,0.3057,0.0306,1161.5401,882.8586,63.8294,63.8294,1.5413,1.9266,159.7025,0.0000,0.0000,0.0000,185.0711,5.2708,2082.7418
09/04/2020 00:00:00,0.0000,1.5742,17.0701,0.0000,0.0000,0.0000,0.0000,0.0000,33.1311,0.0000,267.9416,65.0843,0.3571,1.1508,0.3233,0.0323,1158.9759,880.4728,63.7752,63.7752,1.5449,1.9311,159.5240,0.0000,0.0000,0.0000,184.4432,5.2542,2077.3846
10/04/2020 00:00:00,0.0000,1.5259,17.1674,0.0000,0.0000,0.0000,0.0000,0.0000,33.0031,0.0000,268.2836,68.0301,0.3571,1.2381,0.3408,0.0341,1156.4118,878.0870,63.7211,63.7211,1.5484,1.9355,159.3454,0.0000,0.0000,0.0000,183.8152,5.2375,2072.0275
11/04/2020 00:00:00,0.0000,2.9558,16.5712,0.0000,0.0000,0.0000,0.0000,0.0000,32.8750,0.0000,268.6256,70.9759,0.3571,1.3254,0.3584,0.0358,1153.8477,875.7011,63.6670,63.6670,1.5520,1.9400,159.1668,0.0000,0.0000,0.0000,183.1873,5.2209,2066.6703
12/04/2020 00:00:00,0.0000,2.8591,15.8257,0.0000,0.0000,0.0000,0.0000,0.0000,32.7470,0.0000,268.9676,73.9217,0.3571,1.4127,0.3760,0.0376,1151.2836,873.3153,63.6128,63.6128,1.5555,1.9444,158.9883,0.0000,0.0000,0.0000,182.5593,5.2042,2061.3131
13/04/2020 00:00:00,0.0000,2.4133,15.8697,0.0000,0.0000,0.0000,0.0000,0.0000,32.6190,0.0000,269.3095,76.8676,0.3571,1.5000,0.3935,0.0394,1148.7195,870.9294,63.5587,63.5587,1.5591,1.9489,158.8097,0.0000,0.0000,0.0000,181.9314,5.1875,2055.9560
14/04/2020 00:00:00,0.0000,2.0155,16.4612,0.0000,0.0000,0.0000,0.0000,0.0000,32.4910,0.0000,269.6515,79.8134,0.3571,1.5873,0.4111,0.0411,1146.1554,868.5436,63.5045,63.5045,1.5627,1.9533,158.6311,0.0000,0.0000,0.0000,181.3035,5.1709,2050.5988
15/04/2020 00:00:00,0.0000,1.7486,17.5296,0.0000,0.0000,0.0000,0.0000,0.0000,32.3630,0.0000,269.9935,82.7592,0.3571,1.6746,0.4287,0.0429,1143.5913,866.1577,63.4504,63.4504,1.5662,1.9578,158.4525,0.0000,0.0000,0.0000,180.6755,5.1542,2045.2416
16/04/2020 00:00:00,0.0000,2.0703,17.4916,0.0000,0.0000,0.0000,0.0000,0.0000,32.2350,0.0000,270.3355,85.7050,0.3571,1.7619,0.4462,0.0446,1141.0272,863.7719,63.3963,63.3963,1.5698,1.9622,158.2740,0.0000,0.0000,0.0000,180.0476,5.1375,2039.8845
17/04/2020 00:00:00,0.0000,2.8643,16.8318,0.0000,0.0000,0.0000,0.0000,0.0000,32.1070,0.0000,270.6774,88.6509,0.3571,1.8492,0.4638,0.0464,1138.4631,861.3860,63.3421,63.3421,1.5734,1.9667,158.0954,0.0000,0.0000,0.0000,179.4196,5.1209,2034.5273
18/04/2020 00:00:00,0.0000,1.6957,16.7708,0.0000,0.0000,0.0000,0.0000,0.0000,31.9790,0.0000,271.0194,91.5967,0.3571,1.9365,0.4813,0.0481,1135.8990,859.0002,63.2880,63.2880,1.5769,1.9711,157.9168,0.0000,0.0000,0.0000,178.7917,5.1042,2029.1702
19/04/2020 00:00:00,0.0000,1.6477,16.4653,0.0000,0.0000,0.0000,0.0000,0.0000,31.8510,0.0000,271.3614,94.5425,0.3571,2.0238,0.4989,0.0499,1133.3348,856.6144,63.2338,63.2338,1.5805,1.9756,157.7383,0.0000,0.0000,0.0000,178.1637,5.0876,2023.8130
20/04/2020 00:00:00,0.0000,1.8788,16.6753,0.0000,0.0000,0.0000,0.0000,0.0000,31.7230,0.0000,271.7034,97.4883,0.3571,2.1111,0.5165,0.0516,1130.7707,854.2285,63.1797,63.1797,1.5840,1.9801,157.5597,0.0000,0.0000,0.0000,177.5358,5.0709,2018.4558
21/04/2020 00:00:00,0.0000,2.4608,16.6357,0.0000,0.0000,0.0000,0.0000,0.0000,31.5950,0.0000,272.0453,100.4342,0.3571,2.1984,0.5340,0.0534,1128.2066,851.8427,63.1256,63.1256,1.5876,1.9845,157.3811,0.0000,0.0000,0.0000,176.9079,5.0542,2013.0987
22/04/2020 00:00:00,0.0000,5.7315,16.8640,0.0000,0.0000,0.0000,0.0000,0.0000,31.4670,0.0000,272.3873,103.3800,0.3571,2.2857,0.5516,0.0552,1125.6425,849.4568,63.0714,63.0714,1.5912,1.9890,157.2025,0.0000,0.0000,0.0000,176.2799,5.0376,2007.7415
23/04/2020 00:00:00,0.0000,2.4599,16.3824,0.0000,0.0000,0.0000,0.0000,0.0000,31.3390,0.0000,272.7293,106.3258,0.3571,2.3730,0.5692,0.0569,1123.0784,847.0710,63.0173,63.0173,1.5947,1.9934,157.0240,0.0000,0.0000,0.0000,175.6520,5.0209,2002.3843
24/04/2020 00:00:00,0.0000,3.8172,16.6531,0.0000,0.0000,0.0000,0.0000,0.0000,31.2110,0.0000,273.0713,109.2716,0.3571,2.4603,0.5867,0.0587,1120.5143,844.6851,62.9631,62.9632,1.5983,1.9979,156.8454,0.0000,0.0000,0.0000,175.0240,5.0043,1997.0272
25/04/2020 00:00:00,0.0000,4.9675,17.1356,0.0000,0.0000,0.0000,0.0000,0.0000,31.0829,0.0000,273.4132,112.2175,0.3571,2.5476,0.6043,0.0604,1117.9502,842.2993,62.9090,62.9090,1.6019,2.0023,156.6668,0.0000,0.0000,0.0000,174.3961,4.9876,1991.6700
26/04/2020 00:00:00,0.0000,5.5091,17.6272,0.0000,0.0000,0.0000,0.0000,0.0000,30.9549,0.0000,273.7552,115.1633,0.3571,2.6349,0.6218,0.0622,1115.3861,839.9134,62.8549,62.8549,1.6054,2.0068,156.4883,0.0000,0.0000,0.0000,173.7681,4.9709,1986.3128
27/04/2020 00:00:00,0.0000,5.1787,17.1444,0.0000,0.0000,0.0000,0.0000,0.0000,30.8269,0.0000,274.0972,118.1091,0.3571,2.7222,0.6394,0.0639,1112.8220,837.5276,62.8007,62.8007,1.6090,2.0112,156.3097,0.0000,0.0000,0.0000,173.1402,4.9543,1980.9557
28/04/2020 00:00:00,0.0000,3.4377,15.8948,0.0000,0.0000,0.0000,0.0000,0.0000,30.6989,0.0000,274.4392,121.0549,0.3571,2.8095,0.6570,0.0657,1110.2579,835.1417,62.7466,62.7466,1.6125,2.0157,156.1311,0.0000,0.0000,0.0000,172.5123,4.9376,1975.5985
29/04/2020 00:00:00,0.0000,5.2974,15.6152,0.0000,0.0000,0.0000,0.0000,0.0000,30.5709,0.0000,274.7811,124.0008,0.3571,2.8968,0.6745,0.0675,1107.6938,832.7559,62.6924,62.6925,1.6161,2.0201,155.9525,0.0000,0.0000,0.0000,171.8843,4.9210,1970.2413
30/04/2020 00:00:00,0.0000,7.4088,14.1428,0.0000,0.0000,0.0000,0.0000,0.0000,30.4429,0.0000,275.1231,126.9466,0.3571,2.9841,0.6921,0.0692,1105.1296,830.3701,62.6383,62.6383,1.6197,2.0246,155.7740,0.0000,0.0000,0.0000,171.2564,4.9043,1964.8842
01/05/2020 00:00:00,0.0000,10.5846,12.5891,0.0000,0.0000,0.0000,0.0000,0.0000,30.3149,0.0000,275.4651,129.8924,0.3571,3.0714,0.7097,0.0710,1102.5655,827.9842,62.5842,62.5842,1.6232,2.0290,155.5954,0.0000,0.0000,0.0000,170.6284,4.8876,1959.5270
02/05/2020 00:00:00,0.0000,14.1326,14.0445,0.0000,0.0000,0.0000,0.0000,0.0000,30.1869,0.0000,275.8071,128.1144,0.3571,2.9885,0.6977,0.0698,1100.0014,825.5984,62.9342,62.9340,1.6282,2.0353,155.4168,0.0000,0.0000,0.0000,170.0005,4.8710,1954.1698
03/05/2020 00:00:00,0.0000,11.1555,13.8816,0.0000,0.0000,0.0000,0.0000,0.0000,30.0589,0.0000,276.1491,126.3350,0.3571,2.9055,0.6858,0.0686,1097.4373,823.2125,63.2843,63.2841,1.6332,2.0415,155.2383,0.0000,0.0000,0.0000,169.3725,4.8543,1948.8127
04/05/2020 00:00:00,0.0000,3.3099,14.2229,0.0000,0.0000,0.0000,0.0000,0.0000,29.9309,0.0000,276.4910,124.5556,0.3571,2.8226,0.6738,0.0674,1094.8732,820.8267,63.6344,63.6342,1.6382,2.0477,155.0597,0.0000,0.0000,0.0000,168.7446,4.8377,1943.4555
05/05/2020 00:00:00,0.0000,1.7262,14.1318,0.0000,0.0000,0.0000,0.0000,0.0000,29.8029,0.0000,276.8330,122.7763,0.3571,2.7396,0.6618,0.0662,1092.3091,818.4408,63.9845,63.9843,1.6432,2.0540,154.8811,0.0000,0.0000,0.0000,168.1167,4.8210,1938.0983
06/05/2020 00:00:00,0.0000,1.5087,13.6420,0.0000,0.0000,0.0000,0.0000,0.0000,29.6749,0.0000,277.1750,120.9969,0.3571,2.6567,0.6499,0.0650,1089.7450,816.0550,64.3346,64.3344,1.6482,2.0602,154.7025,0.0000,0.0000,0.0000,167.4887,4.8043,1932.7412
07/05/2020 00:00:00,0.0000,3.4579,13.8313,0.0000,0.0000,0.0000,0.0000,0.0000,29.5469,0.0000,277.5170,119.2175,0.3571,2.5738,0.6379,0.0638,1087.1809,813.6691,64.6847,64.6845,1.6532,2.0664,154.5240,0.0000,0.0000,0.0000,166.8608,4.7877,1927.3840
08/05/2020 00:00:00,0.0000,7.1707,14.6942,0.0000,0.0000,0.0000,0.0000,0.0000,29.4189,0.0000,277.8589,117.4382,0.3571,2.4908,0.6259,0.0626,1084.6168,811.2833,65.0348,65.0346,1.6581,2.0727,154.3454,0.0000,0.0000,0.0000,166.2328,4.7710,1922.0268
09/05/2020 00:00:00,0.0000,10.7396,14.0898,0.0000,0.0000,0.0000,0.0000,0.0000,29.2908,0.0000,278.2009,115.6588,0.3571,2.4079,0.6140,0.0614,1082.0527,808.8974,65.3849,65.3847,1.6631,2.0789,154.1668,0.0000,0.0000,0.0000,165.6049,4.7543,1916.6697
10/05/2020 00:00:00,0.0000,12.2347,13.4226,0.0000,0.0000,0.0000,0.0000,0.0000,29.1628,0.0000,278.5429,113.8794,0.3571,2.3249,0.6020,0.0602,1079.4886,806.5116,65.7350,65.7348,1.6681,2.0851,153.9883,0.0000,0.0000,0.0000,164.9769,4.7377,1911.3125
11/05/2020 00:00:00,0.0000,6.3002,13.5920,0.0000,0.0000,0.0000,0.0000,0.0000,29.0348,0.0000,278.8849,112.1001,0.3571,2.2420,0.5900,0.0590,1076.9244,804.1258,66.0851,66.0849,1.6731,2.0914,153.8097,0.0000,0.0000,0.0000,164.3490,4.7210,1905.9554
12/05/2020 00:00:00,0.0000,3.9234,13.4484,0.0000,0.0000,0.0000,0.0000,0.0000,28.9068,0.0000,279.2268,110.3207,0.3571,2.1590,0.5781,0.0578,1074.3603,801.7399,66.4352,66.4351,1.6781,2.0976,153.6311,0.0000,0.0000,0.0000,163.7211,4.7044,1900.5982
13/05/2020 00:00:00,0.0000,3.2972,13.4209,0.0000,0.0000,0.0000,0.0000,0.0000,28.7788,0.0000,279.5688,108.5413,0.3571,2.0761,0.5661,0.0566,1071.7962,799.3541,66.7853,66.7852,1.6831,2.1039,153.4525,0.0000,0.0000,0.0000,163.0931,4.6877,1895.2410
14/05/2020 00:00:00,0.0000,3.0917,13.5495,0.0000,0.0000,0.0000,0.0000,0.0000,28.6508,0.0000,279.9108,106.7620,0.3571,1.9931,0.5541,0.0554,1069.2321,796.9682,67.1354,67.1353,1.6881,2.1101,153.2740,0.0000,0.0000,0.0000,162.4652,4.6710,1889.8839
15/05/2020 00:00:00,0.0000,2.7157,13.5610,0.0000,0.0000,0.0000,0.0000,0.0000,28.5228,0.0000,280.2528,104.9826,0.3571,1.9102,0.5422,0.0542,1066.6680,794.5824,67.4855,67.4854,1.6931,2.1163,153.0954,0.0000,0.0000,0.0000,161.8372,4.6544,1884.5267
16/05/2020 00:00:00,0.0000,2.3115,12.5501,0.0000,0.0000,0.0000,0.0000,0.0000,28.3948,0.0000,280.5947,103.2032,0.3571,1.8272,0.5302,0.0530,1064.1039,792.1965,67.8356,67.8355,1.6980,2.1226,152.9168,0.0000,0.0000,0.0000,161.2093,4.6377,1879.1695
17/05/2020 00:00:00,0.0000,2.2095,12.9390,0.0000,0.0000,0.0000,0.0000,0.0000,28.2668,0.0000,280.9367,101.4239,0.3571,1.7443,0.5182,0.0518,1061.5398,789.8107,68.1857,68.1856,1.7030,2.1288,152.7383,0.0000,0.0000,0.0000,160.5813,4.6211,1873.8124
18/05/2020 00:00:00,0.0000,2.1235,13.0440,0.0000,0.0000,0.0000,0.0000,0.0000,28.1388,0.0000,281.2787,99.6445,0.3571,1.6613,0.5063,0.0506,1058.9757,787.4248,68.5358,68.5357,1.7080,2.1350,152.5597,0.0000,0.0000,0.0000,159.9534,4.6044,1868.4552
19/05/2020 00:00:00,0.0000,2.0114,12.9322,0.0000,0.0000,0.0000,0.0000,0.0000,28.0108,0.0000,281.6207,97.8651,0.3571,1.5784,0.4943,0.0494,1056.4116,785.0390,68.8859,68.8858,1.7130,2.1413,152.3811,0.0000,0.0000,0.0000,159.3255,4.5877,1863.0980
20/05/2020 00:00:00,0.0000,3.1763,12.3060,0.0000,0.0000,0.0000,0.0000,0.0000,27.8828,0.0000,281.9626,96.0858,0.3571,1.4954,0.4823,0.0482,1053.8475,782.6532,69.2360,69.2359,1.7180,2.1475,152.2025,0.0000,0.0000,0.0000,158.6975,4.5711,1857.7409
21/05/2020 00:00:00,0.0000,7.3299,11.3743,0.0000,0.0000,0.0000,0.0000,0.0000,27.7548,0.0000,282.3046,94.3064,0.3571,1.4125,0.4704,0.0470,1051.2833,780.2673,69.5861,69.5861,1.7230,2.1537,152.0240,0.0000,0.0000,0.0000,158.0696,4.5544,1852.3837
22/05/2020 00:00:00,0.0000,6.7200,11.6530,0.0000,0.0000,0.0000,0.0000,0.0000,27.6268,0.0000,282.6466,92.5270,0.3571,1.3295,0.4584,0.0458,1048.7192,777.8815,69.9362,69.9362,1.7280,2.1600,151.8454,0.0000,0.0000,0.0000,157.4416,4.5378,1847.0265
23/05/2020 00:00:00,0.0000,5.2372,12.7001,0.0000,0.0000,0.0000,0.0000,0.0000,27.4987,0.0000,282.9886,90.7476,0.3571,1.2466,0.4464,0.0446,1046.1551,775.4956,70.2863,70.2863,1.7330,2.1662,151.6668,0.0000,0.0000,0.0000,156.8137,4.5211,1841.6694
24/05/2020 00:00:00,0.0000,3.2377,12.6683,0.0000,0.0000,0.0000,0.0000,0.0000,27.3707,0.0000,283.3306,88.9683,0.3571,1.1636,0.4344,0.0434,1043.5910,773.1098,70.6364,70.6364,1.7379,2.1724,151.4883,0.0000,0.0000,0.0000,156.1857,4.5044,1836.3122
25/05/2020 00:00:00,0.0000,2.8457,12.2982,0.0000,0.0000,0.0000,0.0000,0.0000,27.2427,0.0000,283.6725,87.1889,0.3571,1.0807,0.4225,0.0422,1041.0269,770.7239,70.9865,70.9865,1.7429,2.1787,151.3097,0.0000,0.0000,0.0000,155.5578,4.4878,1830.9550
26/05/2020 00:00:00,0.0000,2.3182,11.6684,0.0000,0.0000,0.0000,0.0000,0.0000,27.1147,0.0000,284.0145,85.4095,0.3571,0.9977,0.4105,0.0411,1038.4628,768.3381,71.3366,71.3366,1.7479,2.1849,151.1311,0.0000,0.0000,0.0000,154.9299,4.4711,1825.5979
27/05/2020 00:00:00,0.0000,2.6040,11.9673,0.0000,0.0000,0.0000,0.0000,0.0000,26.9867,0.0000,284.3565,83.6302,0.3571,0.9148,0.3985,0.0399,1035.8987,765.9522,71.6867,71.6867,1.7529,2.1911,150.9525,0.0000,0.0000,0.0000,154.3019,4.4545,1820.2407
28/05/2020 00:00:00,0.0000,2.1987,12.5313,0.0000,0.0000,0.0000,0.0000,0.0000,26.8587,0.0000,284.6985,81.8508,0.3571,0.8318,0.3866,0.0387,1033.3346,763.5664,72.0368,72.0368,1.7579,2.1974,150.7740,0.0000,0.0000,0.0000,153.6740,4.4378,1814.8835
29/05/2020 00:00:00,0.0000,2.0812,12.6309,0.0000,0.0000,0.0000,0.0000,0.0000,26.7307,0.0000,285.0404,80.0714,0.3571,0.7489,0.3746,0.0375,1030.7705,761.1805,72.3869,72.3869,1.7629,2.2036,150.5954,0.0000,0.0000,0.0000,153.0460,4.4211,1809.5264
30/05/2020 00:00:00,0.0000,2.6725,12.2163,0.0000,0.0000,0.0000,0.0000,0.0000,26.6027,0.0000,285.3824,78.2921,0.3571,0.6659,0.3626,0.0363,1028.2064,758.7947,72.7370,72.7370,1.7679,2.2098,150.4168,0.0000,0.0000,0.0000,152.4181,4.4045,1804.1692
31/05/2020 00:00:00,0.0000,7.2825,12.1969,0.0000,0.0000,0.0000,0.0000,0.0000,26.4747,0.0000,285.7244,76.5127,0.3571,0.5830,0.3507,0.0351,1025.6423,756.4089,73.0871,73.0872,1.7729,2.2161,150.2383,0.0000,0.0000,0.0000,151.7901,4.3878,1798.8121
01/06/2020 00:00:00,0.0000,11.4777,11.3609,0.0000,0.0000,0.0000,0.0000,0.0000,26.3467,0.0000,286.0664,74.7333,0.3571,0.5001,0.3387,0.0339,1023.0781,754.0230,73.4372,73.4373,1.7778,2.2223,150.0597,0.0000,0.0000,0.0000,151.1622,4.3711,1793.4549
02/06/2020 00:00:00,0.0000,11.0844,11.7245,0.0000,0.0000,0.0000,0.0000,0.0000,26.2187,0.0000,286.4083,73.7249,0.3571,0.5214,0.3414,0.0341,1020.5140,751.6372,72.8158,72.8157,1.7831,2.2289,149.8811,0.0000,0.0000,0.0000,150.5343,4.3545,1788.0977
03/06/2020 00:00:00,0.0000,4.6213,12.3536,0.0000,0.0000,0.0000,0.0000,0.0000,26.0907,0.0000,286.7503,72.7167,0.3571,0.5428,0.3441,0.0344,1017.9499,749.2513,72.1935,72.1934,1.7884,2.2355,149.7025,0.0000,0.0000,0.0000,149.9063,4.3378,1782.7406
04/06/2020 00:00:00,0.0000,3.4981,12.1044,0.0000,0.0000,0.0000,0.0000,0.0000,25.9627,0.0000,287.0923,71.7084,0.3571,0.5643,0.3468,0.0347,1015.3858,746.8655,71.5712,71.5711,1.7937,2.2421,149.5240,0.0000,0.0000,0.0000,149.2784,4.3212,1777.3834
05/06/2020 00:00:00,0.0000,2.3511,11.4566,0.0000,0.0000,0.0000,0.0000,0.0000,25.8347,0.0000,287.4343,70.7001,0.3571,0.5857,0.3495,0.0349,1012.8217,744.4796,70.9490,70.9488,1.7989,2.2487,149.3454,0.0000,0.0000,0.0000,148.6504,4.3045,1772.0262
06/06/2020 00:00:00,0.0000,2.1340,11.6217,0.0000,0.0000,0.0000,0.0000,0.0000,25.7066,0.0000,287.7762,69.6918,0.3571,0.6071,0.3521,0.0352,1010.2576,742.0938,70.3267,70.3265,1.8042,2.2552,149.1668,0.0000,0.0000,0.0000,148.0225,4.2878,1766.6691
07/06/2020 00:00:00,0.0000,1.9510,11.5916,0.0000,0.0000,0.0000,0.0000,0.0000,25.5786,0.0000,288.1182,68.6835,0.3571,0.6286,0.3548,0.0355,1007.6935,739.7079,69.7044,69.7042,1.8095,2.2618,148.9883,0.0000,0.0000,0.0000,147.3945,4.2712,1761.3119
08/06/2020 00:00:00,0.0000,1.9430,11.4006,0.0000,0.0000,0.0000,0.0000,0.0000,25.4506,0.0000,288.4602,67.6752,0.3571,0.6500,0.3575,0.0358,1005.1294,737.3221,69.0821,69.0819,1.8147,2.2684,148.8097,0.0000,0.0000,0.0000,146.7666,4.2545,1755.9547
09/06/2020 00:00:00,0.0000,1.8651,10.7988,0.0000,0.0000,0.0000,0.0000,0.0000,25.3226,0.0000,288.8022,66.6669,0.3571,0.6714,0.3602,0.0360,1002.5653,734.9362,68.4598,68.4596,1.8200,2.2750,148.6311,0.0000,0.0000,0.0000,146.1386,4.2379,1750.5976
10/06/2020 00:00:00,0.0000,1.8291,10.1189,0.0000,0.0000,0.0000,0.0000,0.0000,25.1946,0.0000,289.1441,65.6586,0.3571,0.6928,0.3629,0.0363,1000.0012,732.5504,67.8376,67.8373,1.8253,2.2816,148.4525,0.0000,0.0000,0.0000,145.5107,4.2212,1745.2404
11/06/2020 00:00:00,0.0000,1.7703,10.2066,0.0000,0.0000,0.0000,0.0000,0.0000,25.0666,0.0000,289.4861,64.6504,0.3571,0.7143,0.3656,0.0366,997.4370,730.1646,67.2153,67.2151,1.8305,2.2882,148.2740,0.0000,0.0000,0.0000,144.8828,4.2045,1739.8832
12/06/2020 00:00:00,0.0000,1.7048,10.2822,0.0000,0.0000,0.0000,0.0000,0.0000,24.9386,0.0000,289.8281,63.6421,0.3571,0.7357,0.3683,0.0368,994.8729,727.7787,66.5930,66.5928,1.8358,2.2948,148.0954,0.0000,0.0000,0.0000,144.2548,4.1879,1734.5261
13/06/2020 00:00:00,0.0000,1.6343,10.4876,0.0000,0.0000,0.0000,0.0000,0.0000,24.8106,0.0000,290.1701,62.6338,0.3571,0.7571,0.3710,0.0371,992.3088,725.3929,65.9707,65.9705,1.8411,2.3013,147.9168,0.0000,0.0000,0.0000,143.6269,4.1712,1729.1689
14/06/2020 00:00:00,0.0000,1.8836,10.9111,0.0000,0.0000,0.0000,0.0000,0.0000,24.6826,0.0000,290.5121,61.6255,0.3571,0.7786,0.3737,0.0374,989.7447,723.0070,65.3484,65.3482,1.8463,2.3079,147.7383,0.0000,0.0000,0.0000,142.9989,4.1546,1723.8117
15/06/2020 00:00:00,0.0000,2.0169,12.7139,0.0000,0.0000,0.0000,0.0000,0.0000,24.5546,0.0000,290.8540,60.6172,0.3571,0.8000,0.3763,0.0376,987.1806,720.6212,64.7262,64.7259,1.8516,2.3145,147.5597,0.0000,0.0000,0.0000,142.3710,4.1379,1718.4546
16/06/2020 00:00:00,0.0000,1.8880,13.5094,0.0000,0.0000,0.0000,0.0000,0.0000,24.4266,0.0000,291.1960,59.6089,0.3571,0.8214,0.3790,0.0379,984.6165,718.2353,64.1039,64.1036,1.8569,2.3211,147.3811,0.0000,0.0000,0.0000,141.7430,4.1212,1713.0974
17/06/2020 00:00:00,0.0000,1.8347,13.7457,0.0000,0.0000,0.0000,0.0000,0.0000,24.2986,0.0000,291.5380,58.6006,0.3571,0.8428,0.3817,0.0382,982.0524,715.8495,63.4816,63.4813,1.8621,2.3277,147.2025,0.0000,0.0000,0.0000,141.1151,4.1046,1707.7402
18/06/2020 00:00:00,0.0000,1.7763,13.0356,0.0000,0.0000,0.0000,0.0000,0.0000,24.1706,0.0000,291.8800,57.5924,0.3571,0.8643,0.3844,0.0384,979.4883,713.4636,62.8593,62.8590,1.8674,2.3343,147.0240,0.0000,0.0000,0.0000,140.4872,4.0879,1702.3831
19/06/2020 00:00:00,0.0000,1.7409,12.0829,0.0000,0.0000,0.0000,0.0000,0.0000,24.0426,0.0000,292.2219,56.5841,0.3571,0.8857,0.3871,0.0387,976.9242,711.0778,62.2370,62.2367,1.8727,2.3409,146.8454,0.0000,0.0000,0.0000,139.8592,4.0713,1697.0259
20/06/2020 00:00:00,0.0000,2.0178,11.6752,0.0000,0.0000,0.0000,0.0000,0.0000,23.9145,0.0000,292.5639,55.5758,0.3571,0.9071,0.3898,0.0390,974.3601,708.6920,61.6148,61.6144,1.8780,2.3474,146.6668,0.0000,0.0000,0.0000,139.2313,4.0546,1691.6687
21/06/2020 00:00:00,0.0000,4.6902,11.8941,0.0000,0.0000,0.0000,0.0000,0.0000,23.7865,0.0000,292.9059,54.5675,0.3571,0.9286,0.3925,0.0392,971.7960,706.3061,60.9925,60.9921,1.8832,2.3540,146.4883,0.0000,0.0000,0.0000,138.6033,4.0379,1686.3116
22/06/2020 00:00:00,0.0000,4.3745,12.0613,0.0000,0.0000,0.0000,0.0000,0.0000,23.6585,0.0000,293.2479,53.5592,0.3571,0.9500,0.3952,0.0395,969.2318,703.9203,60.3702,60.3698,1.8885,2.3606,146.3097,0.0000,0.0000,0.0000,137.9754,4.0213,1680.9544
23/06/2020 00:00:00,0.0000,2.2743,12.2224,0.0000,0.0000,0.0000,0.0000,0.0000,23.5305,0.0000,293.5898,52.5509,0.3571,0.9714,0.3978,0.0398,966.6677,701.5344,59.7479,59.7475,1.8938,2.3672,146.1311,0.0000,0.0000,0.0000,137.3474,4.0046,1675.5973
24/06/2020 00:00:00,0.0000,2.1312,12.5767,0.0000,0.0000,0.0000,0.0000,0.0000,23.4025,0.0000,293.9318,51.5426,0.3571,0.9929,0.4005,0.0401,964.1036,699.1486,59.1256,59.1253,1.8990,2.3738,145.9525,0.0000,0.0000,0.0000,136.7195,3.9880,1670.2401
25/06/2020 00:00:00,0.0000,1.9077,12.1700,0.0000,0.0000,0.0000,0.0000,0.0000,23.2745,0.0000,294.2738,50.5343,0.3571,1.0143,0.4032,0.0403,961.5395,696.7627,58.5034,58.5030,1.9043,2.3804,145.7740,0.0000,0.0000,0.0000,136.0916,3.9713,1664.8829
26/06/2020 00:00:00,0.0000,1.8250,12.3815,0.0000,0.0000,0.0000,0.0000,0.0000,23.1465,0.0000,294.6158,49.5261,0.3571,1.0357,0.4059,0.0406,958.9754,694.3769,57.8811,57.8807,1.9096,2.3870,145.5954,0.0000,0.0000,0.0000,135.4636,3.9546,1659.5258
27/06/2020 00:00:00,0.0000,1.7549,12.2078,0.0000,0.0000,0.0000,0.0000,0.0000,23.0185,0.0000,294.9577,48.5178,0.3571,1.0571,0.4086,0.0409,956.4113,691.9910,57.2588,57.2584,1.9148,2.3935,145.4168,0.0000,0.0000,0.0000,134.8357,3.9380,1654.1686
28/06/2020 00:00:00,0.0000,1.6616,11.9155,0.0000,0.0000,0.0000,0.0000,0.0000,22.8905,0.0000,295.2997,47.5095,0.3571,1.0786,0.4113,0.0411,953.8472,689.6052,56.6365,56.6361,1.9201,2.4001,145.2383,0.0000,0.0000,0.0000,134.2077,3.9213,1648.8114
29/06/2020 00:00:00,0.0000,1.6049,11.7499,0.0000,0.0000,0.0000,0.0000,0.0000,22.7625,0.0000,295.6417,46.5012,0.3571,1.1000,0.4140,0.0414,951.2831,687.2193,56.0142,56.0138,1.9254,2.4067,145.0597,0.0000,0.0000,0.0000,133.5798,3.9046,1643.4543
30/06/2020 00:00:00,0.0000,1.5630,11.3076,0.0000,0.0000,0.0000,0.0000,0.0000,22.6345,0.0000,295.9837,45.4929,0.3571,1.1214,0.4167,0.0417,948.7190,684.8335,55.3920,55.3915,1.9306,2.4133,144.8811,0.0000,0.0000,0.0000,132.9518,3.8880,1638.0971
01/07/2020 00:00:00,0.0000,1.5415,11.2352,0.0000,0.0000,0.0000,0.0000,0.0000,22.5065,0.0000,296.3256,44.4846,0.3571,1.1429,0.4194,0.0419,946.1549,682.4477,54.7697,54.7692,1.9359,2.4199,144.7025,0.0000,0.0000,0.0000,132.3239,3.8713,1632.7399
02/07/2020 00:00:00,0.0000,3.3127,11.4017,0.0000,0.0000,0.0000,0.0000,0.0000,22.3785,0.0000,296.6676,43.2794,0.3571,1.1175,0.4090,0.0409,943.5907,680.0618,55.3098,55.3102,1.9309,2.4136,144.5240,0.0000,0.0000,0.0000,131.6960,3.8547,1627.3828
03/07/2020 00:00:00,0.0000,6.8682,11.4288,0.0000,0.0000,0.0000,0.0000,0.0000,22.2505,0.0000,297.0096,42.0740,0.3571,1.0922,0.3985,0.0399,941.0266,677.6760,55.8511,55.8515,1.9259,2.4074,144.3454,0.0000,0.0000,0.0000,131.0680,3.8380,1622.0256
04/07/2020 00:00:00,0.0000,3.8552,11.9339,0.0000,0.0000,0.0000,0.0000,0.0000,22.1224,0.0000,297.3516,40.8686,0.3571,1.0668,0.3881,0.0388,938.4625,675.2901,56.3923,56.3927,1.9209,2.4012,144.1668,0.0000,0.0000,0.0000,130.4401,3.8213,1616.6684
05/07/2020 00:00:00,0.0000,2.2457,12.7127,0.0000,0.0000,0.0000,0.0000,0.0000,21.9944,0.0000,297.6936,39.6632,0.3571,1.0415,0.3777,0.0378,935.8984,672.9043,56.9336,56.9339,1.9159,2.3949,143.9883,0.0000,0.0000,0.0000,129.8121,3.8047,1611.3113
06/07/2020 00:00:00,0.0000,2.0276,12.8119,0.0000,0.0000,0.0000,0.0000,0.0000,21.8664,0.0000,298.0355,38.4578,0.3571,1.0161,0.3673,0.0367,933.3343,670.5184,57.4748,57.4752,1.9109,2.3887,143.8097,0.0000,0.0000,0.0000,129.1842,3.7880,1605.9541
07/07/2020 00:00:00,0.0000,1.6301,12.6489,0.0000,0.0000,0.0000,0.0000,0.0000,21.7384,0.0000,298.3775,37.2524,0.3571,0.9908,0.3569,0.0357,930.7702,668.1326,58.0161,58.0164,1.9059,2.3824,143.6311,0.0000,0.0000,0.0000,128.5562,3.7714,1600.5969
08/07/2020 00:00:00,0.0000,1.5605,12.2252,0.0000,0.0000,0.0000,0.0000,0.0000,21.6104,0.0000,298.7195,36.0470,0.3571,0.9654,0.3465,0.0347,928.2061,665.7467,58.5573,58.5577,1.9010,2.3762,143.4525,0.0000,0.0000,0.0000,127.9283,3.7547,1595.2398
09/07/2020 00:00:00,0.0000,1.4725,11.5224,0.0000,0.0000,0.0000,0.0000,0.0000,21.4824,0.0000,299.0615,34.8416,0.3571,0.9401,0.3361,0.0336,925.6420,663.3609,59.0986,59.0989,1.8960,2.3699,143.2740,0.0000,0.0000,0.0000,127.3004,3.7380,1589.8826
10/07/2020 00:00:00,0.0000,1.4473,11.2735,0.0000,0.0000,0.0000,0.0000,0.0000,21.3544,0.0000,299.4034,33.6362,0.3571,0.9148,0.3257,0.0326,923.0779,660.9751,59.6398,59.6401,1.8910,2.3637,143.0954,0.0000,0.0000,0.0000,126.6724,3.7214,1584.5254
11/07/2020 00:00:00,0.0000,1.4235,11.4290,0.0000,0.0000,0.0000,0.0000,0.0000,21.2264,0.0000,299.7454,32.4308,0.3571,0.8894,0.3153,0.0315,920.5138,658.5892,60.1811,60.1814,1.8860,2.3575,142.9168,0.0000,0.0000,0.0000,126.0445,3.7047,1579.1683
12/07/2020 00:00:00,0.0000,1.3852,12.1289,0.0000,0.0000,0.0000,0.0000,0.0000,21.0984,0.0000,300.0874,31.2254,0.3571,0.8641,0.3049,0.0305,917.9497,656.2034,60.7223,60.7226,1.8810,2.3512,142.7383,0.0000,0.0000,0.0000,125.4165,3.6881,1573.8111
13/07/2020 00:00:00,0.0000,1.3732,12.4025,0.0000,0.0000,0.0000,0.0000,0.0000,20.9704,0.0000,300.4294,30.0200,0.3571,0.8387,0.2945,0.0294,915.3855,653.8175,61.2636,61.2639,1.8760,2.3450,142.5597,0.0000,0.0000,0.0000,124.7886,3.6714,1568.4539
14/07/2020 00:00:00,0.0000,1.3719,12.3953,0.0000,0.0000,0.0000,0.0000,0.0000,20.8424,0.0000,300.7713,28.8146,0.3571,0.8134,0.2841,0.0284,912.8214,651.4317,61.8048,61.8051,1.8710,2.3387,142.3811,0.0000,0.0000,0.0000,124.1606,3.6547,1563.0968
15/07/2020 00:00:00,0.0000,1.2638,12.3526,0.0000,0.0000,0.0000,0.0000,0.0000,20.7144,0.0000,301.1133,27.6092,0.3571,0.7880,0.2737,0.0274,910.2573,649.0458,62.3461,62.3463,1.8660,2.3325,142.2025,0.0000,0.0000,0.0000,123.5327,3.6381,1557.7396
16/07/2020 00:00:00,0.0000,1.0582,12.5224,0.0000,0.0000,0.0000,0.0000,0.0000,20.5864,0.0000,301.4553,26.4038,0.3571,0.7627,0.2633,0.0263,907.6932,646.6600,62.8873,62.8876,1.8610,2.3262,142.0240,0.0000,0.0000,0.0000,122.9048,3.6214,1552.3825
17/07/2020 00:00:00,0.0000,0.8546,12.6357,0.0000,0.0000,0.0000,0.0000,0.0000,20.4584,0.0000,301.7973,25.1985,0.3571,0.7373,0.2529,0.0253,905.1291,644.2741,63.4286,63.4288,1.8560,2.3200,141.8454,0.0000,0.0000,0.0000,122.2768,3.6048,1547.0253
18/07/2020 00:00:00,0.0000,0.7715,12.4231,0.0000,0.0000,0.0000,0.0000,0.0000,20.3303,0.0000,302.1392,23.9931,0.3571,0.7120,0.2425,0.0242,902.5650,641.8883,63.9698,63.9701,1.8510,2.3138,141.6668,0.0000,0.0000,0.0000,121.6489,3.5881,1541.6681
19/07/2020 00:00:00,0.0000,0.7728,12.1970,0.0000,0.0000,0.0000,0.0000,0.0000,20.2023,0.0000,302.4812,22.7877,0.3571,0.6866,0.2321,0.0232,900.0009,639.5024,64.5111,64.5113,1.8460,2.3075,141.4883,0.0000,0.0000,0.0000,121.0209,3.5714,1536.3110
20/07/2020 00:00:00,0.0000,0.7984,12.1752,0.0000,0.0000,0.0000,0.0000,0.0000,20.0743,0.0000,302.8232,21.5823,0.3571,0.6613,0.2217,0.0222,897.4368,637.1166,65.0523,65.0525,1.8410,2.3013,141.3097,0.0000,0.0000,0.0000,120.3930,3.5548,1530.9538
21/07/2020 00:00:00,0.0000,0.8435,12.6223,0.0000,0.0000,0.0000,0.0000,0.0000,19.9463,0.0000,303.1652,20.3769,0.3571,0.6360,0.2112,0.0211,894.8727,634.7308,65.5936,65.5938,1.8360,2.2950,141.1311,0.0000,0.0000,0.0000,119.7650,3.5381,1525.5966
22/07/2020 00:00:00,0.0000,0.7030,12.8809,0.0000,0.0000,0.0000,0.0000,0.0000,19.8183,0.0000,303.5071,19.1715,0.3571,0.6106,0.2008,0.0201,892.3086,632.3449,66.1348,66.1350,1.8310,2.2888,140.9525,0.0000,0.0000,0.0000,119.1371,3.5214,1520.2395
23/07/2020 00:00:00,0.0000,0.6482,13.0274,0.0000,0.0000,0.0000,0.0000,0.0000,19.6903,0.0000,303.8491,17.9661,0.3571,0.5853,0.1904,0.0190,889.7445,629.9591,66.6761,66.6762,1.8260,2.2825,140.7740,0.0000,0.0000,0.0000,118.5092,3.5048,1514.8823
24/07/2020 00:00:00,0.0000,0.6261,12.6107,0.0000,0.0000,0.0000,0.0000,0.0000,19.5623,0.0000,304.1911,16.7607,0.3571,0.5599,0.1800,0.0180,887.1803,627.5732,67.2173,67.2175,1.8210,2.2763,140.5954,0.0000,0.0000,0.0000,117.8812,3.4881,1509.5251
25/07/2020 00:00:00,0.0000,0.6273,12.7113,0.0000,0.0000,0.0000,0.0000,0.0000,19.4343,0.0000,304.5331,15.5553,0.3571,0.5346,0.1696,0.0170,884.6162,625.1874,67.7586,67.7587,1.8160,2.2701,140.4168,0.0000,0.0000,0.0000,117.2533,3.4715,1504.1680
26/07/2020 00:00:00,0.0000,0.6149,12.9167,0.0000,0.0000,0.0000,0.0000,0.0000,19.3063,0.0000,304.8751,14.3499,0.3571,0.5092,0.1592,0.0159,882.0521,622.8015,68.2998,68.3000,1.8110,2.2638,140.2383,0.0000,0.0000,0.0000,116.6253,3.4548,1498.8108
27/07/2020 00:00:00,0.0000,0.6021,13.2216,0.0000,0.0000,0.0000,0.0000,0.0000,19.1783,0.0000,305.2170,13.1445,0.3571,0.4839,0.1488,0.0149,879.4880,620.4157,68.8411,68.8412,1.8061,2.2576,140.0597,0.0000,0.0000,0.0000,115.9974,3.4381,1493.4536
28/07/2020 00:00:00,0.0000,0.5964,12.9157,0.0000,0.0000,0.0000,0.0000,0.0000,19.0503,0.0000,305.5590,11.9391,0.3571,0.4585,0.1384,0.0138,876.9239,618.0298,69.3823,69.3824,1.8011,2.2513,139.8811,0.0000,0.0000,0.0000,115.3694,3.4215,1488.0965
29/07/2020 00:00:00,0.0000,0.6054,12.5731,0.0000,0.0000,0.0000,0.0000,0.0000,18.9223,0.0000,305.9010,10.7337,0.3571,0.4332,0.1280,0.0128,874.3598,615.6440,69.9236,69.9237,1.7961,2.2451,139.7025,0.0000,0.0000,0.0000,114.7415,3.4048,1482.7393
30/07/2020 00:00:00,0.0000,0.5972,12.9677,0.0000,0.0000,0.0000,0.0000,0.0000,18.7943,0.0000,306.2430,9.5283,0.3571,0.4078,0.1176,0.0118,871.7957,613.2581,70.4648,70.4649,1.7911,2.2388,139.5240,0.0000,0.0000,0.0000,114.1136,3.3882,1477.3821
31/07/2020 00:00:00,0.0000,0.5724,13.2965,0.0000,0.0000,0.0000,0.0000,0.0000,18.6663,0.0000,306.5849,8.3230,0.3571,0.3825,0.1072,0.0107,869.2316,610.8723,71.0061,71.0062,1.7861,2.2326,139.3454,0.0000,0.0000,0.0000,113.4856,3.3715,1472.0250
01/08/2020 00:00:00,17.3509,0.5648,13.6156,0.0000,0.0000,0.0000,0.0000,0.0000,18.5382,0.0000,306.9269,7.1176,0.3571,0.3572,0.0968,0.0097,866.6675,608.4865,71.5473,71.5474,1.7811,2.2263,139.1668,0.0000,0.0000,0.0000,112.8577,3.3548,1466.6678
02/08/2020 00:00:00,16.4982,0.5589,13.6954,0.0000,0.0000,0.0000,0.0000,0.0000,19.8233,0.0000,307.7743,7.5766,0.3594,0.3560,0.0989,0.0099,866.6667,625.7495,71.8896,71.8896,1.7874,2.2343,144.7800,0.0000,0.0000,0.0000,113.3636,3.3954,1484.4044
03/08/2020 00:00:00,15.8136,0.5454,14.1850,0.0000,0.0000,0.0000,0.0000,0.0000,21.1093,0.0000,308.6219,8.0358,0.3617,0.3548,0.1009,0.0101,866.6667,643.0197,72.2317,72.2318,1.7938,2.2422,150.3983,0.0000,0.0000,0.0000,113.8705,3.4360,1502.1459
04/08/2020 00:00:00,15.8785,0.5438,13.5035,0.0000,0.0000,0.0000,0.0000,0.0000,22.3952,0.0000,309.4695,8.4950,0.3641,0.3537,0.1030,0.0103,866.6667,660.2898,72.5739,72.5739,1.8001,2.2502,156.0166,0.0000,0.0000,0.0000,114.3775,3.4766,1519.8874
05/08/2020 00:00:00,18.3888,0.5388,13.0149,0.0000,0.0000,0.0000,0.0000,0.0000,23.6812,0.0000,310.3171,8.9541,0.3664,0.3525,0.1051,0.0105,866.6667,677.5600,72.9161,72.9161,1.8065,2.2581,161.6349,0.0000,0.0000,0.0000,114.8844,3.5172,1537.6289
06/08/2020 00:00:00,19.5406,0.5291,12.4067,0.0000,0.0000,0.0000,0.0000,0.0000,24.9671,0.0000,311.1647,9.4133,0.3687,0.3514,0.1072,0.0107,866.6667,694.8301,73.2582,73.2583,1.8129,2.2661,167.2532,0.0000,0.0000,0.0000,115.3913,3.5577,1555.3704
07/08/2020 00:00:00,19.0602,0.5298,11.6711,0.0000,0.0000,0.0000,0.0000,0.0000,26.2531,0.0000,312.0123,9.8725,0.3710,0.3502,0.1093,0.0109,866.6667,712.1003,73.6004,73.6004,1.8192,2.2740,172.8715,0.0000,0.0000,0.0000,115.8982,3.5983,1573.1119
08/08/2020 00:00:00,19.0184,0.5340,11.1203,0.0000,0.0000,0.0000,0.0000,0.0000,27.5391,0.0000,312.8600,10.3317,0.3733,0.3491,0.1113,0.0111,866.6667,729.3704,73.9425,73.9426,1.8256,2.2819,178.4898,0.0000,0.0000,0.0000,116.4051,3.6389,1590.8534
09/08/2020 00:00:00,13.1703,0.5338,11.3785,0.0000,0.0000,0.0000,0.0000,0.0000,28.8250,0.0000,313.7076,10.7909,0.3756,0.3479,0.1134,0.0113,866.6667,746.6406,74.2847,74.2847,1.8319,2.2899,184.1081,0.0000,0.0000,0.0000,116.9120,3.6795,1608.5949
10/08/2020 00:00:00,10.4387,0.5278,11.7787,0.0000,0.0000,0.0000,0.0000,0.0000,30.1110,0.0000,314.5552,11.2501,0.3779,0.3468,0.1155,0.0116,866.6667,763.9107,74.6269,74.6269,1.8383,2.2978,189.7264,0.0000,0.0000,0.0000,117.4189,3.7201,1626.3364
11/08/2020 00:00:00,11.0749,0.5315,12.1426,0.0000,0.0000,0.0000,0.0000,0.0000,31.3969,0.0000,315.4028,11.7093,0.3802,0.3456,0.1176,0.0118,866.6667,781.1809,74.9690,74.9691,1.8446,2.3058,195.3447,0.0000,0.0000,0.0000,117.9258,3.7607,1644.0779
12/08/2020 00:00:00,9.4583,0.5267,12.4631,0.0000,0.0000,0.0000,0.0000,0.0000,32.6829,0.0000,316.2504,12.1685,0.3825,0.3445,0.1197,0.0120,866.6667,798.4510,75.3112,75.3112,1.8510,2.3137,200.9630,0.0000,0.0000,0.0000,118.4327,3.8012,1661.8194
13/08/2020 00:00:00,8.3515,0.5212,13.4112,0.0000,0.0000,0.0000,0.0000,0.0000,33.9688,0.0000,317.0980,12.6276,0.3848,0.3433,0.1217,0.0122,866.6667,815.7212,75.6534,75.6534,1.8573,2.3217,206.5813,0.0000,0.0000,0.0000,118.9396,3.8418,1679.5610
14/08/2020 00:00:00,8.5356,0.5247,14.0054,0.0000,0.0000,0.0000,0.0000,0.0000,35.2548,0.0000,317.9457,13.0868,0.3871,0.3422,0.1238,0.0124,866.6667,832.9913,75.9955,75.9955,1.8637,2.3296,212.1996,0.0000,0.0000,0.0000,119.4466,3.8824,1697.3025
15/08/2020 00:00:00,8.4153,0.5268,14.1736,0.0000,0.0000,0.0000,0.0000,0.0000,36.5408,0.0000,318.7933,13.5460,0.3894,0.3410,0.1259,0.0126,866.6667,850.2615,76.3377,76.3377,1.8700,2.3375,217.8179,0.0000,0.0000,0.0000,119.9535,3.9230,1715.0440
16/08/2020 00:00:00,8.9462,0.5242,14.4472,0.0000,0.0000,0.0000,0.0000,0.0000,37.8267,0.0000,319.6409,14.0052,0.3917,0.3399,0.1280,0.0128,866.6667,867.5316,76.6798,76.6799,1.8764,2.3455,223.4362,0.0000,0.0000,0.0000,120.4604,3.9636,1732.7855
17/08/2020 00:00:00,10.0450,0.5163,14.1143,0.0000,0.0000,0.0000,0.0000,0.0000,39.1127,0.0000,320.4885,14.4644,0.3940,0.3387,0.1301,0.0130,866.6667,884.8018,77.0220,77.0220,1.8827,2.3534,229.0545,0.0000,0.0000,0.0000,120.9673,4.0042,1750.5270
18/08/2020 00:00:00,7.5731,0.5083,13.8639,0.0000,0.0000,0.0000,0.0000,0.0000,40.3986,0.0000,321.3361,14.9236,0.3963,0.3376,0.1322,0.0132,866.6667,902.0719,77.3642,77.3642,1.8891,2.3614,234.6728,0.0000,0.0000,0.0000,121.4742,4.0447,1768.2685
19/08/2020 00:00:00,2.7320,0.6609,13.7062,0.0000,0.0000,0.0000,0.0000,0.0000,41.6846,0.0000,322.1837,15.3828,0.3986,0.3364,0.1342,0.0134,866.6667,919.3421,77.7063,77.7063,1.8955,2.3693,240.2911,0.0000,0.0000,0.0000,121.9811,4.0853,1786.0100
20/08/2020 00:00:00,1.6425,0.7303,13.6164,0.0000,0.0000,0.0000,0.0000,0.0000,42.9705,0.0000,323.0314,15.8420,0.4009,0.3353,0.1363,0.0136,866.6667,936.6122,78.0485,78.0485,1.9018,2.3773,245.9094,0.0000,0.0000,0.0000,122.4880,4.1259,1803.7515
21/08/2020 00:00:00,0.7611,0.8738,13.1642,0.0000,0.0000,0.0000,0.0000,0.0000,44.2565,0.0000,323.8790,16.3011,0.4032,0.3341,0.1384,0.0138,866.6667,953.8824,78.3906,78.3907,1.9082,2.3852,251.5277,0.0000,0.0000,0.0000,122.9949,4.1665,1821.4930
22/08/2020 00:00:00,0.1202,0.9679,12.2715,0.0000,0.0000,0.0000,0.0000,0.0000,45.5425,0.0000,324.7266,16.7603,0.4055,0.3329,0.1405,0.0140,866.6667,971.1525,78.7328,78.7328,1.9145,2.3931,257.1460,0.0000,0.0000,0.0000,123.5018,4.2071,1839.2345
23/08/2020 00:00:00,0.3983,0.9183,12.6285,0.0000,0.0000,0.0000,0.0000,0.0000,46.8284,0.0000,325.5742,17.2195,0.4078,0.3318,0.1426,0.0143,866.6667,988.4227,79.0750,79.0750,1.9209,2.4011,262.7643,0.0000,0.0000,0.0000,124.0088,4.2477,1856.9760
24/08/2020 00:00:00,11.4919,0.7256,12.9639,0.0000,0.0000,0.0000,0.0000,0.0000,48.1144,0.0000,326.4218,17.6787,0.4101,0.3306,0.1446,0.0145,866.6667,1005.6928,79.4171,79.4171,1.9272,2.4090,268.3826,0.0000,0.0000,0.0000,124.5157,4.2882,1874.7175
25/08/2020 00:00:00,18.6781,0.5410,13.0926,0.0000,0.0000,0.0000,0.0000,0.0000,49.4003,0.0000,327.2694,18.1379,0.4124,0.3295,0.1467,0.0147,866.6667,1022.9630,79.7593,79.7593,1.9336,2.4170,274.0009,0.0000,0.0000,0.0000,125.0226,4.3288,1892.4591
26/08/2020 00:00:00,18.6990,0.5168,13.4189,0.0000,0.0000,0.0000,0.0000,0.0000,50.6863,0.0000,328.1171,18.5971,0.4147,0.3283,0.1488,0.0149,866.6667,1040.2331,80.1015,80.1015,1.9399,2.4249,279.6191,0.0000,0.0000,0.0000,125.5295,4.3694,1910.2006
27/08/2020 00:00:00,11.9478,0.5117,14.3646,0.0000,0.0000,0.0000,0.0000,0.0000,51.9722,0.0000,328.9647,19.0563,0.4170,0.3272,0.1509,0.0151,866.6667,1057.5033,80.4436,80.4436,1.9463,2.4329,285.2374,0.0000,0.0000,0.0000,126.0364,4.4100,1927.9421
28/08/2020 00:00:00,9.1855,0.5153,14.8935,0.0000,0.0000,0.0000,0.0000,0.0000,53.2582,0.0000,329.8123,19.5154,0.4194,0.3260,0.1530,0.0153,866.6667,1074.7734,80.7858,80.7858,1.9526,2.4408,290.8557,0.0000,0.0000,0.0000,126.5433,4.4506,1945.6836
29/08/2020 00:00:00,9.6920,0.5146,15.5883,0.0000,0.0000,0.0000,0.0000,0.0000,54.5441,0.0000,330.6599,19.9746,0.4217,0.3249,0.1550,0.0155,866.6667,1092.0436,81.1279,81.1279,1.9590,2.4487,296.4740,0.0000,0.0000,0.0000,127.0502,4.4911,1963.4251
30/08/2020 00:00:00,6.3340,0.5087,15.7111,0.0000,0.0000,0.0000,0.0000,0.0000,55.8301,0.0000,331.5075,20.4338,0.4240,0.3237,0.1571,0.0157,866.6667,1109.3137,81.4701,81.4701,1.9654,2.4567,302.0923,0.0000,0.0000,0.0000,127.5571,4.5317,1981.1666
31/08/2020 00:00:00,8.2510,0.5110,15.1730,0.0000,0.0000,0.0000,0.0000,0.0000,57.1161,0.0000,332.3551,20.8930,0.4263,0.3226,0.1592,0.0159,866.6667,1126.5839,81.8123,81.8123,1.9717,2.4646,307.7106,0.0000,0.0000,0.0000,128.0640,4.5723,1998.9081
01/09/2020 00:00:00,13.1702,0.5121,14.8164,0.0000,0.0000,0.0000,0.0000,0.0000,58.4020,0.0000,333.2028,21.3522,0.4286,0.3214,0.1613,0.0161,866.6667,1143.8540,82.1544,82.1544,1.9781,2.4726,313.3289,0.0000,0.0000,0.0000,128.5709,4.6129,2016.6496
02/09/2020 00:00:00,11.5891,0.5049,15.0039,0.0000,0.0000,0.0000,0.0000,0.0000,58.2668,0.0000,331.2870,21.3997,0.4262,0.3279,0.1639,0.0164,868.0543,1136.8313,82.0696,82.0696,1.9912,2.4889,308.7952,0.0000,0.0000,0.0000,128.5595,4.6263,2010.8389
03/09/2020 00:00:00,5.0881,0.5223,15.2993,0.0000,0.0000,0.0000,0.0000,0.0000,58.1307,0.0000,329.3700,21.4472,0.4238,0.3343,0.1665,0.0166,869.4432,1129.7864,81.9844,81.9844,2.0042,2.5053,304.2536,0.0000,0.0000,0.0000,128.5476,4.6398,2005.0055
04/09/2020 00:00:00,0.4993,0.5278,15.3758,0.0000,0.0000,0.0000,0.0000,0.0000,57.9947,0.0000,327.4530,21.4946,0.4214,0.3407,0.1690,0.0169,870.8321,1122.7416,81.8992,81.8992,2.0173,2.5217,299.7119,0.0000,0.0000,0.0000,128.5357,4.6532,1999.1722
05/09/2020 00:00:00,0.5211,0.5196,15.9802,0.0000,0.0000,0.0000,0.0000,0.0000,57.8586,0.0000,325.5360,21.5421,0.4190,0.3471,0.1716,0.0172,872.2210,1115.6967,81.8140,81.8140,2.0304,2.5380,295.1702,0.0000,0.0000,0.0000,128.5238,4.6667,1993.3388
06/09/2020 00:00:00,0.5899,0.5191,16.5457,0.0000,0.0000,0.0000,0.0000,0.0000,57.7226,0.0000,323.6191,21.5895,0.4167,0.3536,0.1742,0.0174,873.6099,1108.6519,81.7289,81.7289,2.0435,2.5544,290.6285,0.0000,0.0000,0.0000,128.5119,4.6801,1987.5054
07/09/2020 00:00:00,0.6139,0.5183,16.8955,0.0000,0.0000,0.0000,0.0000,0.0000,57.5865,0.0000,321.7021,21.6370,0.4143,0.3600,0.1768,0.0177,874.9988,1101.6070,81.6437,81.6437,2.0566,2.5708,286.0869,0.0000,0.0000,0.0000,128.5000,4.6935,1981.6721
08/09/2020 00:00:00,0.5370,0.5207,17.1562,0.0000,0.0000,0.0000,0.0000,0.0000,57.4505,0.0000,319.7851,21.6844,0.4119,0.3664,0.1794,0.0179,876.3877,1094.5622,81.5585,81.5585,2.0697,2.5871,281.5452,0.0000,0.0000,0.0000,128.4881,4.7070,1975.8387
09/09/2020 00:00:00,0.5838,0.5234,17.1058,0.0000,0.0000,0.0000,0.0000,0.0000,57.3144,0.0000,317.8681,21.7319,0.4095,0.3729,0.1819,0.0182,877.7766,1087.5173,81.4733,81.4733,2.0828,2.6035,277.0035,0.0000,0.0000,0.0000,128.4762,4.7204,1970.0053
10/09/2020 00:00:00,0.6433,0.5250,16.8209,0.0000,0.0000,0.0000,0.0000,0.0000,57.1784,0.0000,315.9511,21.7793,0.4071,0.3793,0.1845,0.0185,879.1655,1080.4725,81.3882,81.3882,2.0959,2.6198,272.4619,0.0000,0.0000,0.0000,128.4643,4.7339,1964.1720
11/09/2020 00:00:00,0.6178,0.5271,16.6099,0.0000,0.0000,0.0000,0.0000,0.0000,57.0424,0.0000,314.0342,21.8268,0.4048,0.3857,0.1871,0.0187,880.5544,1073.4277,81.3030,81.3030,2.1090,2.6362,267.9202,0.0000,0.0000,0.0000,128.4524,4.7473,1958.3386
12/09/2020 00:00:00,0.5733,0.5268,17.3169,0.0000,0.0000,0.0000,0.0000,0.0000,56.9063,0.0000,312.1172,21.8742,0.4024,0.3921,0.1897,0.0190,881.9433,1066.3828,81.2178,81.2178,2.1221,2.6526,263.3785,0.0000,0.0000,0.0000,128.4405,4.7607,1952.5053
13/09/2020 00:00:00,0.5755,0.5253,17.6372,0.0000,0.0000,0.0000,0.0000,0.0000,56.7703,0.0000,310.2002,21.9217,0.4000,0.3986,0.1923,0.0192,883.3322,1059.3380,81.1326,81.1327,2.1351,2.6689,258.8369,0.0000,0.0000,0.0000,128.4286,4.7742,1946.6719
14/09/2020 00:00:00,0.5776,0.5256,17.7690,0.0000,0.0000,0.0000,0.0000,0.0000,56.6342,0.0000,308.2832,21.9691,0.3976,0.4050,0.1948,0.0195,884.7211,1052.2931,81.0475,81.0475,2.1482,2.6853,254.2952,0.0000,0.0000,0.0000,128.4167,4.7876,1940.8385
15/09/2020 00:00:00,0.6103,0.5241,18.1338,0.0000,0.0000,0.0000,0.0000,0.0000,56.4982,0.0000,306.3662,22.0166,0.3952,0.4114,0.1974,0.0197,886.1100,1045.2483,80.9623,80.9623,2.1613,2.7017,249.7535,0.0000,0.0000,0.0000,128.4048,4.8011,1935.0052
16/09/2020 00:00:00,0.6061,0.5216,18.6587,0.0000,0.0000,0.0000,0.0000,0.0000,56.3621,0.0000,304.4493,22.0640,0.3929,0.4179,0.2000,0.0200,887.4989,1038.2034,80.8771,80.8771,2.1744,2.7180,245.2119,0.0000,0.0000,0.0000,128.3929,4.8145,1929.1718
17/09/2020 00:00:00,0.6270,0.5198,18.2480,0.0000,0.0000,0.0000,0.0000,0.0000,56.2261,0.0000,302.5323,22.1115,0.3905,0.4243,0.2026,0.0203,888.8878,1031.1586,80.7919,80.7920,2.1875,2.7344,240.6702,0.0000,0.0000,0.0000,128.3810,4.8280,1923.3384
18/09/2020 00:00:00,0.6526,0.5170,18.2739,0.0000,0.0000,0.0000,0.0000,0.0000,56.0900,0.0000,300.6153,22.1589,0.3881,0.4307,0.2052,0.0205,890.2766,1024.1137,80.7068,80.7068,2.2006,2.7507,236.1285,0.0000,0.0000,0.0000,128.3691,4.8414,1917.5051
19/09/2020 00:00:00,0.5994,0.5212,19.2747,0.0000,0.0000,0.0000,0.0000,0.0000,55.9540,0.0000,298.6983,22.2064,0.3857,0.4371,0.2077,0.0208,891.6655,1017.0689,80.6216,80.6216,2.2137,2.7671,231.5869,0.0000,0.0000,0.0000,128.3572,4.8548,1911.6717
20/09/2020 00:00:00,0.6054,0.5295,20.0287,0.0000,0.0000,0.0000,0.0000,0.0000,55.8179,0.0000,296.7813,22.2538,0.3833,0.4436,0.2103,0.0210,893.0544,1010.0240,80.5364,80.5364,2.2268,2.7835,227.0452,0.0000,0.0000,0.0000,128.3452,4.8683,1905.8383
21/09/2020 00:00:00,0.4774,0.5144,18.5078,0.0000,0.0000,0.0000,0.0000,0.0000,55.6819,0.0000,294.8644,22.3013,0.3810,0.4500,0.2129,0.0213,894.4433,1002.9792,80.4512,80.4513,2.2399,2.7998,222.5035,0.0000,0.0000,0.0000,128.3333,4.8817,1900.0050
22/09/2020 00:00:00,0.1864,1.4130,17.3013,0.0000,0.0000,0.0000,0.0000,0.0000,55.5458,0.0000,292.9474,22.3487,0.3786,0.4564,0.2155,0.0215,895.8322,995.9343,80.3661,80.3661,2.2530,2.8162,217.9619,0.0000,0.0000,0.0000,128.3214,4.8952,1894.1716
23/09/2020 00:00:00,0.3343,0.9475,16.9485,0.0000,0.0000,0.0000,0.0000,0.0000,55.4098,0.0000,291.0304,22.3962,0.3762,0.4629,0.2181,0.0218,897.2211,988.8895,80.2809,80.2809,2.2660,2.8326,213.4202,0.0000,0.0000,0.0000,128.3095,4.9086,1888.3382
24/09/2020 00:00:00,0.5035,0.8107,15.9953,0.0000,0.0000,0.0000,0.0000,0.0000,55.2737,0.0000,289.1134,22.4436,0.3738,0.4693,0.2206,0.0221,898.6100,981.8447,80.1957,80.1957,2.2791,2.8489,208.8785,0.0000,0.0000,0.0000,128.2976,4.9220,1882.5049
25/09/2020 00:00:00,0.2115,0.9595,14.4263,0.0000,0.0000,0.0000,0.0000,0.0000,55.1377,0.0000,287.1964,22.4911,0.3714,0.4757,0.2232,0.0223,899.9989,974.7998,80.1105,80.1106,2.2922,2.8653,204.3368,0.0000,0.0000,0.0000,128.2857,4.9355,1876.6715
26/09/2020 00:00:00,0.5115,0.9825,14.0266,0.0000,0.0000,0.0000,0.0000,0.0000,55.0016,0.0000,285.2795,22.5385,0.3690,0.4821,0.2258,0.0226,901.3878,967.7550,80.0254,80.0254,2.3053,2.8817,199.7952,0.0000,0.0000,0.0000,128.2738,4.9489,1870.8382
27/09/2020 00:00:00,0.6132,0.6488,14.7287,0.0000,0.0000,0.0000,0.0000,0.0000,54.8656,0.0000,283.3625,22.5860,0.3667,0.4886,0.2284,0.0228,902.7767,960.7101,79.9402,79.9402,2.3184,2.8980,195.2535,0.0000,0.0000,0.0000,128.2619,4.9624,1865.0048
28/09/2020 00:00:00,0.6376,0.5633,16.0144,0.0000,0.0000,0.0000,0.0000,0.0000,54.7295,0.0000,281.4455,22.6334,0.3643,0.4950,0.2310,0.0231,904.1656,953.6653,79.8550,79.8550,2.3315,2.9144,190.7118,0.0000,0.0000,0.0000,128.2500,4.9758,1859.1714
29/09/2020 00:00:00,0.5972,0.4547,16.4121,0.0000,0.0000,0.0000,0.0000,0.0000,54.5935,0.0000,279.5285,22.6809,0.3619,0.5014,0.2335,0.0234,905.5545,946.6204,79.7698,79.7699,2.3446,2.9307,186.1702,0.0000,0.0000,0.0000,128.2381,4.9892,1853.3381
30/09/2020 00:00:00,0.5822,0.3653,16.7282,0.0000,0.0000,0.0000,0.0000,0.0000,54.4574,0.0000,277.6115,22.7283,0.3595,0.5079,0.2361,0.0236,906.9434,939.5756,79.6847,79.6847,2.3577,2.9471,181.6285,0.0000,0.0000,0.0000,128.2262,5.0027,1847.5047
01/10/2020 00:00:00,0.3003,0.2801,17.0606,0.0000,0.0000,0.0000,0.0000,0.0000,54.3214,0.0000,275.6946,22.7758,0.3571,0.5143,0.2387,0.0239,908.3323,932.5307,79.5995,79.5995,2.3708,2.9635,177.0868,0.0000,0.0000,0.0000,128.2143,5.0161,1841.6713
02/10/2020 00:00:00,0.3053,0.3596,18.8951,0.0000,0.0000,0.0000,0.0000,0.0000,53.7306,0.0000,277.8544,22.9211,0.3571,0.5115,0.2379,0.0238,911.8253,941.3802,79.4034,79.4034,2.3499,2.9374,177.7817,0.0000,0.0000,0.0000,129.4694,5.0156,1854.0226
03/10/2020 00:00:00,0.3032,0.2316,19.4705,0.0000,0.0000,0.0000,0.0000,0.0000,53.1396,0.0000,280.0144,23.0665,0.3571,0.5088,0.2372,0.0237,915.3199,950.2417,79.2073,79.2073,2.3291,2.9114,178.4806,0.0000,0.0000,0.0000,130.7251,5.0151,1866.3885
04/10/2020 00:00:00,0.2604,0.2497,18.7251,0.0000,0.0000,0.0000,0.0000,0.0000,52.5486,0.0000,282.1744,23.2119,0.3571,0.5060,0.2364,0.0236,918.8145,959.1033,79.0111,79.0112,2.3083,2.8853,179.1796,0.0000,0.0000,0.0000,131.9809,5.0146,1878.7543
05/10/2020 00:00:00,0.2868,0.3561,17.3152,0.0000,0.0000,0.0000,0.0000,0.0000,51.9575,0.0000,284.3345,23.3573,0.3571,0.5032,0.2357,0.0236,922.3091,967.9649,78.8150,78.8151,2.2874,2.8593,179.8785,0.0000,0.0000,0.0000,133.2367,5.0140,1891.1202
06/10/2020 00:00:00,0.2882,0.4303,17.1753,0.0000,0.0000,0.0000,0.0000,0.0000,51.3665,0.0000,286.4945,23.5027,0.3571,0.5005,0.2349,0.0235,925.8037,976.8265,78.6189,78.6190,2.2666,2.8332,180.5774,0.0000,0.0000,0.0000,134.4924,5.0135,1903.4860
07/10/2020 00:00:00,0.2964,0.4559,16.4067,0.0000,0.0000,0.0000,0.0000,0.0000,50.7755,0.0000,288.6546,23.6481,0.3571,0.4977,0.2341,0.0234,929.2983,985.6881,78.4228,78.4228,2.2457,2.8072,181.2763,0.0000,0.0000,0.0000,135.7482,5.0130,1915.8519
08/10/2020 00:00:00,0.2239,0.5145,16.2926,0.0000,0.0000,0.0000,0.0000,0.0000,50.1845,0.0000,290.8146,23.7936,0.3571,0.4949,0.2334,0.0233,932.7929,994.5497,78.2266,78.2267,2.2249,2.7811,181.9753,0.0000,0.0000,0.0000,137.0040,5.0125,1928.2177
09/10/2020 00:00:00,0.3030,0.5015,17.0441,0.0000,0.0000,0.0000,0.0000,0.0000,49.5934,0.0000,292.9747,23.9390,0.3571,0.4922,0.2326,0.0233,936.2876,1003.4113,78.0305,78.0306,2.2041,2.7551,182.6742,0.0000,0.0000,0.0000,138.2598,5.0120,1940.5836
10/10/2020 00:00:00,0.3122,0.4899,18.6070,0.0000,0.0000,0.0000,0.0000,0.0000,49.0024,0.0000,295.1347,24.0844,0.3571,0.4894,0.2318,0.0232,939.7822,1012.2728,77.8344,77.8345,2.1832,2.7290,183.3731,0.0000,0.0000,0.0000,139.5155,5.0114,1952.9495
11/10/2020 00:00:00,0.3309,0.4701,19.5393,0.0000,0.0000,0.0000,0.0000,0.0000,48.4114,0.0000,297.2948,24.2298,0.3571,0.4866,0.2311,0.0231,943.2768,1021.1344,77.6383,77.6384,2.1624,2.7030,184.0720,0.0000,0.0000,0.0000,140.7713,5.0109,1965.3153
12/10/2020 00:00:00,2.9716,0.4041,20.4043,0.0000,0.0000,0.0000,0.0000,0.0000,47.8204,0.0000,299.4548,24.3752,0.3571,0.4839,0.2303,0.0230,946.7714,1029.9960,77.4422,77.4423,2.1415,2.6769,184.7710,0.0000,0.0000,0.0000,142.0271,5.0104,1977.6812
13/10/2020 00:00:00,6.6143,0.3930,20.7189,0.0000,0.0000,0.0000,0.0000,0.0000,47.2294,0.0000,301.6149,24.5206,0.3571,0.4811,0.2296,0.0230,950.2660,1038.8576,77.2460,77.2461,2.1207,2.6509,185.4699,0.0000,0.0000,0.0000,143.2828,5.0099,1990.0470
14/10/2020 00:00:00,6.9526,0.3899,21.2690,0.0000,0.0000,0.0000,0.0000,0.0000,46.6383,0.0000,303.7749,24.6660,0.3571,0.4783,0.2288,0.0229,953.7606,1047.7192,77.0499,77.0500,2.0999,2.6248,186.1688,0.0000,0.0000,0.0000,144.5386,5.0094,2002.4129
15/10/2020 00:00:00,6.5916,0.3799,21.4836,0.0000,0.0000,0.0000,0.0000,0.0000,46.0473,0.0000,305.9349,24.8114,0.3571,0.4756,0.2280,0.0228,957.2552,1056.5808,76.8538,76.8539,2.0790,2.5988,186.8677,0.0000,0.0000,0.0000,145.7944,5.0088,2014.7787
16/10/2020 00:00:00,6.9741,0.3729,20.2367,0.0000,0.0000,0.0000,0.0000,0.0000,45.4563,0.0000,308.0950,24.9568,0.3571,0.4728,0.2273,0.0227,960.7498,1065.4423,76.6577,76.6578,2.0582,2.5727,187.5667,0.0000,0.0000,0.0000,147.0502,5.0083,2027.1446
17/10/2020 00:00:00,5.9857,0.3764,19.4087,0.0000,0.0000,0.0000,0.0000,0.0000,44.8653,0.0000,310.2550,25.1022,0.3571,0.4700,0.2265,0.0227,964.2445,1074.3039,76.4616,76.4617,2.0373,2.5467,188.2656,0.0000,0.0000,0.0000,148.3059,5.0078,2039.5104
18/10/2020 00:00:00,6.4746,0.3826,18.8966,0.0000,0.0000,0.0000,0.0000,0.0000,44.2742,0.0000,312.4151,25.2477,0.3571,0.4673,0.2257,0.0226,967.7391,1083.1655,76.2654,76.2656,2.0165,2.5206,188.9645,0.0000,0.0000,0.0000,149.5617,5.0073,2051.8763
19/10/2020 00:00:00,6.5802,0.3754,19.0558,0.0000,0.0000,0.0000,0.0000,0.0000,43.6832,0.0000,314.5751,25.3931,0.3571,0.4645,0.2250,0.0225,971.2337,1092.0271,76.0693,76.0694,1.9957,2.4946,189.6634,0.0000,0.0000,0.0000,150.8175,5.0068,2064.2422
20/10/2020 00:00:00,2.5648,0.3714,19.8055,0.0000,0.0000,0.0000,0.0000,0.0000,43.0922,0.0000,316.7352,25.5385,0.3571,0.4618,0.2242,0.0224,974.7283,1100.8887,75.8732,75.8733,1.9748,2.4685,190.3624,0.0000,0.0000,0.0000,152.0732,5.0062,2076.6080
21/10/2020 00:00:00,0.3065,0.3054,20.5391,0.0000,0.0000,0.0000,0.0000,0.0000,42.5012,0.0000,318.8952,25.6839,0.3571,0.4590,0.2234,0.0223,978.2229,1109.7503,75.6771,75.6772,1.9540,2.4425,191.0613,0.0000,0.0000,0.0000,153.3290,5.0057,2088.9739
22/10/2020 00:00:00,0.3103,0.1758,20.4999,0.0000,0.0000,0.0000,0.0000,0.0000,41.9102,0.0000,321.0553,25.8293,0.3571,0.4562,0.2227,0.0223,981.7175,1118.6119,75.4810,75.4811,1.9331,2.4164,191.7602,0.0000,0.0000,0.0000,154.5848,5.0052,2101.3397
23/10/2020 00:00:00,0.2847,0.3291,20.2695,0.0000,0.0000,0.0000,0.0000,0.0000,41.3191,0.0000,323.2153,25.9747,0.3571,0.4535,0.2219,0.0222,985.2121,1127.4734,75.2848,75.2850,1.9123,2.3904,192.4591,0.0000,0.0000,0.0000,155.8406,5.0047,2113.7056
24/10/2020 00:00:00,0.2606,0.4018,18.5563,0.0000,0.0000,0.0000,0.0000,0.0000,40.7281,0.0000,325.3754,26.1201,0.3571,0.4507,0.2212,0.0221,988.7068,1136.3350,75.0887,75.0888,1.8915,2.3643,193.1581,0.0000,0.0000,0.0000,157.0963,5.0042,2126.0714
25/10/2020 00:00:00,0.3064,0.4046,17.5711,0.0000,0.0000,0.0000,0.0000,0.0000,40.1371,0.0000,327.5354,26.2655,0.3571,0.4479,0.2204,0.0220,992.2014,1145.1966,74.8926,74.8927,1.8706,2.3383,193.8570,0.0000,0.0000,0.0000,158.3521,5.0036,2138.4373
26/10/2020 00:00:00,0.3219,0.3190,17.1045,0.0000,0.0000,0.0000,0.0000,0.0000,39.5461,0.0000,329.6954,26.4109,0.3571,0.4452,0.2196,0.0220,995.6960,1154.0582,74.6965,74.6966,1.8498,2.3122,194.5559,0.0000,0.0000,0.0000,159.6079,5.0031,2150.8032
27/10/2020 00:00:00,0.3150,0.1862,18.4004,0.0000,0.0000,0.0000,0.0000,0.0000,38.9550,0.0000,331.8555,26.5564,0.3571,0.4424,0.2189,0.0219,999.1906,1162.9198,74.5003,74.5005,1.8289,2.2862,195.2548,0.0000,0.0000,0.0000,160.8636,5.0026,2163.1690
28/10/2020 00:00:00,0.8667,0.2452,19.7900,0.0000,0.0000,0.0000,0.0000,0.0000,38.3640,0.0000,334.0155,26.7018,0.3571,0.4396,0.2181,0.0218,1002.6852,1171.7814,74.3042,74.3044,1.8081,2.2601,195.9538,0.0000,0.0000,0.0000,162.1194,5.0021,2175.5349
29/10/2020 00:00:00,0.2980,0.2764,20.5505,0.0000,0.0000,0.0000,0.0000,0.0000,37.7730,0.0000,336.1756,26.8472,0.3571,0.4369,0.2173,0.0217,1006.1798,1180.6430,74.1081,74.1083,1.7873,2.2341,196.6527,0.0000,0.0000,0.0000,163.3752,5.0016,2187.9007
30/10/2020 00:00:00,0.2576,0.4030,20.1732,0.0000,0.0000,0.0000,0.0000,0.0000,37.1820,0.0000,338.3356,26.9926,0.3571,0.4341,0.2166,0.0217,1009.6744,1189.5045,73.9120,73.9121,1.7664,2.2080,197.3516,0.0000,0.0000,0.0000,164.6310,5.0010,2200.2666
31/10/2020 00:00:00,0.2988,0.3426,19.9203,0.0000,0.0000,0.0000,0.0000,0.0000,36.5910,0.0000,340.4957,27.1380,0.3571,0.4313,0.2158,0.0216,1013.1691,1198.3661,73.7159,73.7160,1.7456,2.1820,198.0505,0.0000,0.0000,0.0000,165.8867,5.0005,2212.6324
01/11/2020 00:00:00,0.0000,0.3122,20.4888,0.0000,0.0000,0.0000,0.0000,0.0000,35.9999,0.0000,342.6557,27.2834,0.3571,0.4286,0.2151,0.0215,1016.6637,1207.2277,73.5197,73.5199,1.7247,2.1559,198.7495,0.0000,0.0000,0.0000,167.1425,5.0000,2224.9983
02/11/2020 00:00:00,0.0000,0.4316,21.6037,0.0000,0.0000,0.0000,0.0000,0.0000,35.6627,0.0000,340.4155,27.8762,0.3690,0.4222,0.2158,0.0216,1016.3891,1201.5948,73.7486,73.7484,1.7300,2.1625,197.6119,0.0000,0.0000,0.0000,166.9762,5.0043,2218.8898
03/11/2020 00:00:00,0.0000,0.4742,23.4098,0.0000,0.0000,0.0000,0.0000,0.0000,35.3255,0.0000,338.1742,28.4693,0.3809,0.4159,0.2165,0.0216,1016.1113,1195.9558,73.9774,73.9772,1.7353,2.1691,196.4730,0.0000,0.0000,0.0000,166.8096,5.0086,2212.7787
04/11/2020 00:00:00,0.0000,0.4785,22.0971,0.0000,0.0000,0.0000,0.0000,0.0000,34.9883,0.0000,335.9328,29.0625,0.3929,0.4095,0.2172,0.0217,1015.8336,1190.3168,74.2062,74.2061,1.7406,2.1757,195.3341,0.0000,0.0000,0.0000,166.6429,5.0129,2206.6677
05/11/2020 00:00:00,0.0000,0.4849,19.5863,0.0000,0.0000,0.0000,0.0000,0.0000,34.6511,0.0000,333.6915,29.6556,0.4048,0.4032,0.2179,0.0218,1015.5558,1184.6778,74.4351,74.4349,1.7458,2.1823,194.1952,0.0000,0.0000,0.0000,166.4762,5.0172,2200.5566
06/11/2020 00:00:00,0.0000,0.4879,19.4580,0.0000,0.0000,0.0000,0.0000,0.0000,34.3139,0.0000,331.4502,30.2487,0.4167,0.3968,0.2186,0.0219,1015.2780,1179.0388,74.6639,74.6637,1.7511,2.1889,193.0563,0.0000,0.0000,0.0000,166.3096,5.0215,2194.4455
07/11/2020 00:00:00,0.0000,0.4900,19.6904,0.0000,0.0000,0.0000,0.0000,0.0000,33.9767,0.0000,329.2089,30.8418,0.4286,0.3905,0.2194,0.0219,1015.0002,1173.3998,74.8927,74.8926,1.7564,2.1955,191.9174,0.0000,0.0000,0.0000,166.1429,5.0258,2188.3345
08/11/2020 00:00:00,0.0000,0.4919,20.3906,0.0000,0.0000,0.0000,0.0000,0.0000,33.6396,0.0000,326.9676,31.4350,0.4405,0.3841,0.2201,0.0220,1014.7224,1167.7608,75.1216,75.1214,1.7617,2.2021,190.7785,0.0000,0.0000,0.0000,165.9762,5.0301,2182.2234
09/11/2020 00:00:00,0.0000,0.4928,21.7044,0.0000,0.0000,0.0000,0.0000,0.0000,33.3024,0.0000,324.7263,32.0281,0.4524,0.3778,0.2208,0.0221,1014.4447,1162.1219,75.3504,75.3503,1.7669,2.2087,189.6395,0.0000,0.0000,0.0000,165.8096,5.0344,2176.1124
10/11/2020 00:00:00,0.0000,0.4947,22.9384,0.0000,0.0000,0.0000,0.0000,0.0000,32.9652,0.0000,322.4849,32.6212,0.4643,0.3714,0.2215,0.0222,1014.1669,1156.4829,75.5792,75.5791,1.7722,2.2153,188.5006,0.0000,0.0000,0.0000,165.6429,5.0387,2170.0013
11/11/2020 00:00:00,0.0000,0.4942,22.8738,0.0000,0.0000,0.0000,0.0000,0.0000,32.6280,0.0000,320.2436,33.2143,0.4762,0.3651,0.2222,0.0222,1013.8891,1150.8439,75.8081,75.8079,1.7775,2.2219,187.3617,0.0000,0.0000,0.0000,165.4762,5.0430,2163.8902
12/11/2020 00:00:00,0.0000,0.4997,21.1590,0.0000,0.0000,0.0000,0.0000,0.0000,32.2908,0.0000,318.0023,33.8074,0.4881,0.3587,0.2229,0.0223,1013.6113,1145.2049,76.0369,76.0368,1.7828,2.2285,186.2228,0.0000,0.0000,0.0000,165.3096,5.0473,2157.7792
13/11/2020 00:00:00,0.0000,0.5003,19.9566,0.0000,0.0000,0.0000,0.0000,0.0000,31.9536,0.0000,315.7610,34.4006,0.5000,0.3524,0.2237,0.0224,1013.3335,1139.5659,76.2657,76.2656,1.7880,2.2351,185.0839,0.0000,0.0000,0.0000,165.1429,5.0516,2151.6681
14/11/2020 00:00:00,0.0000,0.4986,20.4387,0.0000,0.0000,0.0000,0.0000,0.0000,31.6165,0.0000,313.5197,34.9937,0.5119,0.3460,0.2244,0.0224,1013.0558,1133.9269,76.4945,76.4945,1.7933,2.2417,183.9450,0.0000,0.0000,0.0000,164.9762,5.0559,2145.5571
15/11/2020 00:00:00,0.0000,0.4993,22.1450,0.0000,0.0000,0.0000,0.0000,0.0000,31.2793,0.0000,311.2783,35.5868,0.5238,0.3397,0.2251,0.0225,1012.7780,1128.2879,76.7234,76.7233,1.7986,2.2482,182.8061,0.0000,0.0000,0.0000,164.8096,5.0602,2139.4460
16/11/2020 00:00:00,0.0000,0.5635,21.7241,0.0000,0.0000,0.0000,0.0000,0.0000,30.9421,0.0000,309.0370,36.1799,0.5357,0.3333,0.2258,0.0226,1012.5002,1122.6489,76.9522,76.9522,1.8039,2.2548,181.6671,0.0000,0.0000,0.0000,164.6429,5.0645,2133.3349
17/11/2020 00:00:00,0.0000,0.5289,21.5499,0.0000,0.0000,0.0000,0.0000,0.0000,30.6049,0.0000,306.7957,36.7730,0.5476,0.3270,0.2265,0.0227,1012.2224,1117.0100,77.1810,77.1810,1.8092,2.2614,180.5282,0.0000,0.0000,0.0000,164.4762,5.0688,2127.2239
18/11/2020 00:00:00,0.0000,0.5271,22.4188,0.0000,0.0000,0.0000,0.0000,0.0000,30.2677,0.0000,304.5544,37.3662,0.5595,0.3206,0.2272,0.0227,1011.9446,1111.3710,77.4099,77.4098,1.8144,2.2680,179.3893,0.0000,0.0000,0.0000,164.3096,5.0731,2121.1128
19/11/2020 00:00:00,0.0000,0.5236,23.5576,0.0000,0.0000,0.0000,0.0000,0.0000,29.9305,0.0000,302.3131,37.9593,0.5714,0.3143,0.2280,0.0228,1011.6668,1105.7320,77.6387,77.6387,1.8197,2.2746,178.2504,0.0000,0.0000,0.0000,164.1429,5.0774,2115.0018
20/11/2020 00:00:00,0.0000,0.5163,22.7742,0.0000,0.0000,0.0000,0.0000,0.0000,29.5933,0.0000,300.0718,38.5524,0.5833,0.3079,0.2287,0.0229,1011.3891,1100.0930,77.8675,77.8675,1.8250,2.2812,177.1115,0.0000,0.0000,0.0000,163.9762,5.0817,2108.8907
21/11/2020 00:00:00,0.0000,0.5166,23.0137,0.0000,0.0000,0.0000,0.0000,0.0000,29.2562,0.0000,297.8304,39.1455,0.5952,0.3016,0.2294,0.0229,1011.1113,1094.4540,78.0964,78.0964,1.8303,2.2878,175.9726,0.0000,0.0000,0.0000,163.8096,5.0860,2102.7796
22/11/2020 00:00:00,0.0000,0.5124,23.4702,0.0000,0.0000,0.0000,0.0000,0.0000,28.9190,0.0000,295.5891,39.7387,0.6071,0.2952,0.2301,0.0230,1010.8335,1088.8150,78.3252,78.3252,1.8355,2.2944,174.8336,0.0000,0.0000,0.0000,163.6429,5.0903,2096.6686
23/11/2020 00:00:00,0.0000,0.5102,22.4415,0.0000,0.0000,0.0000,0.0000,0.0000,28.5818,0.0000,293.3478,40.3318,0.6190,0.2889,0.2308,0.0231,1010.5557,1083.1760,78.5540,78.5541,1.8408,2.3010,173.6947,0.0000,0.0000,0.0000,163.4762,5.0946,2090.5575
24/11/2020 00:00:00,0.0000,0.5082,22.1906,0.0000,0.0000,0.0000,0.0000,0.0000,28.2446,0.0000,291.1065,40.9249,0.6309,0.2825,0.2315,0.0232,1010.2779,1077.5370,78.7829,78.7829,1.8461,2.3076,172.5558,0.0000,0.0000,0.0000,163.3096,5.0989,2084.4465
25/11/2020 00:00:00,0.0000,0.5059,23.4328,0.0000,0.0000,0.0000,0.0000,0.0000,27.9074,0.0000,288.8652,41.5180,0.6429,0.2762,0.2323,0.0232,1010.0002,1071.8981,79.0117,79.0117,1.8514,2.3142,171.4169,0.0000,0.0000,0.0000,163.1429,5.1032,2078.3354
26/11/2020 00:00:00,0.0000,0.5001,23.8885,0.0000,0.0000,0.0000,0.0000,0.0000,27.5702,0.0000,286.6238,42.1111,0.6548,0.2698,0.2330,0.0233,1009.7224,1066.2591,79.2405,79.2406,1.8566,2.3208,170.2780,0.0000,0.0000,0.0000,162.9762,5.1075,2072.2243
27/11/2020 00:00:00,0.0000,0.4990,24.5727,0.0000,0.0000,0.0000,0.0000,0.0000,27.2331,0.0000,284.3825,42.7043,0.6667,0.2635,0.2337,0.0234,1009.4446,1060.6201,79.4694,79.4694,1.8619,2.3274,169.1391,0.0000,0.0000,0.0000,162.8096,5.1118,2066.1133
28/11/2020 00:00:00,0.0000,0.4953,24.5466,0.0000,0.0000,0.0000,0.0000,0.0000,26.8959,0.0000,282.1412,43.2974,0.6786,0.2571,0.2344,0.0234,1009.1668,1054.9811,79.6982,79.6983,1.8672,2.3340,168.0002,0.0000,0.0000,0.0000,162.6429,5.1161,2060.0022
29/11/2020 00:00:00,0.0000,0.5230,22.2931,0.0000,0.0000,0.0000,0.0000,0.0000,26.5587,0.0000,279.8999,43.8905,0.6905,0.2508,0.2351,0.0235,1008.8890,1049.3421,79.9270,79.9271,1.8725,2.3406,166.8612,0.0000,0.0000,0.0000,162.4762,5.1204,2053.8912
30/11/2020 00:00:00,0.0000,0.5268,22.7098,0.0000,0.0000,0.0000,0.0000,0.0000,26.2215,0.0000,277.6586,44.4836,0.7024,0.2444,0.2358,0.0236,1008.6113,1043.7031,80.1559,80.1559,1.8777,2.3472,165.7223,0.0000,0.0000,0.0000,162.3096,5.1247,2047.7801
01/12/2020 00:00:00,0.0000,0.5142,22.2356,0.0000,0.0000,0.0000,0.0000,0.0000,25.8843,0.0000,275.4173,45.0768,0.7143,0.2381,0.2366,0.0237,1008.3335,1038.0641,80.3847,80.3848,1.8830,2.3538,164.5834,0.0000,0.0000,0.0000,162.1429,5.1290,2041.6690
02/12/2020 00:00:00,0.0000,0.5006,19.9071,0.0000,0.0000,0.0000,0.0000,0.0000,26.5260,0.0000,274.1233,44.1975,0.7097,0.2534,0.2379,0.0238,1019.6176,1048.7733,80.1305,80.1304,1.8862,2.3578,163.6560,0.0000,0.0000,0.0000,163.2025,5.1769,2063.9699
03/12/2020 00:00:00,0.0000,0.4977,20.8194,0.0000,0.0000,0.0000,0.0000,0.0000,27.1686,0.0000,272.8297,43.3174,0.7051,0.2688,0.2393,0.0239,1030.9080,1059.4958,79.8761,79.8761,1.8895,2.3619,162.7286,0.0000,0.0000,0.0000,164.2624,5.2247,2086.2819
04/12/2020 00:00:00,0.0000,0.4937,22.4579,0.0000,0.0000,0.0000,0.0000,0.0000,27.8112,0.0000,271.5360,42.4372,0.7005,0.2842,0.2407,0.0241,1042.1984,1070.2183,79.6218,79.6217,1.8927,2.3659,161.8012,0.0000,0.0000,0.0000,165.3223,5.2726,2108.5938
05/12/2020 00:00:00,0.0000,0.7168,21.7841,0.0000,0.0000,0.0000,0.0000,0.0000,28.4537,0.0000,270.2424,41.5571,0.6959,0.2995,0.2421,0.0242,1053.4888,1080.9409,79.3674,79.3673,1.8960,2.3700,160.8738,0.0000,0.0000,0.0000,166.3822,5.3205,2130.9058
06/12/2020 00:00:00,0.0000,2.1966,18.7793,0.0000,0.0000,0.0000,0.0000,0.0000,29.0963,0.0000,268.9487,40.6770,0.6912,0.3149,0.2435,0.0243,1064.7792,1091.6634,79.1130,79.1129,1.8992,2.3740,159.9464,0.0000,0.0000,0.0000,167.4421,5.3683,2153.2177
07/12/2020 00:00:00,0.0000,2.0461,18.1468,0.0000,0.0000,0.0000,0.0000,0.0000,29.7389,0.0000,267.6550,39.7969,0.6866,0.3303,0.2449,0.0245,1076.0696,1102.3859,78.8586,78.8585,1.9024,2.3781,159.0190,0.0000,0.0000,0.0000,168.5020,5.4162,2175.5297
08/12/2020 00:00:00,0.0000,1.5456,17.8165,0.0000,0.0000,0.0000,0.0000,0.0000,30.3815,0.0000,266.3614,38.9167,0.6820,0.3456,0.2463,0.0246,1087.3600,1113.1085,78.6042,78.6041,1.9057,2.3821,158.0916,0.0000,0.0000,0.0000,169.5619,5.4641,2197.8417
09/12/2020 00:00:00,0.0000,1.2762,19.4807,0.0000,0.0000,0.0000,0.0000,0.0000,31.0241,0.0000,265.0677,38.0366,0.6774,0.3610,0.2477,0.0248,1098.6505,1123.8310,78.3498,78.3497,1.9089,2.3862,157.1643,0.0000,0.0000,0.0000,170.6218,5.5119,2220.1536
10/12/2020 00:00:00,0.0000,0.9364,20.4062,0.0000,0.0000,0.0000,0.0000,0.0000,31.6667,0.0000,263.7741,37.1565,0.6728,0.3763,0.2490,0.0249,1109.9409,1134.5535,78.0954,78.0954,1.9122,2.3902,156.2369,0.0000,0.0000,0.0000,171.6817,5.5598,2242.4656
11/12/2020 00:00:00,0.0000,0.8581,20.1153,0.0000,0.0000,0.0000,0.0000,0.0000,32.3092,0.0000,262.4804,36.2764,0.6682,0.3917,0.2504,0.0250,1121.2313,1145.2761,77.8410,77.8410,1.9154,2.3943,155.3095,0.0000,0.0000,0.0000,172.7416,5.6077,2264.7776
12/12/2020 00:00:00,0.0000,0.8109,21.8488,0.0000,0.0000,0.0000,0.0000,0.0000,32.9518,0.0000,261.1868,35.3962,0.6636,0.4071,0.2518,0.0252,1132.5217,1155.9986,77.5866,77.5866,1.9186,2.3983,154.3821,0.0000,0.0000,0.0000,173.8015,5.6555,2287.0895
13/12/2020 00:00:00,0.0000,0.7578,22.5469,0.0000,0.0000,0.0000,0.0000,0.0000,33.5944,0.0000,259.8931,34.5161,0.6590,0.4224,0.2532,0.0253,1143.8121,1166.7211,77.3322,77.3322,1.9219,2.4024,153.4547,0.0000,0.0000,0.0000,174.8614,5.7034,2309.4015
14/12/2020 00:00:00,0.0000,0.6961,23.4144,0.0000,0.0000,0.0000,0.0000,0.0000,34.2370,0.0000,258.5994,33.6360,0.6544,0.4378,0.2546,0.0255,1155.1025,1177.4437,77.0778,77.0778,1.9251,2.4064,152.5273,0.0000,0.0000,0.0000,175.9212,5.7513,2331.7134
15/12/2020 00:00:00,0.0000,0.6443,22.9907,0.0000,0.0000,0.0000,0.0000,0.0000,34.8796,0.0000,257.3058,32.7558,0.6498,0.4531,0.2560,0.0256,1166.3929,1188.1662,76.8234,76.8234,1.9284,2.4105,151.5999,0.0000,0.0000,0.0000,176.9811,5.7991,2354.0254
16/12/2020 00:00:00,0.0000,0.6363,21.6772,0.0000,0.0000,0.0000,0.0000,0.0000,35.5222,0.0000,256.0121,31.8757,0.6452,0.4685,0.2574,0.0257,1177.6833,1198.8887,76.5691,76.5690,1.9316,2.4145,150.6725,0.0000,0.0000,0.0000,178.0410,5.8470,2376.3374
17/12/2020 00:00:00,0.0000,0.6269,20.8546,0.0000,0.0000,0.0000,0.0000,0.0000,36.1647,0.0000,254.7185,30.9956,0.6406,0.4839,0.2588,0.0259,1188.9737,1209.6112,76.3147,76.3146,1.9348,2.4186,149.7451,0.0000,0.0000,0.0000,179.1009,5.8949,2398.6493
18/12/2020 00:00:00,0.0000,0.6163,19.8689,0.0000,0.0000,0.0000,0.0000,0.0000,36.8073,0.0000,253.4248,30.1155,0.6359,0.4992,0.2601,0.0260,1200.2641,1220.3338,76.0603,76.0603,1.9381,2.4226,148.8177,0.0000,0.0000,0.0000,180.1608,5.9427,2420.9613
19/12/2020 00:00:00,0.0000,0.6036,20.7193,0.0000,0.0000,0.0000,0.0000,0.0000,37.4499,0.0000,252.1311,29.2353,0.6313,0.5146,0.2615,0.0262,1211.5545,1231.0563,75.8059,75.8059,1.9413,2.4267,147.8903,0.0000,0.0000,0.0000,181.2207,5.9906,2443.2733
20/12/2020 00:00:00,0.0000,0.5917,21.3434,0.0000,0.0000,0.0000,0.0000,0.0000,38.0925,0.0000,250.8375,28.3552,0.6267,0.5299,0.2629,0.0263,1222.8450,1241.7788,75.5515,75.5515,1.9446,2.4307,146.9629,0.0000,0.0000,0.0000,182.2806,6.0385,2465.5852
21/12/2020 00:00:00,0.0000,0.5849,21.1940,0.0000,0.0000,0.0000,0.0000,0.0000,38.7351,0.0000,249.5438,27.4751,0.6221,0.5453,0.2643,0.0264,1234.1354,1252.5014,75.2971,75.2971,1.9478,2.4348,146.0355,0.0000,0.0000,0.0000,183.3405,6.0863,2487.8972
22/12/2020 00:00:00,0.0000,0.5750,20.2396,0.0000,0.0000,0.0000,0.0000,0.0000,39.3777,0.0000,248.2502,26.5950,0.6175,0.5607,0.2657,0.0266,1245.4258,1263.2239,75.0427,75.0427,1.9510,2.4388,145.1081,0.0000,0.0000,0.0000,184.4004,6.1342,2510.2091
23/12/2020 00:00:00,0.0000,0.5520,21.1897,0.0000,0.0000,0.0000,0.0000,0.0000,40.0202,0.0000,246.9565,25.7148,0.6129,0.5760,0.2671,0.0267,1256.7162,1273.9464,74.7883,74.7883,1.9543,2.4429,144.1807,0.0000,0.0000,0.0000,185.4603,6.1821,2532.5211
24/12/2020 00:00:00,0.0000,0.5442,21.4307,0.0000,0.0000,0.0000,0.0000,0.0000,40.6628,0.0000,245.6628,24.8347,0.6083,0.5914,0.2685,0.0268,1268.0066,1284.6690,74.5339,74.5339,1.9575,2.4469,143.2534,0.0000,0.0000,0.0000,186.5202,6.2299,2554.8331
25/12/2020 00:00:00,0.0000,0.5437,21.1968,0.0000,0.0000,0.0000,0.0000,0.0000,41.3054,0.0000,244.3692,23.9546,0.6037,0.6067,0.2699,0.0270,1279.2970,1295.3915,74.2795,74.2796,1.9608,2.4510,142.3260,0.0000,0.0000,0.0000,187.5801,6.2778,2577.1450
26/12/2020 00:00:00,0.0000,0.5343,22.1998,0.0000,0.0000,0.0000,0.0000,0.0000,41.9480,0.0000,243.0755,23.0745,0.5991,0.6221,0.2712,0.0271,1290.5874,1306.1140,74.0251,74.0252,1.9640,2.4550,141.3986,0.0000,0.0000,0.0000,188.6400,6.3257,2599.4570
27/12/2020 00:00:00,0.0000,0.5190,22.4967,0.0000,0.0000,0.0000,0.0000,0.0000,42.5906,0.0000,241.7819,22.1943,0.5945,0.6375,0.2726,0.0273,1301.8778,1316.8365,73.7707,73.7708,1.9672,2.4591,140.4712,0.0000,0.0000,0.0000,189.6999,6.3735,2621.7689
28/12/2020 00:00:00,0.0000,0.5139,19.5122,0.0000,0.0000,0.0000,0.0000,0.0000,43.2331,0.0000,240.4882,21.3142,0.5899,0.6528,0.2740,0.0274,1313.1682,1327.5591,73.5163,73.5164,1.9705,2.4631,139.5438,0.0000,0.0000,0.0000,190.7598,6.4214,2644.0809
29/12/2020 00:00:00,0.0000,0.5160,20.0420,0.0000,0.0000,0.0000,0.0000,0.0000,43.8757,0.0000,239.1945,20.4341,0.5853,0.6682,0.2754,0.0275,1324.4586,1338.2816,73.2620,73.2620,1.9737,2.4672,138.6164,0.0000,0.0000,0.0000,191.8197,6.4693,2666.3929
30/12/2020 00:00:00,0.0000,0.5188,21.3687,0.0000,0.0000,0.0000,0.0000,0.0000,44.5183,0.0000,237.9009,19.5539,0.5806,0.6836,0.2768,0.0277,1335.7490,1349.0041,73.0076,73.0076,1.9770,2.4712,137.6890,0.0000,0.0000,0.0000,192.8796,6.5171,2688.7048
31/12/2020 00:00:00,0.0000,0.5203,21.6457,0.0000,0.0000,0.0000,0.0000,0.0000,45.1609,0.0000,236.6072,18.6738,0.5760,0.6989,0.2782,0.0278,1347.0395,1359.7267,72.7532,72.7532,1.9802,2.4753,136.7616,0.0000,0.0000,0.0000,193.9395,6.5650,2711.0168
01/01/2021 00:00:00,0.0000,0.5203,22.2056,0.0000,0.0000,0.0000,0.0000,0.0000,45.8035,0.0000,235.3136,17.7937,0.5714,0.7143,0.2796,0.0280,1358.3299,1370.4492,72.4988,72.4988,1.9834,2.4793,135.8342,0.0000,0.0000,0.0000,194.9994,6.6129,2733.3288
02/01/2021 00:00:00,0.0000,0.5179,22.5863,0.0000,0.0000,0.0000,0.0000,0.0000,45.6752,0.0000,235.6147,18.0806,0.5645,0.7131,0.2773,0.0277,1357.5271,1359.8944,72.3007,72.3007,1.9635,2.4544,136.9882,0.0000,0.0000,0.0000,196.0363,6.6056,2723.9266
03/01/2021 00:00:00,0.0000,0.5114,22.2585,0.0000,0.0000,0.0000,0.0000,0.0000,45.5466,0.0000,235.9171,18.3676,0.5576,0.7120,0.2751,0.0275,1356.7207,1349.3218,72.1026,72.1027,1.9436,2.4295,138.1441,0.0000,0.0000,0.0000,197.0731,6.5983,2714.5180
04/01/2021 00:00:00,0.0000,0.5046,20.9689,0.0000,0.0000,0.0000,0.0000,0.0000,45.4180,0.0000,236.2195,18.6545,0.5507,0.7108,0.2728,0.0273,1355.9143,1338.7492,71.9046,71.9046,1.9237,2.4046,139.3001,0.0000,0.0000,0.0000,198.1100,6.5911,2705.1094
05/01/2021 00:00:00,0.0000,0.5075,19.1283,0.0000,0.0000,0.0000,0.0000,0.0000,45.2894,0.0000,236.5219,18.9415,0.5438,0.7097,0.2706,0.0271,1355.1078,1328.1766,71.7065,71.7066,1.9037,2.3797,140.4560,0.0000,0.0000,0.0000,199.1469,6.5838,2695.7008
06/01/2021 00:00:00,0.0000,0.5056,18.5830,0.0000,0.0000,0.0000,0.0000,0.0000,45.1607,0.0000,236.8244,19.2285,0.5369,0.7085,0.2683,0.0268,1354.3014,1317.6040,71.5085,71.5085,1.8838,2.3548,141.6120,0.0000,0.0000,0.0000,200.1837,6.5765,2686.2922
07/01/2021 00:00:00,0.0000,0.5034,19.2929,0.0000,0.0000,0.0000,0.0000,0.0000,45.0321,0.0000,237.1268,19.5155,0.5300,0.7074,0.2660,0.0266,1353.4949,1307.0314,71.3104,71.3104,1.8639,2.3299,142.7679,0.0000,0.0000,0.0000,201.2206,6.5692,2676.8836
08/01/2021 00:00:00,0.0000,0.5041,21.1473,0.0000,0.0000,0.0000,0.0000,0.0000,44.9035,0.0000,237.4292,19.8025,0.5230,0.7062,0.2638,0.0264,1352.6885,1296.4588,71.1124,71.1124,1.8440,2.3050,143.9239,0.0000,0.0000,0.0000,202.2574,6.5619,2667.4750
09/01/2021 00:00:00,0.0000,0.5027,22.6136,0.0000,0.0000,0.0000,0.0000,0.0000,44.7749,0.0000,237.7316,20.0895,0.5161,0.7051,0.2615,0.0262,1351.8821,1285.8862,70.9143,70.9143,1.8241,2.2801,145.0798,0.0000,0.0000,0.0000,203.2943,6.5546,2658.0664
10/01/2021 00:00:00,0.0000,0.4992,24.0133,0.0000,0.0000,0.0000,0.0000,0.0000,44.6463,0.0000,238.0340,20.3765,0.5092,0.7039,0.2593,0.0259,1351.0756,1275.3136,70.7163,70.7162,1.8041,2.2552,146.2358,0.0000,0.0000,0.0000,204.3312,6.5474,2648.6578
11/01/2021 00:00:00,0.0000,0.4921,24.1425,0.0000,0.0000,0.0000,0.0000,0.0000,44.5177,0.0000,238.3365,20.6635,0.5023,0.7028,0.2570,0.0257,1350.2692,1264.7410,70.5182,70.5182,1.7842,2.2303,147.3917,0.0000,0.0000,0.0000,205.3680,6.5401,2639.2492
12/01/2021 00:00:00,0.0000,0.4884,22.0306,0.0000,0.0000,0.0000,0.0000,0.0000,44.3891,0.0000,238.6389,20.9505,0.4954,0.7016,0.2548,0.0255,1349.4628,1254.1684,70.3201,70.3201,1.7643,2.2054,148.5477,0.0000,0.0000,0.0000,206.4049,6.5328,2629.8406
13/01/2021 00:00:00,0.0000,0.4894,22.0672,0.0000,0.0000,0.0000,0.0000,0.0000,44.2605,0.0000,238.9413,21.2375,0.4885,0.7005,0.2525,0.0253,1348.6563,1243.5958,70.1221,70.1221,1.7444,2.1804,149.7036,0.0000,0.0000,0.0000,207.4418,6.5255,2620.4320
14/01/2021 00:00:00,0.0000,0.4913,21.4654,0.0000,0.0000,0.0000,0.0000,0.0000,44.1319,0.0000,239.2437,21.5245,0.4816,0.6993,0.2503,0.0250,1347.8499,1233.0232,69.9240,69.9240,1.7244,2.1555,150.8596,0.0000,0.0000,0.0000,208.4786,6.5182,2611.0234
15/01/2021 00:00:00,0.0000,0.4885,19.8486,0.0000,0.0000,0.0000,0.0000,0.0000,44.0032,0.0000,239.5462,21.8115,0.4747,0.6982,0.2480,0.0248,1347.0434,1222.4505,69.7260,69.7259,1.7045,2.1306,152.0155,0.0000,0.0000,0.0000,209.5155,6.5109,2601.6148
16/01/2021 00:00:00,0.0000,0.4888,18.4700,0.0000,0.0000,0.0000,0.0000,0.0000,43.8746,0.0000,239.8486,22.0985,0.4677,0.6970,0.2458,0.0246,1346.2370,1211.8779,69.5279,69.5279,1.6846,2.1057,153.1715,0.0000,0.0000,0.0000,210.5524,6.5036,2592.2062
17/01/2021 00:00:00,0.0000,0.4858,19.1765,0.0000,0.0000,0.0000,0.0000,0.0000,43.7460,0.0000,240.1510,22.3855,0.4608,0.6959,0.2435,0.0243,1345.4306,1201.3053,69.3299,69.3298,1.6647,2.0808,154.3274,0.0000,0.0000,0.0000,211.5892,6.4964,2582.7976
18/01/2021 00:00:00,0.0000,0.4858,19.4588,0.0000,0.0000,0.0000,0.0000,0.0000,43.6174,0.0000,240.4534,22.6725,0.4539,0.6947,0.2412,0.0241,1344.6241,1190.7327,69.1318,69.1317,1.6447,2.0559,155.4834,0.0000,0.0000,0.0000,212.6261,6.4891,2573.3890
19/01/2021 00:00:00,0.0000,0.4871,19.8068,0.0000,0.0000,0.0000,0.0000,0.0000,43.4888,0.0000,240.7558,22.9595,0.4470,0.6935,0.2390,0.0239,1343.8177,1180.1601,68.9338,68.9337,1.6248,2.0310,156.6393,0.0000,0.0000,0.0000,213.6629,6.4818,2563.9804
20/01/2021 00:00:00,0.0000,0.4870,20.8271,0.0000,0.0000,0.0000,0.0000,0.0000,43.3602,0.0000,241.0583,23.2464,0.4401,0.6924,0.2367,0.0237,1343.0112,1169.5875,68.7357,68.7356,1.6049,2.0061,157.7953,0.0000,0.0000,0.0000,214.6998,6.4745,2554.5718
21/01/2021 00:00:00,0.0000,0.4895,22.0081,0.0000,0.0000,0.0000,0.0000,0.0000,43.2316,0.0000,241.3607,23.5334,0.4332,0.6912,0.2345,0.0234,1342.2048,1159.0149,68.5377,68.5376,1.5850,1.9812,158.9512,0.0000,0.0000,0.0000,215.7367,6.4672,2545.1632
22/01/2021 00:00:00,0.0000,0.4863,23.1042,0.0000,0.0000,0.0000,0.0000,0.0000,43.1030,0.0000,241.6631,23.8204,0.4263,0.6901,0.2322,0.0232,1341.3984,1148.4423,68.3396,68.3395,1.5650,1.9563,160.1071,0.0000,0.0000,0.0000,216.7735,6.4599,2535.7546
23/01/2021 00:00:00,0.0000,0.4857,24.1512,0.0000,0.0000,0.0000,0.0000,0.0000,42.9744,0.0000,241.9655,24.1074,0.4194,0.6889,0.2300,0.0230,1340.5919,1137.8697,68.1415,68.1414,1.5451,1.9314,161.2631,0.0000,0.0000,0.0000,217.8104,6.4527,2526.3460
24/01/2021 00:00:00,0.0000,0.4876,24.8290,0.0000,0.0000,0.0000,0.0000,0.0000,42.8457,0.0000,242.2679,24.3944,0.4124,0.6878,0.2277,0.0228,1339.7855,1127.2971,67.9435,67.9434,1.5252,1.9065,162.4190,0.0000,0.0000,0.0000,218.8473,6.4454,2516.9374
25/01/2021 00:00:00,0.0000,0.4847,24.5270,0.0000,0.0000,0.0000,0.0000,0.0000,42.7171,0.0000,242.5704,24.6814,0.4055,0.6866,0.2255,0.0225,1338.9791,1116.7245,67.7454,67.7453,1.5053,1.8816,163.5750,0.0000,0.0000,0.0000,219.8841,6.4381,2507.5288
26/01/2021 00:00:00,0.0000,0.4831,23.2125,0.0000,0.0000,0.0000,0.0000,0.0000,42.5885,0.0000,242.8728,24.9684,0.3986,0.6855,0.2232,0.0223,1338.1726,1106.1519,67.5474,67.5472,1.4854,1.8567,164.7309,0.0000,0.0000,0.0000,220.9210,6.4308,2498.1202
27/01/2021 00:00:00,0.0000,0.4857,21.7354,0.0000,0.0000,0.0000,0.0000,0.0000,42.4599,0.0000,243.1752,25.2554,0.3917,0.6843,0.2210,0.0221,1337.3662,1095.5793,67.3493,67.3492,1.4654,1.8318,165.8869,0.0000,0.0000,0.0000,221.9579,6.4235,2488.7116
28/01/2021 00:00:00,0.0000,0.4846,22.2500,0.0000,0.0000,0.0000,0.0000,0.0000,42.3313,0.0000,243.4776,25.5424,0.3848,0.6832,0.2187,0.0219,1336.5597,1085.0067,67.1513,67.1511,1.4455,1.8069,167.0428,0.0000,0.0000,0.0000,222.9947,6.4162,2479.3030
29/01/2021 00:00:00,0.0000,0.4818,22.6523,0.0000,0.0000,0.0000,0.0000,0.0000,42.2027,0.0000,243.7801,25.8294,0.3779,0.6820,0.2164,0.0216,1335.7533,1074.4341,66.9532,66.9530,1.4256,1.7820,168.1988,0.0000,0.0000,0.0000,224.0316,6.4090,2469.8944
30/01/2021 00:00:00,0.0000,0.4822,21.8400,0.0000,0.0000,0.0000,0.0000,0.0000,42.0741,0.0000,244.0825,26.1164,0.3710,0.6809,0.2142,0.0214,1334.9469,1063.8615,66.7552,66.7550,1.4057,1.7571,169.3547,0.0000,0.0000,0.0000,225.0684,6.4017,2460.4858
31/01/2021 00:00:00,0.0000,0.4830,21.4255,0.0000,0.0000,0.0000,0.0000,0.0000,41.9455,0.0000,244.3849,26.4034,0.3641,0.6797,0.2119,0.0212,1334.1404,1053.2889,66.5571,66.5569,1.3857,1.7322,170.5107,0.0000,0.0000,0.0000,226.1053,6.3944,2451.0772
01/02/2021 00:00:00,0.0000,0.4838,21.5321,0.0000,0.0000,0.0000,0.0000,0.0000,41.8168,0.0000,244.6873,26.6904,0.3571,0.6786,0.2097,0.0210,1333.3340,1042.7162,66.3590,66.3589,1.3658,1.7073,171.6666,0.0000,0.0000,0.0000,227.1422,6.3871,2441.6686
02/02/2021 00:00:00,0.0000,0.4825,20.3565,0.0000,0.0000,0.0000,0.0000,0.0000,41.6882,0.0000,245.0312,26.6268,0.3571,0.6709,0.2068,0.0207,1330.7572,1040.3111,66.6900,66.6903,1.3906,1.7382,171.4871,0.0000,0.0000,0.0000,226.5119,6.3703,2436.2811
03/02/2021 00:00:00,0.0000,0.4837,20.2600,0.0000,0.0000,0.0000,0.0000,0.0000,41.5596,0.0000,245.3750,26.5633,0.3571,0.6633,0.2039,0.0204,1328.1789,1037.9121,67.0215,67.0218,1.4154,1.7692,171.3076,0.0000,0.0000,0.0000,225.8804,6.3536,2430.8943
04/02/2021 00:00:00,0.0000,0.4843,20.5298,0.0000,0.0000,0.0000,0.0000,0.0000,41.4310,0.0000,245.7189,26.4998,0.3571,0.6556,0.2010,0.0201,1325.6006,1035.5131,67.3530,67.3533,1.4401,1.8002,171.1280,0.0000,0.0000,0.0000,225.2490,6.3368,2425.5076
05/02/2021 00:00:00,0.0000,0.4798,18.7763,0.0000,0.0000,0.0000,0.0000,0.0000,41.3024,0.0000,246.0628,26.4362,0.3571,0.6480,0.1982,0.0198,1323.0223,1033.1141,67.6845,67.6848,1.4649,1.8311,170.9484,0.0000,0.0000,0.0000,224.6176,6.3201,2420.1209
06/02/2021 00:00:00,0.0000,1.4702,18.6261,0.0000,0.0000,0.0000,0.0000,0.0000,41.1738,0.0000,246.4066,26.3727,0.3571,0.6403,0.1953,0.0195,1320.4440,1030.7150,68.0160,68.0163,1.4897,1.8621,170.7689,0.0000,0.0000,0.0000,223.9862,6.3033,2414.7341
07/02/2021 00:00:00,0.0000,0.5738,18.9188,0.0000,0.0000,0.0000,0.0000,0.0000,41.0452,0.0000,246.7505,26.3091,0.3571,0.6327,0.1924,0.0192,1317.8658,1028.3160,68.3475,68.3478,1.5144,1.8930,170.5893,0.0000,0.0000,0.0000,223.3548,6.2866,2409.3474
08/02/2021 00:00:00,0.0000,0.5637,18.9716,0.0000,0.0000,0.0000,0.0000,0.0000,40.9166,0.0000,247.0944,26.2456,0.3571,0.6250,0.1895,0.0190,1315.2875,1025.9170,68.6790,68.6793,1.5392,1.9240,170.4098,0.0000,0.0000,0.0000,222.7234,6.2698,2403.9606
09/02/2021 00:00:00,0.0000,0.5480,19.9341,0.0000,0.0000,0.0000,0.0000,0.0000,40.7880,0.0000,247.4382,26.1820,0.3571,0.6173,0.1866,0.0187,1312.7092,1023.5180,69.0105,69.0108,1.5640,1.9550,170.2302,0.0000,0.0000,0.0000,222.0920,6.2531,2398.5739
10/02/2021 00:00:00,0.0000,0.5356,20.8247,0.0000,0.0000,0.0000,0.0000,0.0000,40.6593,0.0000,247.7821,26.1185,0.3571,0.6097,0.1838,0.0184,1310.1309,1021.1190,69.3420,69.3422,1.5887,1.9859,170.0507,0.0000,0.0000,0.0000,221.4606,6.2363,2393.1872
11/02/2021 00:00:00,0.0000,0.5247,22.1029,0.0000,0.0000,0.0000,0.0000,0.0000,40.5307,0.0000,248.1259,26.0549,0.3571,0.6020,0.1809,0.0181,1307.5526,1018.7199,69.6735,69.6737,1.6135,2.0169,169.8711,0.0000,0.0000,0.0000,220.8291,6.2196,2387.8004
12/02/2021 00:00:00,0.0000,0.5093,20.9598,0.0000,0.0000,0.0000,0.0000,0.0000,40.4021,0.0000,248.4698,25.9914,0.3571,0.5944,0.1780,0.0178,1304.9744,1016.3209,70.0050,70.0052,1.6383,2.0478,169.6915,0.0000,0.0000,0.0000,220.1977,6.2028,2382.4137
13/02/2021 00:00:00,0.0000,0.5031,20.7954,0.0000,0.0000,0.0000,0.0000,0.0000,40.2735,0.0000,248.8137,25.9278,0.3571,0.5867,0.1751,0.0175,1302.3961,1013.9219,70.3365,70.3367,1.6630,2.0788,169.5120,0.0000,0.0000,0.0000,219.5663,6.1861,2377.0270
14/02/2021 00:00:00,0.0000,0.5023,20.7805,0.0000,0.0000,0.0000,0.0000,0.0000,40.1449,0.0000,249.1575,25.8643,0.3571,0.5791,0.1722,0.0172,1299.8178,1011.5229,70.6680,70.6682,1.6878,2.1098,169.3324,0.0000,0.0000,0.0000,218.9349,6.1693,2371.6402
15/02/2021 00:00:00,0.0000,0.5037,21.0032,0.0000,0.0000,0.0000,0.0000,0.0000,40.0163,0.0000,249.5014,25.8007,0.3571,0.5714,0.1694,0.0169,1297.2395,1009.1239,70.9995,70.9997,1.7126,2.1407,169.1529,0.0000,0.0000,0.0000,218.3035,6.1526,2366.2535
16/02/2021 00:00:00,0.0000,0.5023,21.9778,0.0000,0.0000,0.0000,0.0000,0.0000,39.8877,0.0000,249.8453,25.7372,0.3571,0.5638,0.1665,0.0166,1294.6613,1006.7249,71.3310,71.3312,1.7374,2.1717,168.9733,0.0000,0.0000,0.0000,217.6721,6.1358,2360.8668
17/02/2021 00:00:00,0.0000,0.5009,24.0916,0.0000,0.0000,0.0000,0.0000,0.0000,39.7591,0.0000,250.1891,25.6736,0.3571,0.5561,0.1636,0.0164,1292.0830,1004.3258,71.6625,71.6627,1.7621,2.2027,168.7938,0.0000,0.0000,0.0000,217.0407,6.1191,2355.4800
18/02/2021 00:00:00,0.0000,0.4998,24.8835,0.0000,0.0000,0.0000,0.0000,0.0000,39.6305,0.0000,250.5330,25.6101,0.3571,0.5485,0.1607,0.0161,1289.5047,1001.9268,71.9940,71.9942,1.7869,2.2336,168.6142,0.0000,0.0000,0.0000,216.4093,6.1023,2350.0933
19/02/2021 00:00:00,0.0000,0.4984,24.0999,0.0000,0.0000,0.0000,0.0000,0.0000,39.5018,0.0000,250.8769,25.5465,0.3571,0.5408,0.1578,0.0158,1286.9264,999.5278,72.3255,72.3256,1.8117,2.2646,168.4346,0.0000,0.0000,0.0000,215.7779,6.0855,2344.7066
20/02/2021 00:00:00,0.0000,0.4955,22.6584,0.0000,0.0000,0.0000,0.0000,0.0000,39.3732,0.0000,251.2207,25.4830,0.3571,0.5332,0.1550,0.0155,1284.3481,997.1288,72.6570,72.6571,1.8364,2.2955,168.2551,0.0000,0.0000,0.0000,215.1464,6.0688,2339.3198
21/02/2021 00:00:00,0.0000,0.4968,21.7354,0.0000,0.0000,0.0000,0.0000,0.0000,39.2446,0.0000,251.5646,25.4194,0.3571,0.5255,0.1521,0.0152,1281.7699,994.7298,72.9885,72.9886,1.8612,2.3265,168.0755,0.0000,0.0000,0.0000,214.5150,6.0520,2333.9331
22/02/2021 00:00:00,0.0000,0.4932,20.6809,0.0000,0.0000,0.0000,0.0000,0.0000,39.1160,0.0000,251.9085,25.3559,0.3571,0.5179,0.1492,0.0149,1279.1916,992.3307,73.3200,73.3201,1.8860,2.3575,167.8960,0.0000,0.0000,0.0000,213.8836,6.0353,2328.5463
23/02/2021 00:00:00,0.0000,0.4962,19.3008,0.0000,0.0000,0.0000,0.0000,0.0000,38.9874,0.0000,252.2523,25.2923,0.3571,0.5102,0.1463,0.0146,1276.6133,989.9317,73.6515,73.6516,1.9107,2.3884,167.7164,0.0000,0.0000,0.0000,213.2522,6.0185,2323.1596
24/02/2021 00:00:00,0.0000,0.4963,19.1233,0.0000,0.0000,0.0000,0.0000,0.0000,38.8588,0.0000,252.5962,25.2288,0.3571,0.5026,0.1434,0.0143,1274.0350,987.5327,73.9830,73.9831,1.9355,2.4194,167.5368,0.0000,0.0000,0.0000,212.6208,6.0018,2317.7729
25/02/2021 00:00:00,0.0000,0.4918,19.4184,0.0000,0.0000,0.0000,0.0000,0.0000,38.7302,0.0000,252.9401,25.1652,0.3571,0.4949,0.1406,0.0141,1271.4568,985.1337,74.3145,74.3146,1.9603,2.4503,167.3573,0.0000,0.0000,0.0000,211.9894,5.9850,2312.3861
26/02/2021 00:00:00,0.0000,0.4875,19.8617,0.0000,0.0000,0.0000,0.0000,0.0000,38.6016,0.0000,253.2839,25.1017,0.3571,0.4872,0.1377,0.0138,1268.8785,982.7347,74.6460,74.6461,1.9850,2.4813,167.1777,0.0000,0.0000,0.0000,211.3580,5.9683,2306.9994
27/02/2021 00:00:00,0.0000,0.4876,20.2209,0.0000,0.0000,0.0000,0.0000,0.0000,38.4730,0.0000,253.6278,25.0381,0.3571,0.4796,0.1348,0.0135,1266.3002,980.3357,74.9775,74.9776,2.0098,2.5123,166.9982,0.0000,0.0000,0.0000,210.7266,5.9515,2301.6127
28/02/2021 00:00:00,0.0000,0.4892,20.7348,0.0000,0.0000,0.0000,0.0000,0.0000,38.3443,0.0000,253.9717,24.9746,0.3571,0.4719,0.1319,0.0132,1263.7219,977.9366,75.3090,75.3091,2.0346,2.5432,166.8186,0.0000,0.0000,0.0000,210.0951,5.9348,2296.2259
01/03/2021 00:00:00,0.0000,0.4858,20.6056,0.0000,0.0000,0.0000,0.0000,0.0000,38.2157,0.0000,254.3155,24.9111,0.3571,0.4643,0.1290,0.0129,1261.1436,975.5376,75.6405,75.6405,2.0594,2.5742,166.6391,0.0000,0.0000,0.0000,209.4637,5.9180,2290.8392
02/03/2021 00:00:00,0.0000,0.4861,19.3603,0.0000,0.0000,0.0000,0.0000,0.0000,38.0871,0.0000,254.6594,25.4466,0.3571,0.4639,0.1308,0.0131,1258.5654,973.1386,75.2723,75.2722,2.0418,2.5523,166.4595,0.0000,0.0000,0.0000,208.8323,5.9013,2285.4525
03/03/2021 00:00:00,0.0000,0.4992,18.3628,0.0000,0.0000,0.0000,0.0000,0.0000,37.9585,0.0000,255.0033,25.9823,0.3571,0.4635,0.1325,0.0133,1255.9871,970.7396,74.9035,74.9034,2.0243,2.5304,166.2799,0.0000,0.0000,0.0000,208.2009,5.8845,2280.0657
04/03/2021 00:00:00,0.0000,0.4961,18.5548,0.0000,0.0000,0.0000,0.0000,0.0000,37.8299,0.0000,255.3471,26.5180,0.3571,0.4631,0.1342,0.0134,1253.4088,968.3406,74.5347,74.5346,2.0068,2.5085,166.1004,0.0000,0.0000,0.0000,207.5695,5.8678,2274.6790
05/03/2021 00:00:00,0.0000,0.5051,19.5259,0.0000,0.0000,0.0000,0.0000,0.0000,37.7013,0.0000,255.6910,27.0537,0.3571,0.4627,0.1360,0.0136,1250.8305,965.9415,74.1659,74.1658,1.9893,2.4866,165.9208,0.0000,0.0000,0.0000,206.9381,5.8510,2269.2923
06/03/2021 00:00:00,0.0000,0.5076,19.1774,0.0000,0.0000,0.0000,0.0000,0.0000,37.5727,0.0000,256.0348,27.5894,0.3571,0.4624,0.1377,0.0138,1248.2523,963.5425,73.7971,73.7970,1.9718,2.4647,165.7413,0.0000,0.0000,0.0000,206.3067,5.8343,2263.9055
07/03/2021 00:00:00,0.0000,0.5109,19.6518,0.0000,0.0000,0.0000,0.0000,0.0000,37.4441,0.0000,256.3787,28.1251,0.3571,0.4620,0.1394,0.0139,1245.6740,961.1435,73.4283,73.4283,1.9543,2.4428,165.5617,0.0000,0.0000,0.0000,205.6753,5.8175,2258.5188
08/03/2021 00:00:00,0.0000,0.5147,19.9679,0.0000,0.0000,0.0000,0.0000,0.0000,37.3154,0.0000,256.7226,28.6608,0.3571,0.4616,0.1412,0.0141,1243.0957,958.7445,73.0595,73.0595,1.9367,2.4209,165.3822,0.0000,0.0000,0.0000,205.0438,5.8008,2253.1321
09/03/2021 00:00:00,0.0000,0.5138,19.8180,0.0000,0.0000,0.0000,0.0000,0.0000,37.1868,0.0000,257.0664,29.1966,0.3571,0.4612,0.1429,0.0143,1240.5174,956.3455,72.6907,72.6907,1.9192,2.3990,165.2026,0.0000,0.0000,0.0000,204.4124,5.7840,2247.7453
10/03/2021 00:00:00,0.0000,0.5188,19.7208,0.0000,0.0000,0.0000,0.0000,0.0000,37.0582,0.0000,257.4103,29.7323,0.3571,0.4608,0.1446,0.0145,1237.9391,953.9465,72.3219,72.3219,1.9017,2.3771,165.0230,0.0000,0.0000,0.0000,203.7810,5.7672,2242.3586
11/03/2021 00:00:00,0.0000,0.5164,20.7511,0.0000,0.0000,0.0000,0.0000,0.0000,36.9296,0.0000,257.7542,30.2680,0.3571,0.4604,0.1464,0.0146,1235.3609,951.5474,71.9531,71.9531,1.8842,2.3552,164.8435,0.0000,0.0000,0.0000,203.1496,5.7505,2236.9718
12/03/2021 00:00:00,0.0000,0.5129,21.6575,0.0000,0.0000,0.0000,0.0000,0.0000,36.8010,0.0000,258.0980,30.8037,0.3571,0.4601,0.1481,0.0148,1232.7826,949.1484,71.5843,71.5843,1.8667,2.3333,164.6639,0.0000,0.0000,0.0000,202.5182,5.7337,2231.5851
13/03/2021 00:00:00,0.0000,0.5081,20.7586,0.0000,0.0000,0.0000,0.0000,0.0000,36.6724,0.0000,258.4419,31.3394,0.3571,0.4597,0.1498,0.0150,1230.2043,946.7494,71.2155,71.2155,1.8492,2.3114,164.4844,0.0000,0.0000,0.0000,201.8868,5.7170,2226.1984
14/03/2021 00:00:00,0.0000,0.5267,18.1474,0.0000,0.0000,0.0000,0.0000,0.0000,36.5438,0.0000,258.7858,31.8751,0.3571,0.4593,0.1516,0.0152,1227.6260,944.3504,70.8467,70.8467,1.8316,2.2896,164.3048,0.0000,0.0000,0.0000,201.2554,5.7002,2220.8116
15/03/2021 00:00:00,0.0000,0.5258,18.6614,0.0000,0.0000,0.0000,0.0000,0.0000,36.4152,0.0000,259.1296,32.4108,0.3571,0.4589,0.1533,0.0153,1225.0478,941.9514,70.4779,70.4779,1.8141,2.2677,164.1253,0.0000,0.0000,0.0000,200.6240,5.6835,2215.4249
16/03/2021 00:00:00,0.0000,0.5158,19.5688,0.0000,0.0000,0.0000,0.0000,0.0000,36.2866,0.0000,259.4735,32.9465,0.3571,0.4585,0.1550,0.0155,1222.4695,939.5523,70.1091,70.1091,1.7966,2.2458,163.9457,0.0000,0.0000,0.0000,199.9925,5.6667,2210.0382
17/03/2021 00:00:00,0.0000,0.5085,20.2047,0.0000,0.0000,0.0000,0.0000,0.0000,36.1579,0.0000,259.8174,33.4822,0.3571,0.4581,0.1568,0.0157,1219.8912,937.1533,69.7404,69.7403,1.7791,2.2239,163.7661,0.0000,0.0000,0.0000,199.3611,5.6500,2204.6514
18/03/2021 00:00:00,0.0000,0.5027,21.0882,0.0000,0.0000,0.0000,0.0000,0.0000,36.0293,0.0000,260.1612,34.0180,0.3571,0.4578,0.1585,0.0159,1217.3129,934.7543,69.3716,69.3715,1.7616,2.2020,163.5866,0.0000,0.0000,0.0000,198.7297,5.6332,2199.2647
19/03/2021 00:00:00,0.0000,0.4976,21.7138,0.0000,0.0000,0.0000,0.0000,0.0000,35.9007,0.0000,260.5051,34.5537,0.3571,0.4574,0.1602,0.0160,1214.7346,932.3553,69.0028,69.0027,1.7441,2.1801,163.4070,0.0000,0.0000,0.0000,198.0983,5.6165,2193.8780
20/03/2021 00:00:00,0.0000,0.4974,22.1235,0.0000,0.0000,0.0000,0.0000,0.0000,35.7721,0.0000,260.8490,35.0894,0.3571,0.4570,0.1620,0.0162,1212.1564,929.9563,68.6340,68.6339,1.7265,2.1582,163.2275,0.0000,0.0000,0.0000,197.4669,5.5997,2188.4912
21/03/2021 00:00:00,0.0000,0.4989,22.3821,0.0000,0.0000,0.0000,0.0000,0.0000,35.6435,0.0000,261.1928,35.6251,0.3571,0.4566,0.1637,0.0164,1209.5781,927.5573,68.2652,68.2651,1.7090,2.1363,163.0479,0.0000,0.0000,0.0000,196.8355,5.5830,2183.1045
22/03/2021 00:00:00,0.0000,0.5157,22.7134,0.0000,0.0000,0.0000,0.0000,0.0000,35.5149,0.0000,261.5367,36.1608,0.3571,0.4562,0.1655,0.0165,1206.9998,925.1582,67.8964,67.8963,1.6915,2.1144,162.8683,0.0000,0.0000,0.0000,196.2041,5.5662,2177.7178
23/03/2021 00:00:00,0.0000,0.6291,22.2281,0.0000,0.0000,0.0000,0.0000,0.0000,35.3863,0.0000,261.8806,36.6965,0.3571,0.4558,0.1672,0.0167,1204.4215,922.7592,67.5276,67.5275,1.6740,2.0925,162.6888,0.0000,0.0000,0.0000,195.5727,5.5495,2172.3310
24/03/2021 00:00:00,0.0000,0.4967,20.7736,0.0000,0.0000,0.0000,0.0000,0.0000,35.2577,0.0000,262.2244,37.2322,0.3571,0.4555,0.1689,0.0169,1201.8432,920.3602,67.1588,67.1587,1.6565,2.0706,162.5092,0.0000,0.0000,0.0000,194.9413,5.5327,2166.9443
25/03/2021 00:00:00,0.0000,1.1063,19.7186,0.0000,0.0000,0.0000,0.0000,0.0000,35.1291,0.0000,262.5683,37.7679,0.3571,0.4551,0.1707,0.0171,1199.2650,917.9612,66.7900,66.7899,1.6390,2.0487,162.3297,0.0000,0.0000,0.0000,194.3098,5.5160,2161.5575
26/03/2021 00:00:00,0.0000,0.7909,19.0376,0.0000,0.0000,0.0000,0.0000,0.0000,35.0004,0.0000,262.9122,38.3036,0.3571,0.4547,0.1724,0.0172,1196.6867,915.5622,66.4212,66.4211,1.6214,2.0268,162.1501,0.0000,0.0000,0.0000,193.6784,5.4992,2156.1708
27/03/2021 00:00:00,0.0000,0.7211,18.8708,0.0000,0.0000,0.0000,0.0000,0.0000,34.8718,0.0000,263.2560,38.8393,0.3571,0.4543,0.1741,0.0174,1194.1084,913.1631,66.0524,66.0523,1.6039,2.0049,161.9706,0.0000,0.0000,0.0000,193.0470,5.4824,2150.7841
28/03/2021 00:00:00,0.0000,0.6425,18.9546,0.0000,0.0000,0.0000,0.0000,0.0000,34.7432,0.0000,263.5999,39.3751,0.3571,0.4539,0.1759,0.0176,1191.5301,910.7641,65.6836,65.6835,1.5864,1.9830,161.7910,0.0000,0.0000,0.0000,192.4156,5.4657,2145.3973
29/03/2021 00:00:00,0.0000,0.5959,19.6773,0.0000,0.0000,0.0000,0.0000,0.0000,34.6146,0.0000,263.9437,39.9108,0.3571,0.4535,0.1776,0.0178,1188.9519,908.3651,65.3148,65.3147,1.5689,1.9611,161.6114,0.0000,0.0000,0.0000,191.7842,5.4489,2140.0106
30/03/2021 00:00:00,0.0000,0.5741,20.0901,0.0000,0.0000,0.0000,0.0000,0.0000,34.4860,0.0000,264.2876,40.4465,0.3571,0.4531,0.1793,0.0179,1186.3736,905.9661,64.9460,64.9459,1.5514,1.9392,161.4319,0.0000,0.0000,0.0000,191.1528,5.4322,2134.6239
31/03/2021 00:00:00,0.0000,0.5623,20.6051,0.0000,0.0000,0.0000,0.0000,0.0000,34.3574,0.0000,264.6315,40.9822,0.3571,0.4528,0.1811,0.0181,1183.7953,903.5671,64.5772,64.5771,1.5339,1.9173,161.2523,0.0000,0.0000,0.0000,190.5214,5.4154,2129.2371
01/04/2021 00:00:00,0.0000,0.5489,21.0602,0.0000,0.0000,0.0000,0.0000,0.0000,34.2288,0.0000,264.9753,41.5179,0.3571,0.4524,0.1828,0.0183,1181.2170,901.1681,64.2084,64.2083,1.5163,1.8954,161.0728,0.0000,0.0000,0.0000,189.8900,5.3987,2123.8504
02/04/2021 00:00:00,0.0000,0.5375,21.4384,0.0000,0.0000,0.0000,0.0000,0.0000,34.1002,0.0000,265.3192,44.4616,0.3571,0.5396,0.2004,0.0200,1178.6387,898.7690,64.1542,64.1542,1.5199,1.8999,160.8932,0.0000,0.0000,0.0000,189.2585,5.3819,2118.4637
03/04/2021 00:00:00,0.0000,0.5310,21.7388,0.0000,0.0000,0.0000,0.0000,0.0000,33.9716,0.0000,265.6631,47.4075,0.3571,0.6269,0.2179,0.0218,1176.0605,896.3700,64.1001,64.1000,1.5235,1.9043,160.7137,0.0000,0.0000,0.0000,188.6271,5.3652,2113.0769
04/04/2021 00:00:00,0.0000,0.5278,21.6894,0.0000,0.0000,0.0000,0.0000,0.0000,33.8429,0.0000,266.0069,50.3534,0.3571,0.7142,0.2355,0.0235,1173.4822,893.9710,64.0459,64.0459,1.5270,1.9088,160.5341,0.0000,0.0000,0.0000,187.9957,5.3484,2107.6902
05/04/2021 00:00:00,0.0000,0.5156,20.9335,0.0000,0.0000,0.0000,0.0000,0.0000,33.7143,0.0000,266.3508,53.2993,0.3571,0.8015,0.2530,0.0253,1170.9039,891.5720,63.9918,63.9918,1.5306,1.9132,160.3545,0.0000,0.0000,0.0000,187.3643,5.3317,2102.3035
06/04/2021 00:00:00,0.0000,0.5194,20.0636,0.0000,0.0000,0.0000,0.0000,0.0000,33.5857,0.0000,266.6947,56.2452,0.3571,0.8888,0.2706,0.0271,1168.3256,889.1730,63.9376,63.9376,1.5342,1.9177,160.1750,0.0000,0.0000,0.0000,186.7329,5.3149,2096.9167
07/04/2021 00:00:00,0.0000,0.5213,20.0883,0.0000,0.0000,0.0000,0.0000,0.0000,33.4571,0.0000,267.0385,59.1911,0.3571,0.9761,0.2882,0.0288,1165.7474,886.7739,63.8835,63.8835,1.5377,1.9222,159.9954,0.0000,0.0000,0.0000,186.1015,5.2982,2091.5300
08/04/2021 00:00:00,0.0000,0.5149,19.8457,0.0000,0.0000,0.0000,0.0000,0.0000,33.3285,0.0000,267.3824,62.1370,0.3571,1.0634,0.3057,0.0306,1163.1691,884.3749,63.8294,63.8293,1.5413,1.9266,159.8159,0.0000,0.0000,0.0000,185.4701,5.2814,2086.1432
09/04/2021 00:00:00,0.0000,0.5066,19.1277,0.0000,0.0000,0.0000,0.0000,0.0000,33.1999,0.0000,267.7263,65.0829,0.3571,1.1507,0.3233,0.0323,1160.5908,881.9759,63.7752,63.7752,1.5448,1.9311,159.6363,0.0000,0.0000,0.0000,184.8387,5.2647,2080.7565
10/04/2021 00:00:00,0.0000,0.5172,17.6289,0.0000,0.0000,0.0000,0.0000,0.0000,33.0713,0.0000,268.0701,68.0288,0.3571,1.2380,0.3409,0.0341,1158.0125,879.5769,63.7211,63.7211,1.5484,1.9355,159.4568,0.0000,0.0000,0.0000,184.2072,5.2479,2075.3698
11/04/2021 00:00:00,0.0000,1.5741,15.2415,0.0000,0.0000,0.0000,0.0000,0.0000,32.9427,0.0000,268.4140,70.9747,0.3571,1.3253,0.3584,0.0358,1155.4342,877.1779,63.6669,63.6669,1.5520,1.9400,159.2772,0.0000,0.0000,0.0000,183.5758,5.2312,2069.9830
12/04/2021 00:00:00,0.0000,2.5386,15.4062,0.0000,0.0000,0.0000,0.0000,0.0000,32.8140,0.0000,268.7579,73.9206,0.3571,1.4126,0.3760,0.0376,1152.8560,874.7789,63.6128,63.6128,1.5555,1.9444,159.0976,0.0000,0.0000,0.0000,182.9444,5.2144,2064.5963
13/04/2021 00:00:00,0.0000,1.5693,14.8158,0.0000,0.0000,0.0000,0.0000,0.0000,32.6854,0.0000,269.1017,76.8665,0.3571,1.4999,0.3935,0.0394,1150.2777,872.3798,63.5587,63.5587,1.5591,1.9489,158.9181,0.0000,0.0000,0.0000,182.3130,5.1977,2059.2096
14/04/2021 00:00:00,0.0000,2.5076,15.4739,0.0000,0.0000,0.0000,0.0000,0.0000,32.5568,0.0000,269.4456,79.8124,0.3571,1.5872,0.4111,0.0411,1147.6994,869.9808,63.5045,63.5045,1.5627,1.9533,158.7385,0.0000,0.0000,0.0000,181.6816,5.1809,2053.8228
15/04/2021 00:00:00,0.0000,4.9823,16.5367,0.0000,0.0000,0.0000,0.0000,0.0000,32.4282,0.0000,269.7895,82.7583,0.3571,1.6745,0.4287,0.0429,1145.1211,867.5818,63.4504,63.4504,1.5662,1.9578,158.5590,0.0000,0.0000,0.0000,181.0502,5.1641,2048.4361
16/04/2021 00:00:00,0.0000,5.3461,17.1252,0.0000,0.0000,0.0000,0.0000,0.0000,32.2996,0.0000,270.1333,85.7042,0.3571,1.7618,0.4462,0.0446,1142.5429,865.1828,63.3963,63.3962,1.5698,1.9622,158.3794,0.0000,0.0000,0.0000,180.4188,5.1474,2043.0494
17/04/2021 00:00:00,0.0000,4.8787,17.0254,0.0000,0.0000,0.0000,0.0000,0.0000,32.1710,0.0000,270.4772,88.6501,0.3571,1.8491,0.4638,0.0464,1139.9646,862.7838,63.3421,63.3421,1.5733,1.9667,158.1998,0.0000,0.0000,0.0000,179.7874,5.1306,2037.6626
18/04/2021 00:00:00,0.0000,3.6958,17.0894,0.0000,0.0000,0.0000,0.0000,0.0000,32.0424,0.0000,270.8210,91.5960,0.3571,1.9364,0.4814,0.0481,1137.3863,860.3847,63.2880,63.2880,1.5769,1.9711,158.0203,0.0000,0.0000,0.0000,179.1559,5.1139,2032.2759
19/04/2021 00:00:00,0.0000,3.0370,17.2654,0.0000,0.0000,0.0000,0.0000,0.0000,31.9138,0.0000,271.1649,94.5419,0.3571,2.0237,0.4989,0.0499,1134.8080,857.9857,63.2338,63.2338,1.5805,1.9756,157.8407,0.0000,0.0000,0.0000,178.5245,5.0971,2026.8892
20/04/2021 00:00:00,0.0000,2.8720,16.2444,0.0000,0.0000,0.0000,0.0000,0.0000,31.7852,0.0000,271.5088,97.4878,0.3571,2.1110,0.5165,0.0516,1132.2297,855.5867,63.1797,63.1797,1.5840,1.9800,157.6612,0.0000,0.0000,0.0000,177.8931,5.0804,2021.5024
21/04/2021 00:00:00,0.0000,3.2426,14.8258,0.0000,0.0000,0.0000,0.0000,0.0000,31.6565,0.0000,271.8526,100.4337,0.3571,2.1983,0.5340,0.0534,1129.6515,853.1877,63.1256,63.1255,1.5876,1.9845,157.4816,0.0000,0.0000,0.0000,177.2617,5.0636,2016.1157
22/04/2021 00:00:00,0.0000,1.5757,14.5149,0.0000,0.0000,0.0000,0.0000,0.0000,31.5279,0.0000,272.1965,103.3796,0.3571,2.2857,0.5516,0.0552,1127.0732,850.7887,63.0714,63.0714,1.5912,1.9889,157.3021,0.0000,0.0000,0.0000,176.6303,5.0469,2010.7289
23/04/2021 00:00:00,0.0000,5.0883,15.3368,0.0000,0.0000,0.0000,0.0000,0.0000,31.3993,0.0000,272.5404,106.3255,0.3571,2.3730,0.5692,0.0569,1124.4949,848.3896,63.0173,63.0173,1.5947,1.9934,157.1225,0.0000,0.0000,0.0000,175.9989,5.0301,2005.3422
24/04/2021 00:00:00,0.0000,2.5739,15.9759,0.0000,0.0000,0.0000,0.0000,0.0000,31.2707,0.0000,272.8842,109.2714,0.3571,2.4603,0.5867,0.0587,1121.9166,845.9906,62.9631,62.9631,1.5983,1.9979,156.9429,0.0000,0.0000,0.0000,175.3675,5.0134,1999.9555
25/04/2021 00:00:00,0.0000,1.5256,16.5429,0.0000,0.0000,0.0000,0.0000,0.0000,31.1421,0.0000,273.2281,112.2173,0.3571,2.5476,0.6043,0.0604,1119.3384,843.5916,62.9090,62.9090,1.6018,2.0023,156.7634,0.0000,0.0000,0.0000,174.7361,4.9966,1994.5687
26/04/2021 00:00:00,0.0000,1.2917,16.9963,0.0000,0.0000,0.0000,0.0000,0.0000,31.0135,0.0000,273.5720,115.1632,0.3571,2.6349,0.6219,0.0622,1116.7601,841.1926,62.8549,62.8549,1.6054,2.0068,156.5838,0.0000,0.0000,0.0000,174.1047,4.9799,1989.1820
27/04/2021 00:00:00,0.0000,1.1929,16.4116,0.0000,0.0000,0.0000,0.0000,0.0000,30.8849,0.0000,273.9158,118.1091,0.3571,2.7222,0.6394,0.0639,1114.1818,838.7936,62.8007,62.8007,1.6090,2.0112,156.4043,0.0000,0.0000,0.0000,173.4732,4.9631,1983.7953
28/04/2021 00:00:00,0.0000,0.9645,16.8356,0.0000,0.0000,0.0000,0.0000,0.0000,30.7563,0.0000,274.2597,121.0550,0.3571,2.8095,0.6570,0.0657,1111.6035,836.3946,62.7466,62.7466,1.6125,2.0157,156.2247,0.0000,0.0000,0.0000,172.8418,4.9464,1978.4085
29/04/2021 00:00:00,0.0000,0.8101,16.6587,0.0000,0.0000,0.0000,0.0000,0.0000,30.6277,0.0000,274.6036,124.0009,0.3571,2.8968,0.6745,0.0675,1109.0252,833.9955,62.6925,62.6924,1.6161,2.0201,156.0452,0.0000,0.0000,0.0000,172.2104,4.9296,1973.0218
30/04/2021 00:00:00,0.0000,0.8081,17.1352,0.0000,0.0000,0.0000,0.0000,0.0000,30.4990,0.0000,274.9474,126.9468,0.3571,2.9841,0.6921,0.0692,1106.4470,831.5965,62.6383,62.6383,1.6197,2.0246,155.8656,0.0000,0.0000,0.0000,171.5790,4.9129,1967.6351
01/05/2021 00:00:00,0.0000,0.7796,16.8177,0.0000,0.0000,0.0000,0.0000,0.0000,30.3704,0.0000,275.2913,129.8927,0.3571,3.0714,0.7097,0.0710,1103.8687,829.1975,62.5842,62.5842,1.6232,2.0290,155.6860,0.0000,0.0000,0.0000,170.9476,4.8961,1962.2483
02/05/2021 00:00:00,0.0000,0.9533,16.7526,0.0000,0.0000,0.0000,0.0000,0.0000,30.2418,0.0000,275.6352,128.1142,0.3571,2.9885,0.6977,0.0698,1101.2904,826.7985,62.9341,62.9341,1.6282,2.0353,155.5065,0.0000,0.0000,0.0000,170.3162,4.8794,1956.8616
03/05/2021 00:00:00,0.0000,0.7315,16.6316,0.0000,0.0000,0.0000,0.0000,0.0000,30.1132,0.0000,275.9790,126.3349,0.3571,2.9056,0.6858,0.0686,1098.7121,824.3995,63.2842,63.2843,1.6332,2.0415,155.3269,0.0000,0.0000,0.0000,169.6848,4.8626,1951.4749
04/05/2021 00:00:00,0.0000,0.8715,15.1001,0.0000,0.0000,0.0000,0.0000,0.0000,29.9846,0.0000,276.3229,124.5555,0.3571,2.8226,0.6738,0.0674,1096.1338,822.0004,63.6343,63.6344,1.6382,2.0477,155.1474,0.0000,0.0000,0.0000,169.0534,4.8458,1946.0881
05/05/2021 00:00:00,0.0000,0.8849,14.3139,0.0000,0.0000,0.0000,0.0000,0.0000,29.8560,0.0000,276.6668,122.7761,0.3571,2.7397,0.6618,0.0662,1093.5556,819.6014,63.9844,63.9845,1.6432,2.0540,154.9678,0.0000,0.0000,0.0000,168.4219,4.8291,1940.7014
06/05/2021 00:00:00,0.0000,0.8784,14.2004,0.0000,0.0000,0.0000,0.0000,0.0000,29.7274,0.0000,277.0106,120.9968,0.3571,2.6567,0.6499,0.0650,1090.9773,817.2024,64.3345,64.3346,1.6482,2.0602,154.7883,0.0000,0.0000,0.0000,167.7905,4.8123,1935.3146
07/05/2021 00:00:00,0.0000,0.8485,14.7474,0.0000,0.0000,0.0000,0.0000,0.0000,29.5988,0.0000,277.3545,119.2174,0.3571,2.5738,0.6379,0.0638,1088.3990,814.8034,64.6846,64.6847,1.6531,2.0664,154.6087,0.0000,0.0000,0.0000,167.1591,4.7956,1929.9279
08/05/2021 00:00:00,0.0000,0.8129,15.2814,0.0000,0.0000,0.0000,0.0000,0.0000,29.4702,0.0000,277.6984,117.4381,0.3571,2.4908,0.6259,0.0626,1085.8207,812.4044,65.0347,65.0348,1.6581,2.0727,154.4291,0.0000,0.0000,0.0000,166.5277,4.7788,1924.5412
09/05/2021 00:00:00,0.0000,0.7904,15.0389,0.0000,0.0000,0.0000,0.0000,0.0000,29.3415,0.0000,278.0422,115.6587,0.3571,2.4079,0.6140,0.0614,1083.2425,810.0054,65.3848,65.3849,1.6631,2.0789,154.2496,0.0000,0.0000,0.0000,165.8963,4.7621,1919.1544
10/05/2021 00:00:00,0.0000,2.5074,14.7003,0.0000,0.0000,0.0000,0.0000,0.0000,29.2129,0.0000,278.3861,113.8793,0.3571,2.3249,0.6020,0.0602,1080.6642,807.6063,65.7349,65.7350,1.6681,2.0851,154.0700,0.0000,0.0000,0.0000,165.2649,4.7453,1913.7677
11/05/2021 00:00:00,0.0000,4.1288,13.9797,0.0000,0.0000,0.0000,0.0000,0.0000,29.0843,0.0000,278.7299,112.1000,0.3571,2.2420,0.5900,0.0590,1078.0859,805.2073,66.0850,66.0851,1.6731,2.0914,153.8905,0.0000,0.0000,0.0000,164.6335,4.7286,1908.3810
12/05/2021 00:00:00,0.0000,2.1982,13.8589,0.0000,0.0000,0.0000,0.0000,0.0000,28.9557,0.0000,279.0738,110.3206,0.3571,2.1590,0.5781,0.0578,1075.5076,802.8083,66.4352,66.4352,1.6781,2.0976,153.7109,0.0000,0.0000,0.0000,164.0021,4.7118,1902.9942
13/05/2021 00:00:00,0.0000,3.2559,13.4235,0.0000,0.0000,0.0000,0.0000,0.0000,28.8271,0.0000,279.4177,108.5413,0.3571,2.0761,0.5661,0.0566,1072.9293,800.4093,66.7853,66.7853,1.6831,2.1038,153.5313,0.0000,0.0000,0.0000,163.3706,4.6951,1897.6075
14/05/2021 00:00:00,0.0000,3.8282,12.9785,0.0000,0.0000,0.0000,0.0000,0.0000,28.6985,0.0000,279.7615,106.7619,0.3571,1.9931,0.5541,0.0554,1070.3511,798.0103,67.1354,67.1354,1.6881,2.1101,153.3518,0.0000,0.0000,0.0000,162.7392,4.6783,1892.2208
15/05/2021 00:00:00,0.0000,3.8869,12.7754,0.0000,0.0000,0.0000,0.0000,0.0000,28.5699,0.0000,280.1054,104.9825,0.3571,1.9102,0.5421,0.0542,1067.7728,795.6112,67.4855,67.4855,1.6931,2.1163,153.1722,0.0000,0.0000,0.0000,162.1078,4.6616,1886.8340
16/05/2021 00:00:00,0.0000,2.6136,12.9808,0.0000,0.0000,0.0000,0.0000,0.0000,28.4413,0.0000,280.4493,103.2032,0.3571,1.8273,0.5302,0.0530,1065.1945,793.2122,67.8356,67.8356,1.6980,2.1226,152.9927,0.0000,0.0000,0.0000,161.4764,4.6448,1881.4473
17/05/2021 00:00:00,0.0000,1.8807,13.4067,0.0000,0.0000,0.0000,0.0000,0.0000,28.3127,0.0000,280.7931,101.4238,0.3571,1.7443,0.5182,0.0518,1062.6162,790.8132,68.1857,68.1857,1.7030,2.1288,152.8131,0.0000,0.0000,0.0000,160.8450,4.6281,1876.0606
18/05/2021 00:00:00,0.0000,1.5778,13.8653,0.0000,0.0000,0.0000,0.0000,0.0000,28.1840,0.0000,281.1370,99.6445,0.3571,1.6614,0.5062,0.0506,1060.0380,788.4142,68.5358,68.5358,1.7080,2.1350,152.6336,0.0000,0.0000,0.0000,160.2136,4.6113,1870.6738
19/05/2021 00:00:00,0.0000,1.2966,13.2751,0.0000,0.0000,0.0000,0.0000,0.0000,28.0554,0.0000,281.4809,97.8651,0.3571,1.5784,0.4943,0.0494,1057.4597,786.0152,68.8859,68.8859,1.7130,2.1413,152.4540,0.0000,0.0000,0.0000,159.5822,4.5946,1865.2871
20/05/2021 00:00:00,0.0000,1.1474,13.3826,0.0000,0.0000,0.0000,0.0000,0.0000,27.9268,0.0000,281.8247,96.0858,0.3571,1.4955,0.4823,0.0482,1054.8814,783.6162,69.2360,69.2360,1.7180,2.1475,152.2744,0.0000,0.0000,0.0000,158.9508,4.5778,1859.9003
21/05/2021 00:00:00,0.0000,1.0968,13.8481,0.0000,0.0000,0.0000,0.0000,0.0000,27.7982,0.0000,282.1686,94.3064,0.3571,1.4125,0.4703,0.0470,1052.3031,781.2171,69.5861,69.5862,1.7230,2.1537,152.0949,0.0000,0.0000,0.0000,158.3193,4.5610,1854.5136
22/05/2021 00:00:00,0.0000,1.0358,13.8058,0.0000,0.0000,0.0000,0.0000,0.0000,27.6696,0.0000,282.5125,92.5270,0.3571,1.3296,0.4584,0.0458,1049.7248,778.8181,69.9362,69.9363,1.7280,2.1600,151.9153,0.0000,0.0000,0.0000,157.6879,4.5443,1849.1269
23/05/2021 00:00:00,0.0000,0.9631,13.6294,0.0000,0.0000,0.0000,0.0000,0.0000,27.5410,0.0000,282.8563,90.7477,0.3571,1.2466,0.4464,0.0446,1047.1466,776.4191,70.2864,70.2864,1.7330,2.1662,151.7358,0.0000,0.0000,0.0000,157.0565,4.5275,1843.7401
24/05/2021 00:00:00,0.0000,0.8837,13.2960,0.0000,0.0000,0.0000,0.0000,0.0000,27.4124,0.0000,283.2002,88.9683,0.3571,1.1637,0.4344,0.0434,1044.5683,774.0201,70.6365,70.6365,1.7379,2.1724,151.5562,0.0000,0.0000,0.0000,156.4251,4.5108,1838.3534
25/05/2021 00:00:00,0.0000,4.4656,13.8708,0.0000,0.0000,0.0000,0.0000,0.0000,27.2838,0.0000,283.5441,87.1890,0.3571,1.0807,0.4225,0.0422,1041.9900,771.6211,70.9866,70.9866,1.7429,2.1787,151.3767,0.0000,0.0000,0.0000,155.7937,4.4940,1832.9667
26/05/2021 00:00:00,0.0000,12.4850,13.3114,0.0000,0.0000,0.0000,0.0000,0.0000,27.1551,0.0000,283.8879,85.4096,0.3571,0.9978,0.4105,0.0411,1039.4117,769.2220,71.3367,71.3367,1.7479,2.1849,151.1971,0.0000,0.0000,0.0000,155.1623,4.4773,1827.5799
27/05/2021 00:00:00,0.0000,4.1946,13.2476,0.0000,0.0000,0.0000,0.0000,0.0000,27.0265,0.0000,284.2318,83.6302,0.3571,0.9148,0.3985,0.0399,1036.8335,766.8230,71.6868,71.6868,1.7529,2.1911,151.0175,0.0000,0.0000,0.0000,154.5309,4.4605,1822.1932
28/05/2021 00:00:00,0.0000,2.3355,13.5185,0.0000,0.0000,0.0000,0.0000,0.0000,26.8979,0.0000,284.5757,81.8509,0.3571,0.8319,0.3866,0.0387,1034.2552,764.4240,72.0369,72.0369,1.7579,2.1974,150.8380,0.0000,0.0000,0.0000,153.8995,4.4438,1816.8065
29/05/2021 00:00:00,0.0000,1.7718,12.9487,0.0000,0.0000,0.0000,0.0000,0.0000,26.7693,0.0000,284.9195,80.0715,0.3571,0.7489,0.3746,0.0375,1031.6769,762.0250,72.3870,72.3870,1.7629,2.2036,150.6584,0.0000,0.0000,0.0000,153.2680,4.4270,1811.4197
30/05/2021 00:00:00,0.0000,1.3649,11.9172,0.0000,0.0000,0.0000,0.0000,0.0000,26.6407,0.0000,285.2634,78.2922,0.3571,0.6660,0.3626,0.0363,1029.0986,759.6260,72.7371,72.7371,1.7679,2.2098,150.4789,0.0000,0.0000,0.0000,152.6366,4.4103,1806.0330
31/05/2021 00:00:00,0.0000,1.2581,10.8385,0.0000,0.0000,0.0000,0.0000,0.0000,26.5121,0.0000,285.6073,76.5128,0.3571,0.5830,0.3507,0.0351,1026.5203,757.2270,73.0872,73.0872,1.7729,2.2161,150.2993,0.0000,0.0000,0.0000,152.0052,4.3935,1800.6463
01/06/2021 00:00:00,0.0000,1.1490,10.0740,0.0000,0.0000,0.0000,0.0000,0.0000,26.3835,0.0000,285.9511,74.7334,0.3571,0.5001,0.3387,0.0339,1023.9421,754.8279,73.4373,73.4373,1.7778,2.2223,150.1198,0.0000,0.0000,0.0000,151.3738,4.3768,1795.2595
02/06/2021 00:00:00,0.0000,1.1225,10.8420,0.0000,0.0000,0.0000,0.0000,0.0000,26.2549,0.0000,286.2950,73.7250,0.3571,0.5214,0.3414,0.0341,1021.3638,752.4289,72.8156,72.8156,1.7831,2.2289,149.9402,0.0000,0.0000,0.0000,150.7424,4.3600,1789.8728
03/06/2021 00:00:00,0.0000,1.0725,11.7657,0.0000,0.0000,0.0000,0.0000,0.0000,26.1263,0.0000,286.6388,72.7167,0.3571,0.5428,0.3441,0.0344,1018.7855,750.0299,72.1933,72.1933,1.7884,2.2355,149.7606,0.0000,0.0000,0.0000,150.1110,4.3433,1784.4860
04/06/2021 00:00:00,0.0000,1.0468,12.3417,0.0000,0.0000,0.0000,0.0000,0.0000,25.9976,0.0000,286.9827,71.7084,0.3571,0.5643,0.3468,0.0347,1016.2072,747.6309,71.5710,71.5711,1.7937,2.2421,149.5811,0.0000,0.0000,0.0000,149.4796,4.3265,1779.0993
05/06/2021 00:00:00,0.0000,1.0421,12.1024,0.0000,0.0000,0.0000,0.0000,0.0000,25.8690,0.0000,287.3266,70.7002,0.3571,0.5857,0.3495,0.0349,1013.6289,745.2319,70.9487,70.9488,1.7989,2.2487,149.4015,0.0000,0.0000,0.0000,148.8482,4.3098,1773.7126
06/06/2021 00:00:00,0.0000,1.0378,12.8611,0.0000,0.0000,0.0000,0.0000,0.0000,25.7404,0.0000,287.6704,69.6919,0.3571,0.6071,0.3521,0.0352,1011.0507,742.8328,70.3264,70.3265,1.8042,2.2552,149.2220,0.0000,0.0000,0.0000,148.2168,4.2930,1768.3258
07/06/2021 00:00:00,0.0000,2.5565,13.1003,0.0000,0.0000,0.0000,0.0000,0.0000,25.6118,0.0000,288.0143,68.6836,0.3571,0.6286,0.3548,0.0355,1008.4724,740.4338,69.7041,69.7042,1.8095,2.2618,149.0424,0.0000,0.0000,0.0000,147.5853,4.2763,1762.9391
08/06/2021 00:00:00,0.0000,7.7646,12.2166,0.0000,0.0000,0.0000,0.0000,0.0000,25.4832,0.0000,288.3582,67.6753,0.3571,0.6500,0.3575,0.0358,1005.8941,738.0348,69.0819,69.0819,1.8147,2.2684,148.8628,0.0000,0.0000,0.0000,146.9539,4.2595,1757.5524
09/06/2021 00:00:00,0.0000,9.3268,10.8695,0.0000,0.0000,0.0000,0.0000,0.0000,25.3546,0.0000,288.7020,66.6670,0.3571,0.6714,0.3602,0.0360,1003.3158,735.6358,68.4596,68.4596,1.8200,2.2750,148.6833,0.0000,0.0000,0.0000,146.3225,4.2427,1752.1656
10/06/2021 00:00:00,0.0000,3.7682,10.7442,0.0000,0.0000,0.0000,0.0000,0.0000,25.2260,0.0000,289.0459,65.6587,0.3571,0.6928,0.3629,0.0363,1000.7376,733.2368,67.8373,67.8374,1.8253,2.2816,148.5037,0.0000,0.0000,0.0000,145.6911,4.2260,1746.7789
11/06/2021 00:00:00,0.0000,3.0894,11.7485,0.0000,0.0000,0.0000,0.0000,0.0000,25.0974,0.0000,289.3898,64.6504,0.3571,0.7143,0.3656,0.0366,998.1593,730.8378,67.2150,67.2151,1.8305,2.2882,148.3242,0.0000,0.0000,0.0000,145.0597,4.2092,1741.3922
12/06/2021 00:00:00,0.0000,2.5617,12.5041,0.0000,0.0000,0.0000,0.0000,0.0000,24.9688,0.0000,289.7336,63.6422,0.3571,0.7357,0.3683,0.0368,995.5810,728.4387,66.5927,66.5928,1.8358,2.2948,148.1446,0.0000,0.0000,0.0000,144.4283,4.1925,1736.0054
13/06/2021 00:00:00,0.0000,1.4576,12.3909,0.0000,0.0000,0.0000,0.0000,0.0000,24.8401,0.0000,290.0775,62.6339,0.3571,0.7571,0.3710,0.0371,993.0027,726.0397,65.9704,65.9705,1.8411,2.3013,147.9651,0.0000,0.0000,0.0000,143.7969,4.1757,1730.6187
14/06/2021 00:00:00,0.0000,1.2319,12.2608,0.0000,0.0000,0.0000,0.0000,0.0000,24.7115,0.0000,290.4214,61.6256,0.3571,0.7786,0.3737,0.0374,990.4244,723.6407,65.3481,65.3482,1.8463,2.3079,147.7855,0.0000,0.0000,0.0000,143.1655,4.1590,1725.2320
15/06/2021 00:00:00,0.0000,1.0877,12.5451,0.0000,0.0000,0.0000,0.0000,0.0000,24.5829,0.0000,290.7652,60.6173,0.3571,0.8000,0.3763,0.0376,987.8462,721.2417,64.7258,64.7259,1.8516,2.3145,147.6059,0.0000,0.0000,0.0000,142.5340,4.1422,1719.8452
16/06/2021 00:00:00,0.0000,3.0080,12.7630,0.0000,0.0000,0.0000,0.0000,0.0000,24.4543,0.0000,291.1091,59.6090,0.3571,0.8214,0.3790,0.0379,985.2679,718.8427,64.1036,64.1036,1.8569,2.3211,147.4264,0.0000,0.0000,0.0000,141.9026,4.1255,1714.4585
17/06/2021 00:00:00,0.0000,6.1929,12.8039,0.0000,0.0000,0.0000,0.0000,0.0000,24.3257,0.0000,291.4530,58.6007,0.3571,0.8428,0.3817,0.0382,982.6896,716.4436,63.4813,63.4814,1.8622,2.3277,147.2468,0.0000,0.0000,0.0000,141.2712,4.1087,1709.0717
18/06/2021 00:00:00,0.0000,3.1232,12.5139,0.0000,0.0000,0.0000,0.0000,0.0000,24.1971,0.0000,291.7968,57.5925,0.3571,0.8643,0.3844,0.0384,980.1113,714.0446,62.8590,62.8591,1.8674,2.3343,147.0673,0.0000,0.0000,0.0000,140.6398,4.0920,1703.6850
19/06/2021 00:00:00,0.0000,1.6974,12.5534,0.0000,0.0000,0.0000,0.0000,0.0000,24.0685,0.0000,292.1407,56.5842,0.3571,0.8857,0.3871,0.0387,977.5331,711.6456,62.2367,62.2368,1.8727,2.3409,146.8877,0.0000,0.0000,0.0000,140.0084,4.0752,1698.2983
20/06/2021 00:00:00,0.0000,1.5407,12.9862,0.0000,0.0000,0.0000,0.0000,0.0000,23.9399,0.0000,292.4846,55.5759,0.3571,0.9071,0.3898,0.0390,974.9548,709.2466,61.6144,61.6145,1.8780,2.3474,146.7082,0.0000,0.0000,0.0000,139.3770,4.0585,1692.9115
21/06/2021 00:00:00,0.0000,1.3196,12.5343,0.0000,0.0000,0.0000,0.0000,0.0000,23.8113,0.0000,292.8284,54.5676,0.3571,0.9286,0.3925,0.0392,972.3765,706.8476,60.9921,60.9922,1.8832,2.3540,146.5286,0.0000,0.0000,0.0000,138.7456,4.0417,1687.5248
22/06/2021 00:00:00,0.0000,1.1885,11.5913,0.0000,0.0000,0.0000,0.0000,0.0000,23.6826,0.0000,293.1723,53.5593,0.3571,0.9500,0.3952,0.0395,969.7982,704.4486,60.3698,60.3699,1.8885,2.3606,146.3490,0.0000,0.0000,0.0000,138.1142,4.0250,1682.1381
23/06/2021 00:00:00,0.0000,1.3444,11.5970,0.0000,0.0000,0.0000,0.0000,0.0000,23.5540,0.0000,293.5162,52.5510,0.3571,0.9714,0.3978,0.0398,967.2199,702.0495,59.7476,59.7477,1.8938,2.3672,146.1695,0.0000,0.0000,0.0000,137.4827,4.0082,1676.7513
24/06/2021 00:00:00,0.0000,5.6332,11.7327,0.0000,0.0000,0.0000,0.0000,0.0000,23.4254,0.0000,293.8600,51.5428,0.3571,0.9928,0.4005,0.0401,964.6417,699.6505,59.1253,59.1254,1.8990,2.3738,145.9899,0.0000,0.0000,0.0000,136.8513,3.9915,1671.3646
25/06/2021 00:00:00,0.0000,9.2838,12.3027,0.0000,0.0000,0.0000,0.0000,0.0000,23.2968,0.0000,294.2039,50.5345,0.3571,1.0143,0.4032,0.0403,962.0634,697.2515,58.5030,58.5031,1.9043,2.3804,145.8104,0.0000,0.0000,0.0000,136.2199,3.9747,1665.9779
26/06/2021 00:00:00,0.0000,4.4839,12.2512,0.0000,0.0000,0.0000,0.0000,0.0000,23.1682,0.0000,294.5477,49.5262,0.3571,1.0357,0.4059,0.0406,959.4851,694.8525,57.8807,57.8808,1.9096,2.3870,145.6308,0.0000,0.0000,0.0000,135.5885,3.9579,1660.5911
27/06/2021 00:00:00,0.0000,2.2034,12.0187,0.0000,0.0000,0.0000,0.0000,0.0000,23.0396,0.0000,294.8916,48.5179,0.3571,1.0571,0.4086,0.0409,956.9068,692.4535,57.2584,57.2585,1.9148,2.3935,145.4513,0.0000,0.0000,0.0000,134.9571,3.9412,1655.2044
28/06/2021 00:00:00,0.0000,1.5397,12.7163,0.0000,0.0000,0.0000,0.0000,0.0000,22.9110,0.0000,295.2355,47.5096,0.3571,1.0786,0.4113,0.0411,954.3286,690.0544,56.6361,56.6362,1.9201,2.4001,145.2717,0.0000,0.0000,0.0000,134.3257,3.9244,1649.8177
29/06/2021 00:00:00,0.0000,1.2446,11.9804,0.0000,0.0000,0.0000,0.0000,0.0000,22.7824,0.0000,295.5793,46.5013,0.3571,1.1000,0.4140,0.0414,951.7503,687.6554,56.0138,56.0140,1.9254,2.4067,145.0921,0.0000,0.0000,0.0000,133.6943,3.9077,1644.4309
30/06/2021 00:00:00,0.0000,1.2113,11.6290,0.0000,0.0000,0.0000,0.0000,0.0000,22.6537,0.0000,295.9232,45.4930,0.3571,1.1214,0.4167,0.0417,949.1720,685.2564,55.3916,55.3917,1.9306,2.4133,144.9126,0.0000,0.0000,0.0000,133.0629,3.8909,1639.0442
01/07/2021 00:00:00,0.0000,1.1755,12.0850,0.0000,0.0000,0.0000,0.0000,0.0000,22.5251,0.0000,296.2671,44.4848,0.3571,1.1429,0.4194,0.0419,946.5937,682.8574,54.7693,54.7694,1.9359,2.4199,144.7330,0.0000,0.0000,0.0000,132.4314,3.8742,1633.6575
02/07/2021 00:00:00,0.0000,1.6715,11.6680,0.0000,0.0000,0.0000,0.0000,0.0000,22.3965,0.0000,296.6109,43.2796,0.3571,1.1175,0.4090,0.0409,944.0154,680.4584,55.3102,55.3101,1.9309,2.4136,144.5535,0.0000,0.0000,0.0000,131.8000,3.8574,1628.2707
03/07/2021 00:00:00,0.0000,1.3652,10.6519,0.0000,0.0000,0.0000,0.0000,0.0000,22.2679,0.0000,296.9548,42.0742,0.3571,1.0922,0.3986,0.0399,941.4372,678.0594,55.8514,55.8513,1.9259,2.4074,144.3739,0.0000,0.0000,0.0000,131.1686,3.8407,1622.8840
04/07/2021 00:00:00,0.0000,1.2030,10.6324,0.0000,0.0000,0.0000,0.0000,0.0000,22.1393,0.0000,297.2987,40.8688,0.3571,1.0668,0.3881,0.0388,938.8589,675.6603,56.3926,56.3926,1.9209,2.4012,144.1943,0.0000,0.0000,0.0000,130.5372,3.8239,1617.4972
05/07/2021 00:00:00,0.0000,1.1771,10.7240,0.0000,0.0000,0.0000,0.0000,0.0000,22.0107,0.0000,297.6425,39.6635,0.3571,1.0415,0.3777,0.0378,936.2806,673.2613,56.9339,56.9338,1.9159,2.3949,144.0148,0.0000,0.0000,0.0000,129.9058,3.8072,1612.1105
06/07/2021 00:00:00,0.0000,1.1664,10.8574,0.0000,0.0000,0.0000,0.0000,0.0000,21.8821,0.0000,297.9864,38.4581,0.3571,1.0161,0.3673,0.0367,933.7023,670.8623,57.4751,57.4751,1.9109,2.3887,143.8352,0.0000,0.0000,0.0000,129.2744,3.7904,1606.7238
07/07/2021 00:00:00,0.0000,1.1421,10.9370,0.0000,0.0000,0.0000,0.0000,0.0000,21.7535,0.0000,298.3303,37.2527,0.3571,0.9908,0.3569,0.0357,931.1241,668.4633,58.0164,58.0163,1.9059,2.3824,143.6557,0.0000,0.0000,0.0000,128.6430,3.7737,1601.3370
08/07/2021 00:00:00,0.0000,1.0548,10.5628,0.0000,0.0000,0.0000,0.0000,0.0000,21.6249,0.0000,298.6741,36.0474,0.3571,0.9654,0.3465,0.0347,928.5458,666.0643,58.5576,58.5576,1.9010,2.3762,143.4761,0.0000,0.0000,0.0000,128.0116,3.7569,1595.9503
09/07/2021 00:00:00,0.0000,0.8395,10.2489,0.0000,0.0000,0.0000,0.0000,0.0000,21.4962,0.0000,299.0180,34.8420,0.3571,0.9401,0.3361,0.0336,925.9675,663.6652,59.0989,59.0988,1.8960,2.3699,143.2966,0.0000,0.0000,0.0000,127.3802,3.7402,1590.5636
10/07/2021 00:00:00,0.0000,0.7076,10.3560,0.0000,0.0000,0.0000,0.0000,0.0000,21.3676,0.0000,299.3619,33.6366,0.3571,0.9148,0.3257,0.0326,923.3892,661.2662,59.6401,59.6400,1.8910,2.3637,143.1170,0.0000,0.0000,0.0000,126.7487,3.7234,1585.1768
11/07/2021 00:00:00,0.0000,0.6535,10.2522,0.0000,0.0000,0.0000,0.0000,0.0000,21.2390,0.0000,299.7057,32.4313,0.3571,0.8894,0.3153,0.0315,920.8109,658.8672,60.1813,60.1813,1.8860,2.3575,142.9374,0.0000,0.0000,0.0000,126.1173,3.7067,1579.7901
12/07/2021 00:00:00,0.0000,0.6873,10.4361,0.0000,0.0000,0.0000,0.0000,0.0000,21.1104,0.0000,300.0496,31.2259,0.3571,0.8641,0.3049,0.0305,918.2327,656.4682,60.7226,60.7225,1.8810,2.3512,142.7579,0.0000,0.0000,0.0000,125.4859,3.6899,1574.4034
13/07/2021 00:00:00,0.0000,0.6944,10.7209,0.0000,0.0000,0.0000,0.0000,0.0000,20.9818,0.0000,300.3935,30.0205,0.3571,0.8387,0.2945,0.0294,915.6544,654.0692,61.2638,61.2638,1.8760,2.3450,142.5783,0.0000,0.0000,0.0000,124.8545,3.6732,1569.0166
14/07/2021 00:00:00,0.0000,0.6925,11.3425,0.0000,0.0000,0.0000,0.0000,0.0000,20.8532,0.0000,300.7373,28.8152,0.3571,0.8134,0.2841,0.0284,913.0761,651.6702,61.8051,61.8050,1.8710,2.3387,142.3988,0.0000,0.0000,0.0000,124.2231,3.6564,1563.6299
15/07/2021 00:00:00,0.0000,0.8242,12.1870,0.0000,0.0000,0.0000,0.0000,0.0000,20.7246,0.0000,301.0812,27.6098,0.3571,0.7880,0.2737,0.0274,910.4978,649.2711,62.3463,62.3463,1.8660,2.3325,142.2192,0.0000,0.0000,0.0000,123.5917,3.6396,1558.2432
16/07/2021 00:00:00,0.0000,4.7312,11.8257,0.0000,0.0000,0.0000,0.0000,0.0000,20.5960,0.0000,301.4250,26.4044,0.3571,0.7627,0.2633,0.0263,907.9195,646.8721,62.8876,62.8875,1.8610,2.3262,142.0397,0.0000,0.0000,0.0000,122.9603,3.6229,1552.8564
17/07/2021 00:00:00,0.0000,10.2804,10.5782,0.0000,0.0000,0.0000,0.0000,0.0000,20.4674,0.0000,301.7689,25.1991,0.3571,0.7373,0.2529,0.0253,905.3413,644.4731,63.4288,63.4288,1.8560,2.3200,141.8601,0.0000,0.0000,0.0000,122.3289,3.6061,1547.4697
18/07/2021 00:00:00,0.0000,9.6410,10.6174,0.0000,0.0000,0.0000,0.0000,0.0000,20.3387,0.0000,302.1128,23.9937,0.3571,0.7120,0.2425,0.0242,902.7630,642.0741,63.9700,63.9700,1.8510,2.3138,141.6805,0.0000,0.0000,0.0000,121.6974,3.5894,1542.0829
19/07/2021 00:00:00,0.0000,2.6012,11.0897,0.0000,0.0000,0.0000,0.0000,0.0000,20.2101,0.0000,302.4566,22.7883,0.3571,0.6866,0.2321,0.0232,900.1847,639.6751,64.5113,64.5113,1.8460,2.3075,141.5010,0.0000,0.0000,0.0000,121.0660,3.5726,1536.6962
20/07/2021 00:00:00,0.0000,2.0018,11.0614,0.0000,0.0000,0.0000,0.0000,0.0000,20.0815,0.0000,302.8005,21.5830,0.3571,0.6613,0.2216,0.0222,897.6064,637.2760,65.0525,65.0525,1.8410,2.3013,141.3214,0.0000,0.0000,0.0000,120.4346,3.5559,1531.3095
21/07/2021 00:00:00,0.0000,1.8851,10.5161,0.0000,0.0000,0.0000,0.0000,0.0000,19.9529,0.0000,303.1444,20.3776,0.3571,0.6360,0.2112,0.0211,895.0282,634.8770,65.5938,65.5938,1.8360,2.2950,141.1419,0.0000,0.0000,0.0000,119.8032,3.5391,1525.9227
22/07/2021 00:00:00,0.0000,0.6805,10.1235,0.0000,0.0000,0.0000,0.0000,0.0000,19.8243,0.0000,303.4882,19.1722,0.3571,0.6106,0.2008,0.0201,892.4499,632.4780,66.1350,66.1350,1.8310,2.2888,140.9623,0.0000,0.0000,0.0000,119.1718,3.5224,1520.5360
23/07/2021 00:00:00,0.0000,0.6367,9.6323,0.0000,0.0000,0.0000,0.0000,0.0000,19.6957,0.0000,303.8321,17.9669,0.3571,0.5853,0.1904,0.0190,889.8716,630.0790,66.6762,66.6763,1.8260,2.2825,140.7828,0.0000,0.0000,0.0000,118.5404,3.5056,1515.1493
24/07/2021 00:00:00,0.0000,1.1289,9.9292,0.0000,0.0000,0.0000,0.0000,0.0000,19.5671,0.0000,304.1760,16.7615,0.3571,0.5599,0.1800,0.0180,887.2933,627.6800,67.2175,67.2175,1.8210,2.2763,140.6032,0.0000,0.0000,0.0000,117.9090,3.4889,1509.7625
25/07/2021 00:00:00,0.0000,3.0569,9.2990,0.0000,0.0000,0.0000,0.0000,0.0000,19.4385,0.0000,304.5198,15.5561,0.3571,0.5346,0.1696,0.0170,884.7150,625.2810,67.7587,67.7588,1.8160,2.2700,140.4236,0.0000,0.0000,0.0000,117.2776,3.4721,1504.3758
26/07/2021 00:00:00,0.0000,1.7053,10.4536,0.0000,0.0000,0.0000,0.0000,0.0000,19.3099,0.0000,304.8637,14.3508,0.3571,0.5092,0.1592,0.0159,882.1368,622.8819,68.3000,68.3000,1.8110,2.2638,140.2441,0.0000,0.0000,0.0000,116.6461,3.4554,1498.9891
27/07/2021 00:00:00,0.0000,0.7750,10.6022,0.0000,0.0000,0.0000,0.0000,0.0000,19.1812,0.0000,305.2076,13.1454,0.3571,0.4839,0.1488,0.0149,879.5585,620.4829,68.8412,68.8413,1.8060,2.2576,140.0645,0.0000,0.0000,0.0000,116.0147,3.4386,1493.6023
28/07/2021 00:00:00,0.0000,1.0249,11.1024,0.0000,0.0000,0.0000,0.0000,0.0000,19.0526,0.0000,305.5514,11.9400,0.3571,0.4585,0.1384,0.0138,876.9802,618.0839,69.3825,69.3825,1.8011,2.2513,139.8850,0.0000,0.0000,0.0000,115.3833,3.4219,1488.2156
29/07/2021 00:00:00,0.0000,0.9221,10.9026,0.0000,0.0000,0.0000,0.0000,0.0000,18.9240,0.0000,305.8953,10.7347,0.3571,0.4332,0.1280,0.0128,874.4019,615.6849,69.9237,69.9238,1.7961,2.2451,139.7054,0.0000,0.0000,0.0000,114.7519,3.4051,1482.8289
30/07/2021 00:00:00,0.0000,0.6634,10.8004,0.0000,0.0000,0.0000,0.0000,0.0000,18.7954,0.0000,306.2392,9.5293,0.3571,0.4078,0.1176,0.0118,871.8237,613.2859,70.4649,70.4650,1.7911,2.2388,139.5259,0.0000,0.0000,0.0000,114.1205,3.3884,1477.4421
31/07/2021 00:00:00,0.0000,0.6603,11.0522,0.0000,0.0000,0.0000,0.0000,0.0000,18.6668,0.0000,306.5830,8.3240,0.3571,0.3825,0.1072,0.0107,869.2454,610.8868,71.0062,71.0063,1.7861,2.2326,139.3463,0.0000,0.0000,0.0000,113.4891,3.3716,1472.0554
01/08/2021 00:00:00,21.1087,0.6359,11.1625,0.0000,0.0000,0.0000,0.0000,0.0000,18.5382,0.0000,306.9269,7.1186,0.3571,0.3572,0.0968,0.0097,866.6671,608.4878,71.5474,71.5475,1.7811,2.2263,139.1667,0.0000,0.0000,0.0000,112.8577,3.3549,1466.6686
02/08/2021 00:00:00,21.9621,0.6143,10.8848,0.0000,0.0000,0.0000,0.0000,0.0000,19.8240,0.0000,307.7742,7.5762,0.3594,0.3560,0.0989,0.0099,866.6667,625.7403,71.8896,71.8897,1.7874,2.2343,144.7828,0.0000,0.0000,0.0000,113.3636,3.3954,1484.4020
03/08/2021 00:00:00,0.9983,0.6693,10.6776,0.0000,0.0000,0.0000,0.0000,0.0000,21.1099,0.0000,308.6218,8.0354,0.3618,0.3548,0.1009,0.0101,866.6667,643.0110,72.2318,72.2318,1.7938,2.2422,150.4011,0.0000,0.0000,0.0000,113.8705,3.4360,1502.1438
04/08/2021 00:00:00,0.4833,2.7613,11.0005,0.0000,0.0000,0.0000,0.0000,0.0000,22.3959,0.0000,309.4694,8.4946,0.3641,0.3537,0.1030,0.0103,866.6667,660.2817,72.5740,72.5740,1.8001,2.2502,156.0195,0.0000,0.0000,0.0000,114.3775,3.4766,1519.8856
05/08/2021 00:00:00,5.7747,0.7691,11.5931,0.0000,0.0000,0.0000,0.0000,0.0000,23.6819,0.0000,310.3170,8.9538,0.3664,0.3525,0.1051,0.0105,866.6667,677.5524,72.9161,72.9162,1.8065,2.2581,161.6378,0.0000,0.0000,0.0000,114.8844,3.5171,1537.6275
06/08/2021 00:00:00,8.3683,0.6112,12.0581,0.0000,0.0000,0.0000,0.0000,0.0000,24.9678,0.0000,311.1646,9.4130,0.3687,0.3514,0.1072,0.0107,866.6667,694.8231,73.2583,73.2583,1.8128,2.2661,167.2561,0.0000,0.0000,0.0000,115.3913,3.5577,1555.3693
07/08/2021 00:00:00,0.3812,0.6271,12.6329,0.0000,0.0000,0.0000,0.0000,0.0000,26.2538,0.0000,312.0123,9.8721,0.3710,0.3502,0.1093,0.0109,866.6667,712.0939,73.6004,73.6005,1.8192,2.2740,172.8744,0.0000,0.0000,0.0000,115.8982,3.5983,1573.1111
08/08/2021 00:00:00,0.4445,0.6328,13.1036,0.0000,0.0000,0.0000,0.0000,0.0000,27.5397,0.0000,312.8599,10.3313,0.3733,0.3491,0.1113,0.0111,866.6667,729.3646,73.9426,73.9427,1.8256,2.2819,178.4927,0.0000,0.0000,0.0000,116.4051,3.6389,1590.8530
09/08/2021 00:00:00,27.4131,0.5639,13.1429,0.0000,0.0000,0.0000,0.0000,0.0000,28.8257,0.0000,313.7075,10.7905,0.3756,0.3479,0.1134,0.0113,866.6667,746.6353,74.2848,74.2848,1.8319,2.2899,184.1110,0.0000,0.0000,0.0000,116.9120,3.6795,1608.5948
10/08/2021 00:00:00,41.0451,0.4622,12.7799,0.0000,0.0000,0.0000,0.0000,0.0000,30.1116,0.0000,314.5551,11.2497,0.3779,0.3468,0.1155,0.0116,866.6667,763.9060,74.6269,74.6270,1.8383,2.2978,189.7293,0.0000,0.0000,0.0000,117.4190,3.7201,1626.3367
11/08/2021 00:00:00,20.0439,0.4591,12.7985,0.0000,0.0000,0.0000,0.0000,0.0000,31.3976,0.0000,315.4027,11.7089,0.3802,0.3456,0.1176,0.0118,866.6667,781.1767,74.9691,74.9691,1.8446,2.3058,195.3476,0.0000,0.0000,0.0000,117.9259,3.7606,1644.0785
12/08/2021 00:00:00,17.9274,0.4702,12.4466,0.0000,0.0000,0.0000,0.0000,0.0000,32.6836,0.0000,316.2503,12.1681,0.3825,0.3445,0.1197,0.0120,866.6667,798.4475,75.3112,75.3113,1.8510,2.3137,200.9660,0.0000,0.0000,0.0000,118.4328,3.8012,1661.8203
13/08/2021 00:00:00,33.8049,0.4619,12.7863,0.0000,0.0000,0.0000,0.0000,0.0000,33.9695,0.0000,317.0979,12.6273,0.3848,0.3433,0.1217,0.0122,866.6667,815.7182,75.6534,75.6535,1.8573,2.3217,206.5843,0.0000,0.0000,0.0000,118.9397,3.8418,1679.5622
14/08/2021 00:00:00,36.6730,0.4504,13.2187,0.0000,0.0000,0.0000,0.0000,0.0000,35.2555,0.0000,317.9455,13.0865,0.3871,0.3422,0.1238,0.0124,866.6667,832.9889,75.9956,75.9956,1.8637,2.3296,212.2026,0.0000,0.0000,0.0000,119.4466,3.8824,1697.3040
15/08/2021 00:00:00,37.0117,0.4491,13.1332,0.0000,0.0000,0.0000,0.0000,0.0000,36.5414,0.0000,318.7931,13.5457,0.3894,0.3410,0.1259,0.0126,866.6667,850.2596,76.3377,76.3378,1.8700,2.3375,217.8209,0.0000,0.0000,0.0000,119.9535,3.9230,1715.0458
16/08/2021 00:00:00,25.4124,0.4454,13.2328,0.0000,0.0000,0.0000,0.0000,0.0000,37.8274,0.0000,319.6407,14.0049,0.3917,0.3399,0.1280,0.0128,866.6667,867.5303,76.6799,76.6800,1.8764,2.3455,223.4392,0.0000,0.0000,0.0000,120.4605,3.9636,1732.7877
17/08/2021 00:00:00,35.5530,0.4341,13.3305,0.0000,0.0000,0.0000,0.0000,0.0000,39.1134,0.0000,320.4883,14.4641,0.3940,0.3387,0.1301,0.0130,866.6667,884.8010,77.0220,77.0221,1.8827,2.3534,229.0575,0.0000,0.0000,0.0000,120.9674,4.0041,1750.5295
18/08/2021 00:00:00,41.5036,0.4216,13.5394,0.0000,0.0000,0.0000,0.0000,0.0000,40.3993,0.0000,321.3359,14.9232,0.3963,0.3376,0.1322,0.0132,866.6667,902.0718,77.3642,77.3643,1.8891,2.3614,234.6758,0.0000,0.0000,0.0000,121.4743,4.0447,1768.2714
19/08/2021 00:00:00,46.4003,0.4096,13.5318,0.0000,0.0000,0.0000,0.0000,0.0000,41.6853,0.0000,322.1835,15.3824,0.3986,0.3364,0.1342,0.0134,866.6667,919.3425,77.7064,77.7064,1.8955,2.3693,240.2941,0.0000,0.0000,0.0000,121.9812,4.0853,1786.0132
20/08/2021 00:00:00,42.5928,0.4122,13.8761,0.0000,0.0000,0.0000,0.0000,0.0000,42.9712,0.0000,323.0311,15.8416,0.4009,0.3353,0.1363,0.0136,866.6667,936.6132,78.0485,78.0486,1.9018,2.3773,245.9124,0.0000,0.0000,0.0000,122.4881,4.1259,1803.7550
21/08/2021 00:00:00,43.9082,0.4063,14.1238,0.0000,0.0000,0.0000,0.0000,0.0000,44.2572,0.0000,323.8787,16.3008,0.4032,0.3341,0.1384,0.0138,866.6667,953.8839,78.3907,78.3908,1.9082,2.3852,251.5308,0.0000,0.0000,0.0000,122.9950,4.1665,1821.4969
22/08/2021 00:00:00,39.2651,0.4105,14.2585,0.0000,0.0000,0.0000,0.0000,0.0000,45.5432,0.0000,324.7264,16.7600,0.4055,0.3329,0.1405,0.0140,866.6667,971.1546,78.7328,78.7329,1.9145,2.3931,257.1491,0.0000,0.0000,0.0000,123.5019,4.2071,1839.2387
23/08/2021 00:00:00,18.1629,0.4159,13.6044,0.0000,0.0000,0.0000,0.0000,0.0000,46.8291,0.0000,325.5740,17.2192,0.4078,0.3318,0.1426,0.0143,866.6667,988.4254,79.0750,79.0751,1.9209,2.4011,262.7674,0.0000,0.0000,0.0000,124.0089,4.2476,1856.9805
24/08/2021 00:00:00,25.3139,0.4126,12.5021,0.0000,0.0000,0.0000,0.0000,0.0000,48.1151,0.0000,326.4216,17.6784,0.4101,0.3306,0.1446,0.0145,866.6667,1005.6961,79.4172,79.4173,1.9272,2.4090,268.3857,0.0000,0.0000,0.0000,124.5158,4.2882,1874.7224
25/08/2021 00:00:00,40.0250,0.4048,12.9016,0.0000,0.0000,0.0000,0.0000,0.0000,49.4010,0.0000,327.2692,18.1376,0.4124,0.3295,0.1467,0.0147,866.6667,1022.9668,79.7593,79.7594,1.9336,2.4170,274.0040,0.0000,0.0000,0.0000,125.0227,4.3288,1892.4642
26/08/2021 00:00:00,40.4234,0.4067,12.7999,0.0000,0.0000,0.0000,0.0000,0.0000,50.6870,0.0000,328.1168,18.5968,0.4147,0.3283,0.1488,0.0149,866.6667,1040.2375,80.1015,80.1016,1.9399,2.4249,279.6223,0.0000,0.0000,0.0000,125.5296,4.3694,1910.2060
27/08/2021 00:00:00,44.2150,0.3914,12.7850,0.0000,0.0000,0.0000,0.0000,0.0000,51.9729,0.0000,328.9644,19.0560,0.4170,0.3272,0.1509,0.0151,866.6667,1057.5082,80.4436,80.4437,1.9463,2.4329,285.2406,0.0000,0.0000,0.0000,126.0365,4.4100,1927.9479
28/08/2021 00:00:00,40.7612,0.3981,12.4552,0.0000,0.0000,0.0000,0.0000,0.0000,53.2589,0.0000,329.8120,19.5151,0.4194,0.3260,0.1530,0.0153,866.6667,1074.7790,80.7858,80.7859,1.9526,2.4408,290.8589,0.0000,0.0000,0.0000,126.5434,4.4506,1945.6897
29/08/2021 00:00:00,28.8282,0.3852,12.5387,0.0000,0.0000,0.0000,0.0000,0.0000,54.5449,0.0000,330.6596,19.9743,0.4217,0.3249,0.1550,0.0155,866.6667,1092.0497,81.1280,81.1281,1.9590,2.4488,296.4773,0.0000,0.0000,0.0000,127.0504,4.4911,1963.4316
30/08/2021 00:00:00,34.2597,0.3759,13.0939,0.0000,0.0000,0.0000,0.0000,0.0000,55.8308,0.0000,331.5072,20.4335,0.4240,0.3237,0.1571,0.0157,866.6667,1109.3204,81.4701,81.4702,1.9654,2.4567,302.0956,0.0000,0.0000,0.0000,127.5573,4.5317,1981.1734
31/08/2021 00:00:00,32.8561,0.3719,13.9117,0.0000,0.0000,0.0000,0.0000,0.0000,57.1168,0.0000,332.3548,20.8927,0.4263,0.3226,0.1592,0.0159,866.6667,1126.5911,81.8123,81.8124,1.9717,2.4646,307.7139,0.0000,0.0000,0.0000,128.0642,4.5723,1998.9152
01/09/2021 00:00:00,39.8824,0.3687,14.6647,0.0000,0.0000,0.0000,0.0000,0.0000,58.4027,0.0000,333.2024,21.3519,0.4286,0.3214,0.1613,0.0161,866.6667,1143.8618,82.1544,82.1545,1.9781,2.4726,313.3322,0.0000,0.0000,0.0000,128.5711,4.6129,2016.6571
02/09/2021 00:00:00,40.5267,0.3736,15.1976,0.0000,0.0000,0.0000,0.0000,0.0000,58.2667,0.0000,331.2878,21.3997,0.4262,0.3279,0.1639,0.0164,868.0551,1136.8282,82.0696,82.0695,1.9912,2.4889,308.7926,0.0000,0.0000,0.0000,128.5595,4.6263,2010.8364
03/09/2021 00:00:00,21.2297,0.3818,15.5996,0.0000,0.0000,0.0000,0.0000,0.0000,58.1307,0.0000,329.3708,21.4472,0.4238,0.3343,0.1665,0.0166,869.4440,1129.7835,81.9844,81.9844,2.0042,2.5053,304.2510,0.0000,0.0000,0.0000,128.5476,4.6398,2005.0030
04/09/2021 00:00:00,19.0228,0.3768,14.8006,0.0000,0.0000,0.0000,0.0000,0.0000,57.9946,0.0000,327.4538,21.4946,0.4214,0.3407,0.1690,0.0169,870.8328,1122.7388,81.8992,81.8992,2.0173,2.5217,299.7094,0.0000,0.0000,0.0000,128.5357,4.6532,1999.1696
05/09/2021 00:00:00,22.2744,0.3718,14.1247,0.0000,0.0000,0.0000,0.0000,0.0000,57.8586,0.0000,325.5369,21.5421,0.4190,0.3471,0.1716,0.0172,872.2217,1115.6941,81.8140,81.8140,2.0304,2.5380,295.1677,0.0000,0.0000,0.0000,128.5238,4.6667,1993.3363
06/09/2021 00:00:00,34.3640,0.3620,14.3271,0.0000,0.0000,0.0000,0.0000,0.0000,57.7225,0.0000,323.6199,21.5895,0.4167,0.3536,0.1742,0.0174,873.6106,1108.6494,81.7289,81.7288,2.0435,2.5544,290.6261,0.0000,0.0000,0.0000,128.5119,4.6801,1987.5029
07/09/2021 00:00:00,37.3842,0.3550,14.7797,0.0000,0.0000,0.0000,0.0000,0.0000,57.5865,0.0000,321.7030,21.6370,0.4143,0.3600,0.1768,0.0177,874.9995,1101.6047,81.6437,81.6437,2.0566,2.5708,286.0845,0.0000,0.0000,0.0000,128.5000,4.6935,1981.6695
08/09/2021 00:00:00,39.6967,0.3549,14.8812,0.0000,0.0000,0.0000,0.0000,0.0000,57.4504,0.0000,319.7860,21.6844,0.4119,0.3664,0.1794,0.0179,876.3884,1094.5600,81.5585,81.5585,2.0697,2.5871,281.5428,0.0000,0.0000,0.0000,128.4881,4.7070,1975.8361
09/09/2021 00:00:00,37.8816,0.3595,15.4994,0.0000,0.0000,0.0000,0.0000,0.0000,57.3144,0.0000,317.8690,21.7319,0.4095,0.3729,0.1819,0.0182,877.7773,1087.5153,81.4734,81.4733,2.0828,2.6035,277.0012,0.0000,0.0000,0.0000,128.4762,4.7204,1970.0027
10/09/2021 00:00:00,24.9531,0.3598,15.9472,0.0000,0.0000,0.0000,0.0000,0.0000,57.1783,0.0000,315.9521,21.7793,0.4071,0.3793,0.1845,0.0185,879.1662,1080.4706,81.3882,81.3882,2.0959,2.6198,272.4596,0.0000,0.0000,0.0000,128.4643,4.7339,1964.1693
11/09/2021 00:00:00,0.3075,0.3626,15.8255,0.0000,0.0000,0.0000,0.0000,0.0000,57.0423,0.0000,314.0351,21.8268,0.4048,0.3857,0.1871,0.0187,880.5551,1073.4259,81.3030,81.3030,2.1090,2.6362,267.9179,0.0000,0.0000,0.0000,128.4524,4.7473,1958.3359
12/09/2021 00:00:00,0.0576,0.3972,13.7913,0.0000,0.0000,0.0000,0.0000,0.0000,56.9063,0.0000,312.1181,21.8742,0.4024,0.3921,0.1897,0.0190,881.9440,1066.3812,81.2178,81.2178,2.1221,2.6526,263.3763,0.0000,0.0000,0.0000,128.4405,4.7607,1952.5025
13/09/2021 00:00:00,14.6696,0.4376,12.7127,0.0000,0.0000,0.0000,0.0000,0.0000,56.7702,0.0000,310.2012,21.9217,0.4000,0.3986,0.1923,0.0192,883.3329,1059.3365,81.1327,81.1326,2.1351,2.6689,258.8347,0.0000,0.0000,0.0000,128.4286,4.7742,1946.6691
14/09/2021 00:00:00,27.8396,0.3652,13.4708,0.0000,0.0000,0.0000,0.0000,0.0000,56.6342,0.0000,308.2842,21.9691,0.3976,0.4050,0.1948,0.0195,884.7218,1052.2918,81.0475,81.0475,2.1482,2.6853,254.2930,0.0000,0.0000,0.0000,128.4167,4.7876,1940.8358
15/09/2021 00:00:00,30.0459,0.3664,13.9778,0.0000,0.0000,0.0000,0.0000,0.0000,56.4981,0.0000,306.3673,22.0166,0.3952,0.4114,0.1974,0.0197,886.1107,1045.2471,80.9623,80.9623,2.1613,2.7017,249.7514,0.0000,0.0000,0.0000,128.4048,4.8011,1935.0024
16/09/2021 00:00:00,37.5891,0.3755,14.4168,0.0000,0.0000,0.0000,0.0000,0.0000,56.3621,0.0000,304.4503,22.0640,0.3929,0.4179,0.2000,0.0200,887.4996,1038.2024,80.8771,80.8771,2.1744,2.7180,245.2098,0.0000,0.0000,0.0000,128.3929,4.8145,1929.1690
17/09/2021 00:00:00,22.9728,0.4197,14.8381,0.0000,0.0000,0.0000,0.0000,0.0000,56.2260,0.0000,302.5333,22.1115,0.3905,0.4243,0.2026,0.0203,888.8885,1031.1577,80.7920,80.7919,2.1875,2.7344,240.6681,0.0000,0.0000,0.0000,128.3810,4.8279,1923.3356
18/09/2021 00:00:00,0.2857,0.4488,14.3332,0.0000,0.0000,0.0000,0.0000,0.0000,56.0900,0.0000,300.6164,22.1589,0.3881,0.4307,0.2052,0.0205,890.2774,1024.1130,80.7068,80.7068,2.2006,2.7507,236.1265,0.0000,0.0000,0.0000,128.3691,4.8414,1917.5022
19/09/2021 00:00:00,0.3293,0.6924,14.3218,0.0000,0.0000,0.0000,0.0000,0.0000,55.9539,0.0000,298.6994,22.2064,0.3857,0.4371,0.2077,0.0208,891.6663,1017.0683,80.6216,80.6216,2.2137,2.7671,231.5849,0.0000,0.0000,0.0000,128.3572,4.8548,1911.6688
20/09/2021 00:00:00,0.1162,0.9521,13.5545,0.0000,0.0000,0.0000,0.0000,0.0000,55.8179,0.0000,296.7824,22.2538,0.3833,0.4436,0.2103,0.0210,893.0552,1010.0236,80.5365,80.5364,2.2268,2.7835,227.0432,0.0000,0.0000,0.0000,128.3452,4.8683,1905.8354
21/09/2021 00:00:00,12.7946,0.8845,11.9377,0.0000,0.0000,0.0000,0.0000,0.0000,55.6819,0.0000,294.8655,22.3013,0.3810,0.4500,0.2129,0.0213,894.4441,1002.9789,80.4513,80.4513,2.2399,2.7998,222.5016,0.0000,0.0000,0.0000,128.3333,4.8817,1900.0020
22/09/2021 00:00:00,27.3717,0.4010,13.0928,0.0000,0.0000,0.0000,0.0000,0.0000,55.5458,0.0000,292.9485,22.3487,0.3786,0.4564,0.2155,0.0215,895.8330,995.9342,80.3661,80.3661,2.2530,2.8162,217.9600,0.0000,0.0000,0.0000,128.3214,4.8952,1894.1686
23/09/2021 00:00:00,28.2742,0.3753,14.2148,0.0000,0.0000,0.0000,0.0000,0.0000,55.4098,0.0000,291.0316,22.3962,0.3762,0.4629,0.2181,0.0218,897.2219,988.8895,80.2809,80.2809,2.2660,2.8326,213.4183,0.0000,0.0000,0.0000,128.3095,4.9086,1888.3352
24/09/2021 00:00:00,21.6497,0.3758,14.8038,0.0000,0.0000,0.0000,0.0000,0.0000,55.2737,0.0000,289.1146,22.4436,0.3738,0.4693,0.2206,0.0221,898.6108,981.8448,80.1958,80.1957,2.2791,2.8489,208.8767,0.0000,0.0000,0.0000,128.2976,4.9220,1882.5019
25/09/2021 00:00:00,25.4132,0.3735,14.3071,0.0000,0.0000,0.0000,0.0000,0.0000,55.1377,0.0000,287.1976,22.4911,0.3714,0.4757,0.2232,0.0223,899.9997,974.8001,80.1106,80.1106,2.2922,2.8653,204.3351,0.0000,0.0000,0.0000,128.2857,4.9355,1876.6685
26/09/2021 00:00:00,31.3012,0.3516,14.2787,0.0000,0.0000,0.0000,0.0000,0.0000,55.0016,0.0000,285.2807,22.5385,0.3690,0.4821,0.2258,0.0226,901.3885,967.7554,80.0254,80.0254,2.3053,2.8817,199.7934,0.0000,0.0000,0.0000,128.2738,4.9489,1870.8351
27/09/2021 00:00:00,33.8961,0.3476,14.7610,0.0000,0.0000,0.0000,0.0000,0.0000,54.8656,0.0000,283.3637,22.5860,0.3667,0.4886,0.2284,0.0228,902.7774,960.7107,79.9402,79.9402,2.3184,2.8980,195.2518,0.0000,0.0000,0.0000,128.2619,4.9624,1865.0017
28/09/2021 00:00:00,35.0543,0.3485,14.8267,0.0000,0.0000,0.0000,0.0000,0.0000,54.7295,0.0000,281.4468,22.6334,0.3643,0.4950,0.2310,0.0231,904.1663,953.6660,79.8551,79.8550,2.3315,2.9144,190.7102,0.0000,0.0000,0.0000,128.2500,4.9758,1859.1683
29/09/2021 00:00:00,28.7833,0.3540,15.1360,0.0000,0.0000,0.0000,0.0000,0.0000,54.5935,0.0000,279.5298,22.6809,0.3619,0.5014,0.2335,0.0234,905.5552,946.6213,79.7699,79.7699,2.3446,2.9307,186.1685,0.0000,0.0000,0.0000,128.2381,4.9892,1853.3349
30/09/2021 00:00:00,23.6339,0.3718,15.7695,0.0000,0.0000,0.0000,0.0000,0.0000,54.4574,0.0000,277.6128,22.7283,0.3595,0.5079,0.2361,0.0236,906.9441,939.5766,79.6847,79.6847,2.3577,2.9471,181.6269,0.0000,0.0000,0.0000,128.2262,5.0027,1847.5015
01/10/2021 00:00:00,24.1665,0.3647,15.2963,0.0000,0.0000,0.0000,0.0000,0.0000,54.3214,0.0000,275.6959,22.7758,0.3571,0.5143,0.2387,0.0239,908.3330,932.5319,79.5996,79.5995,2.3708,2.9635,177.0853,0.0000,0.0000,0.0000,128.2143,5.0161,1841.6681
02/10/2021 00:00:00,34.7097,0.3764,15.7568,0.0000,0.0000,0.0000,0.0000,0.0000,53.7306,0.0000,277.8529,22.9211,0.3571,0.5115,0.2379,0.0238,911.8272,941.3787,79.4035,79.4034,2.3499,2.9374,177.7820,0.0000,0.0000,0.0000,129.4693,5.0156,1854.0292
03/10/2021 00:00:00,28.2758,0.3542,16.6811,0.0000,0.0000,0.0000,0.0000,0.0000,53.1396,0.0000,280.0131,23.0665,0.3571,0.5088,0.2372,0.0237,915.3218,950.2403,79.2074,79.2073,2.3291,2.9114,178.4809,0.0000,0.0000,0.0000,130.7250,5.0151,1866.3949
04/10/2021 00:00:00,13.0009,1.0898,15.5665,0.0000,0.0000,0.0000,0.0000,0.0000,52.5486,0.0000,282.1732,23.2119,0.3571,0.5060,0.2364,0.0236,918.8164,959.1019,79.0113,79.0112,2.3083,2.8853,179.1798,0.0000,0.0000,0.0000,131.9808,5.0146,1878.7606
05/10/2021 00:00:00,28.5296,0.4540,15.0764,0.0000,0.0000,0.0000,0.0000,0.0000,51.9576,0.0000,284.3333,23.3573,0.3571,0.5032,0.2357,0.0236,922.3110,967.9636,78.8151,78.8151,2.2874,2.8593,179.8787,0.0000,0.0000,0.0000,133.2366,5.0140,1891.1263
06/10/2021 00:00:00,45.7811,0.2928,15.0608,0.0000,0.0000,0.0000,0.0000,0.0000,51.3666,0.0000,286.4934,23.5027,0.3571,0.5005,0.2349,0.0235,925.8056,976.8252,78.6190,78.6190,2.2666,2.8332,180.5776,0.0000,0.0000,0.0000,134.4923,5.0135,1903.4919
07/10/2021 00:00:00,49.6635,0.3087,14.4675,0.0000,0.0000,0.0000,0.0000,0.0000,50.7755,0.0000,288.6535,23.6481,0.3571,0.4977,0.2341,0.0234,929.3002,985.6868,78.4229,78.4228,2.2457,2.8072,181.2766,0.0000,0.0000,0.0000,135.7481,5.0130,1915.8576
08/10/2021 00:00:00,58.0073,0.2884,15.0748,0.0000,0.0000,0.0000,0.0000,0.0000,50.1845,0.0000,290.8136,23.7936,0.3571,0.4949,0.2334,0.0233,932.7948,994.5484,78.2268,78.2267,2.2249,2.7811,181.9755,0.0000,0.0000,0.0000,137.0039,5.0125,1928.2233
09/10/2021 00:00:00,52.9011,0.2907,15.5254,0.0000,0.0000,0.0000,0.0000,0.0000,49.5935,0.0000,292.9737,23.9390,0.3571,0.4922,0.2326,0.0233,936.2894,1003.4101,78.0306,78.0306,2.2041,2.7551,182.6744,0.0000,0.0000,0.0000,138.2596,5.0120,1940.5890
10/10/2021 00:00:00,49.1378,0.2854,15.3013,0.0000,0.0000,0.0000,0.0000,0.0000,49.0025,0.0000,295.1338,24.0844,0.3571,0.4894,0.2318,0.0232,939.7840,1012.2717,77.8345,77.8345,2.1832,2.7290,183.3733,0.0000,0.0000,0.0000,139.5154,5.0114,1952.9547
11/10/2021 00:00:00,56.2769,0.2756,15.1260,0.0000,0.0000,0.0000,0.0000,0.0000,48.4115,0.0000,297.2939,24.2298,0.3571,0.4866,0.2311,0.0231,943.2786,1021.1333,77.6384,77.6383,2.1624,2.7030,184.0722,0.0000,0.0000,0.0000,140.7711,5.0109,1965.3203
12/10/2021 00:00:00,65.7154,0.2837,15.1603,0.0000,0.0000,0.0000,0.0000,0.0000,47.8204,0.0000,299.4540,24.3752,0.3571,0.4839,0.2303,0.0230,946.7732,1029.9949,77.4423,77.4422,2.1415,2.6769,184.7712,0.0000,0.0000,0.0000,142.0269,5.0104,1977.6860
13/10/2021 00:00:00,55.0006,0.2915,15.3776,0.0000,0.0000,0.0000,0.0000,0.0000,47.2294,0.0000,301.6141,24.5206,0.3571,0.4811,0.2296,0.0230,950.2678,1038.8565,77.2462,77.2461,2.1207,2.6509,185.4701,0.0000,0.0000,0.0000,143.2827,5.0099,1990.0517
14/10/2021 00:00:00,35.7157,0.2940,15.4161,0.0000,0.0000,0.0000,0.0000,0.0000,46.6384,0.0000,303.7742,24.6660,0.3571,0.4783,0.2288,0.0229,953.7624,1047.7182,77.0500,77.0500,2.0999,2.6248,186.1690,0.0000,0.0000,0.0000,144.5384,5.0094,2002.4174
15/10/2021 00:00:00,42.0464,0.2806,15.4690,0.0000,0.0000,0.0000,0.0000,0.0000,46.0474,0.0000,305.9343,24.8114,0.3571,0.4756,0.2280,0.0228,957.2570,1056.5798,76.8539,76.8538,2.0790,2.5988,186.8679,0.0000,0.0000,0.0000,145.7942,5.0088,2014.7831
16/10/2021 00:00:00,52.7094,0.2701,15.0491,0.0000,0.0000,0.0000,0.0000,0.0000,45.4564,0.0000,308.0944,24.9569,0.3571,0.4728,0.2273,0.0227,960.7516,1065.4414,76.6578,76.6577,2.0582,2.5727,187.5668,0.0000,0.0000,0.0000,147.0500,5.0083,2027.1488
17/10/2021 00:00:00,61.4959,0.2400,15.7190,0.0000,0.0000,0.0000,0.0000,0.0000,44.8654,0.0000,310.2545,25.1023,0.3571,0.4700,0.2265,0.0227,964.2461,1074.3030,76.4617,76.4616,2.0373,2.5467,188.2658,0.0000,0.0000,0.0000,148.3057,5.0078,2039.5144
18/10/2021 00:00:00,60.7062,0.2491,16.7260,0.0000,0.0000,0.0000,0.0000,0.0000,44.2743,0.0000,312.4146,25.2477,0.3571,0.4673,0.2257,0.0226,967.7407,1083.1646,76.2655,76.2655,2.0165,2.5206,188.9647,0.0000,0.0000,0.0000,149.5615,5.0073,2051.8801
19/10/2021 00:00:00,65.3563,0.2595,17.1352,0.0000,0.0000,0.0000,0.0000,0.0000,43.6833,0.0000,314.5747,25.3931,0.3571,0.4645,0.2250,0.0225,971.2353,1092.0263,76.0694,76.0693,1.9957,2.4946,189.6636,0.0000,0.0000,0.0000,150.8172,5.0068,2064.2458
20/10/2021 00:00:00,73.2832,0.2589,16.6154,0.0000,0.0000,0.0000,0.0000,0.0000,43.0923,0.0000,316.7348,25.5385,0.3571,0.4618,0.2242,0.0224,974.7299,1100.8879,75.8733,75.8732,1.9748,2.4685,190.3625,0.0000,0.0000,0.0000,152.0730,5.0062,2076.6115
21/10/2021 00:00:00,55.7633,0.2635,16.8303,0.0000,0.0000,0.0000,0.0000,0.0000,42.5013,0.0000,318.8949,25.6839,0.3571,0.4590,0.2234,0.0223,978.2245,1109.7495,75.6772,75.6771,1.9540,2.4425,191.0615,0.0000,0.0000,0.0000,153.3288,5.0057,2088.9772
22/10/2021 00:00:00,38.9634,0.2613,17.7870,0.0000,0.0000,0.0000,0.0000,0.0000,41.9103,0.0000,321.0550,25.8293,0.3571,0.4562,0.2227,0.0223,981.7191,1118.6111,75.4810,75.4810,1.9331,2.4164,191.7604,0.0000,0.0000,0.0000,154.5845,5.0052,2101.3428
23/10/2021 00:00:00,22.8824,0.2617,17.8472,0.0000,0.0000,0.0000,0.0000,0.0000,41.3192,0.0000,323.2151,25.9747,0.3571,0.4535,0.2219,0.0222,985.2137,1127.4727,75.2849,75.2849,1.9123,2.3904,192.4593,0.0000,0.0000,0.0000,155.8403,5.0047,2113.7085
24/10/2021 00:00:00,27.6571,0.2479,17.3150,0.0000,0.0000,0.0000,0.0000,0.0000,40.7282,0.0000,325.3753,26.1202,0.3571,0.4507,0.2212,0.0221,988.7083,1136.3344,75.0888,75.0887,1.8915,2.3643,193.1582,0.0000,0.0000,0.0000,157.0961,5.0042,2126.0742
25/10/2021 00:00:00,34.1816,0.2350,17.3365,0.0000,0.0000,0.0000,0.0000,0.0000,40.1372,0.0000,327.5354,26.2656,0.3571,0.4479,0.2204,0.0220,992.2029,1145.1960,74.8927,74.8926,1.8706,2.3383,193.8571,0.0000,0.0000,0.0000,158.3518,5.0036,2138.4399
26/10/2021 00:00:00,37.5851,0.2387,17.5425,0.0000,0.0000,0.0000,0.0000,0.0000,39.5462,0.0000,329.6955,26.4110,0.3571,0.4452,0.2196,0.0220,995.6975,1154.0576,74.6965,74.6965,1.8498,2.3122,194.5561,0.0000,0.0000,0.0000,159.6076,5.0031,2150.8056
27/10/2021 00:00:00,34.5977,0.2342,17.6027,0.0000,0.0000,0.0000,0.0000,0.0000,38.9552,0.0000,331.8556,26.5564,0.3571,0.4424,0.2189,0.0219,999.1921,1162.9192,74.5004,74.5004,1.8289,2.2862,195.2550,0.0000,0.0000,0.0000,160.8633,5.0026,2163.1712
28/10/2021 00:00:00,25.5404,0.2359,17.7709,0.0000,0.0000,0.0000,0.0000,0.0000,38.3641,0.0000,334.0157,26.7018,0.3571,0.4396,0.2181,0.0218,1002.6867,1171.7809,74.3043,74.3042,1.8081,2.2601,195.9539,0.0000,0.0000,0.0000,162.1191,5.0021,2175.5369
29/10/2021 00:00:00,20.1645,0.2404,16.9417,0.0000,0.0000,0.0000,0.0000,0.0000,37.7731,0.0000,336.1758,26.8472,0.3571,0.4369,0.2173,0.0217,1006.1813,1180.6425,74.1082,74.1081,1.7873,2.2341,196.6528,0.0000,0.0000,0.0000,163.3749,5.0016,2187.9026
30/10/2021 00:00:00,33.0112,0.2420,16.8467,0.0000,0.0000,0.0000,0.0000,0.0000,37.1821,0.0000,338.3359,26.9926,0.3571,0.4341,0.2166,0.0217,1009.6759,1189.5041,73.9120,73.9120,1.7664,2.2080,197.3517,0.0000,0.0000,0.0000,164.6306,5.0010,2200.2683
31/10/2021 00:00:00,36.8242,0.2365,17.3135,0.0000,0.0000,0.0000,0.0000,0.0000,36.5911,0.0000,340.4960,27.1381,0.3571,0.4313,0.2158,0.0216,1013.1705,1198.3657,73.7159,73.7159,1.7456,2.1820,198.0507,0.0000,0.0000,0.0000,165.8864,5.0005,2212.6340
01/11/2021 00:00:00,32.4219,0.2344,18.3205,0.0000,0.0000,0.0000,0.0000,0.0000,36.0001,0.0000,342.6561,27.2835,0.3571,0.4286,0.2151,0.0215,1016.6651,1207.2273,73.5198,73.5197,1.7247,2.1559,198.7496,0.0000,0.0000,0.0000,167.1422,5.0000,2224.9996
02/11/2021 00:00:00,32.2606,0.2219,19.1216,0.0000,0.0000,0.0000,0.0000,0.0000,35.6627,0.0000,340.4151,27.8764,0.3690,0.4222,0.2158,0.0216,1016.3890,1201.5950,73.7485,73.7486,1.7300,2.1625,197.6118,0.0000,0.0000,0.0000,166.9763,5.0043,2218.8891
03/11/2021 00:00:00,18.3468,0.2270,19.5040,0.0000,0.0000,0.0000,0.0000,0.0000,35.3255,0.0000,338.1738,28.4696,0.3809,0.4159,0.2165,0.0216,1016.1112,1195.9560,73.9773,73.9774,1.7353,2.1691,196.4729,0.0000,0.0000,0.0000,166.8096,5.0086,2212.7780
04/11/2021 00:00:00,10.7998,0.2246,19.5694,0.0000,0.0000,0.0000,0.0000,0.0000,34.9884,0.0000,335.9325,29.0627,0.3929,0.4095,0.2172,0.0217,1015.8335,1190.3169,74.2062,74.2062,1.7406,2.1757,195.3341,0.0000,0.0000,0.0000,166.6429,5.0129,2206.6669
05/11/2021 00:00:00,11.5386,0.2168,20.2000,0.0000,0.0000,0.0000,0.0000,0.0000,34.6512,0.0000,333.6912,29.6558,0.4048,0.4032,0.2179,0.0218,1015.5557,1184.6779,74.4350,74.4350,1.7458,2.1823,194.1952,0.0000,0.0000,0.0000,166.4763,5.0172,2200.5558
06/11/2021 00:00:00,10.0099,0.2143,20.3984,0.0000,0.0000,0.0000,0.0000,0.0000,34.3140,0.0000,331.4499,30.2489,0.4167,0.3968,0.2186,0.0219,1015.2779,1179.0389,74.6638,74.6639,1.7511,2.1889,193.0563,0.0000,0.0000,0.0000,166.3096,5.0215,2194.4447
07/11/2021 00:00:00,9.3318,0.2219,19.0955,0.0000,0.0000,0.0000,0.0000,0.0000,33.9768,0.0000,329.2087,30.8420,0.4286,0.3905,0.2194,0.0219,1015.0001,1173.3999,74.8927,74.8927,1.7564,2.1955,191.9174,0.0000,0.0000,0.0000,166.1429,5.0258,2188.3336
08/11/2021 00:00:00,9.2256,0.2253,18.7885,0.0000,0.0000,0.0000,0.0000,0.0000,33.6396,0.0000,326.9674,31.4352,0.4405,0.3841,0.2201,0.0220,1014.7223,1167.7609,75.1215,75.1215,1.7617,2.2021,190.7786,0.0000,0.0000,0.0000,165.9763,5.0301,2182.2225
09/11/2021 00:00:00,19.6420,0.2325,18.9051,0.0000,0.0000,0.0000,0.0000,0.0000,33.3024,0.0000,324.7261,32.0283,0.4524,0.3778,0.2208,0.0221,1014.4446,1162.1219,75.3503,75.3504,1.7669,2.2087,189.6397,0.0000,0.0000,0.0000,165.8096,5.0344,2176.1114
10/11/2021 00:00:00,26.3275,0.2368,18.2427,0.0000,0.0000,0.0000,0.0000,0.0000,32.9652,0.0000,322.4848,32.6214,0.4643,0.3714,0.2215,0.0222,1014.1668,1156.4828,75.5792,75.5792,1.7722,2.2153,188.5008,0.0000,0.0000,0.0000,165.6429,5.0387,2170.0003
11/11/2021 00:00:00,30.6922,0.2236,16.4069,0.0000,0.0000,0.0000,0.0000,0.0000,32.6280,0.0000,320.2435,33.2145,0.4762,0.3651,0.2222,0.0222,1013.8890,1150.8438,75.8080,75.8080,1.7775,2.2219,187.3619,0.0000,0.0000,0.0000,165.4763,5.0430,2163.8893
12/11/2021 00:00:00,15.6343,0.2157,14.9926,0.0000,0.0000,0.0000,0.0000,0.0000,32.2908,0.0000,318.0022,33.8076,0.4881,0.3587,0.2229,0.0223,1013.6112,1145.2048,76.0368,76.0369,1.7828,2.2285,186.2231,0.0000,0.0000,0.0000,165.3096,5.0473,2157.7782
13/11/2021 00:00:00,0.4443,0.2147,14.9640,0.0000,0.0000,0.0000,0.0000,0.0000,31.9536,0.0000,315.7609,34.4008,0.5000,0.3524,0.2237,0.0224,1013.3335,1139.5658,76.2657,76.2657,1.7880,2.2351,185.0842,0.0000,0.0000,0.0000,165.1429,5.0516,2151.6671
14/11/2021 00:00:00,0.2521,0.2172,14.9521,0.0000,0.0000,0.0000,0.0000,0.0000,31.6164,0.0000,313.5196,34.9939,0.5119,0.3460,0.2244,0.0224,1013.0557,1133.9268,76.4945,76.4945,1.7933,2.2416,183.9453,0.0000,0.0000,0.0000,164.9763,5.0559,2145.5560
15/11/2021 00:00:00,15.4479,0.2225,14.8887,0.0000,0.0000,0.0000,0.0000,0.0000,31.2792,0.0000,311.2783,35.5870,0.5238,0.3397,0.2251,0.0225,1012.7779,1128.2878,76.7233,76.7234,1.7986,2.2482,182.8064,0.0000,0.0000,0.0000,164.8096,5.0602,2139.4449
16/11/2021 00:00:00,29.4099,0.2137,15.4985,0.0000,0.0000,0.0000,0.0000,0.0000,30.9420,0.0000,309.0370,36.1801,0.5357,0.3333,0.2258,0.0226,1012.5001,1122.6487,76.9521,76.9522,1.8039,2.2548,181.6676,0.0000,0.0000,0.0000,164.6429,5.0645,2133.3338
17/11/2021 00:00:00,33.3358,0.2329,15.7862,0.0000,0.0000,0.0000,0.0000,0.0000,30.6048,0.0000,306.7957,36.7733,0.5476,0.3270,0.2265,0.0227,1012.2223,1117.0097,77.1810,77.1810,1.8091,2.2614,180.5287,0.0000,0.0000,0.0000,164.4763,5.0688,2127.2227
18/11/2021 00:00:00,29.0748,0.2376,16.8046,0.0000,0.0000,0.0000,0.0000,0.0000,30.2676,0.0000,304.5544,37.3664,0.5595,0.3206,0.2272,0.0227,1011.9446,1111.3707,77.4098,77.4099,1.8144,2.2680,179.3898,0.0000,0.0000,0.0000,164.3096,5.0731,2121.1116
19/11/2021 00:00:00,31.9777,0.2351,16.8483,0.0000,0.0000,0.0000,0.0000,0.0000,29.9304,0.0000,302.3131,37.9595,0.5714,0.3143,0.2280,0.0228,1011.6668,1105.7317,77.6386,77.6387,1.8197,2.2746,178.2509,0.0000,0.0000,0.0000,164.1429,5.0774,2115.0005
20/11/2021 00:00:00,35.9957,0.2427,16.6114,0.0000,0.0000,0.0000,0.0000,0.0000,29.5932,0.0000,300.0718,38.5526,0.5833,0.3079,0.2287,0.0229,1011.3890,1100.0927,77.8675,77.8675,1.8250,2.2812,177.1121,0.0000,0.0000,0.0000,163.9763,5.0817,2108.8894
21/11/2021 00:00:00,36.4456,0.2434,16.8205,0.0000,0.0000,0.0000,0.0000,0.0000,29.2560,0.0000,297.8306,39.1457,0.5952,0.3016,0.2294,0.0229,1011.1112,1094.4537,78.0963,78.0964,1.8302,2.2878,175.9732,0.0000,0.0000,0.0000,163.8096,5.0860,2102.7783
22/11/2021 00:00:00,37.7479,0.2442,17.4795,0.0000,0.0000,0.0000,0.0000,0.0000,28.9188,0.0000,295.5893,39.7389,0.6071,0.2952,0.2301,0.0230,1010.8335,1088.8146,78.3251,78.3252,1.8355,2.2944,174.8343,0.0000,0.0000,0.0000,163.6429,5.0903,2096.6673
23/11/2021 00:00:00,37.2508,0.2369,18.1508,0.0000,0.0000,0.0000,0.0000,0.0000,28.5816,0.0000,293.3480,40.3320,0.6190,0.2889,0.2308,0.0231,1010.5557,1083.1756,78.5540,78.5540,1.8408,2.3010,173.6954,0.0000,0.0000,0.0000,163.4763,5.0946,2090.5562
24/11/2021 00:00:00,48.2886,0.2294,18.7812,0.0000,0.0000,0.0000,0.0000,0.0000,28.2444,0.0000,291.1067,40.9251,0.6309,0.2825,0.2315,0.0232,1010.2779,1077.5366,78.7828,78.7828,1.8461,2.3076,172.5566,0.0000,0.0000,0.0000,163.3096,5.0989,2084.4451
25/11/2021 00:00:00,37.6604,0.2283,19.0635,0.0000,0.0000,0.0000,0.0000,0.0000,27.9072,0.0000,288.8654,41.5182,0.6429,0.2762,0.2323,0.0232,1010.0001,1071.8976,79.0116,79.0117,1.8514,2.3142,171.4177,0.0000,0.0000,0.0000,163.1429,5.1032,2078.3340
26/11/2021 00:00:00,42.6876,0.2313,17.6883,0.0000,0.0000,0.0000,0.0000,0.0000,27.5701,0.0000,286.6241,42.1113,0.6548,0.2698,0.2330,0.0233,1009.7224,1066.2586,79.2405,79.2405,1.8566,2.3208,170.2788,0.0000,0.0000,0.0000,162.9763,5.1075,2072.2229
27/11/2021 00:00:00,68.5203,0.2055,17.7137,0.0000,0.0000,0.0000,0.0000,0.0000,27.2329,0.0000,284.3828,42.7045,0.6667,0.2635,0.2337,0.0234,1009.4446,1060.6195,79.4693,79.4693,1.8619,2.3274,169.1400,0.0000,0.0000,0.0000,162.8096,5.1118,2066.1118
28/11/2021 00:00:00,68.4361,0.2060,18.4858,0.0000,0.0000,0.0000,0.0000,0.0000,26.8957,0.0000,282.1415,43.2976,0.6786,0.2571,0.2344,0.0234,1009.1668,1054.9805,79.6981,79.6982,1.8672,2.3340,168.0011,0.0000,0.0000,0.0000,162.6429,5.1161,2060.0007
29/11/2021 00:00:00,35.4269,0.2048,19.5320,0.0000,0.0000,0.0000,0.0000,0.0000,26.5585,0.0000,279.9002,43.8907,0.6905,0.2508,0.2351,0.0235,1008.8890,1049.3415,79.9270,79.9270,1.8725,2.3406,166.8622,0.0000,0.0000,0.0000,162.4763,5.1204,2053.8896
30/11/2021 00:00:00,12.0492,0.2049,20.4381,0.0000,0.0000,0.0000,0.0000,0.0000,26.2213,0.0000,277.6589,44.4838,0.7024,0.2444,0.2358,0.0236,1008.6112,1043.7025,80.1558,80.1558,1.8777,2.3472,165.7233,0.0000,0.0000,0.0000,162.3096,5.1247,2047.7785
01/12/2021 00:00:00,9.4818,0.2045,21.3127,0.0000,0.0000,0.0000,0.0000,0.0000,25.8841,0.0000,275.4176,45.0769,0.7143,0.2381,0.2366,0.0237,1008.3335,1038.0635,80.3846,80.3847,1.8830,2.3538,164.5845,0.0000,0.0000,0.0000,162.1429,5.1290,2041.6674
02/12/2021 00:00:00,3.1821,0.2052,20.9916,0.0000,0.0000,0.0000,0.0000,0.0000,26.5264,0.0000,274.1236,44.1972,0.7097,0.2534,0.2379,0.0238,1019.6182,1048.7746,80.1306,80.1306,1.8862,2.3578,163.6568,0.0000,0.0000,0.0000,163.2023,5.1769,2063.9753
03/12/2021 00:00:00,0.4577,0.2085,20.4456,0.0000,0.0000,0.0000,0.0000,0.0000,27.1690,0.0000,272.8299,43.3171,0.7051,0.2688,0.2393,0.0239,1030.9086,1059.4972,79.8762,79.8762,1.8895,2.3619,162.7294,0.0000,0.0000,0.0000,164.2622,5.2247,2086.2868
04/12/2021 00:00:00,0.4070,0.2103,19.8041,0.0000,0.0000,0.0000,0.0000,0.0000,27.8116,0.0000,271.5362,42.4370,0.7005,0.2842,0.2407,0.0241,1042.1991,1070.2198,79.6218,79.6218,1.8927,2.3659,161.8020,0.0000,0.0000,0.0000,165.3221,5.2726,2108.5983
05/12/2021 00:00:00,0.4603,0.2116,19.7559,0.0000,0.0000,0.0000,0.0000,0.0000,28.4541,0.0000,270.2426,41.5569,0.6959,0.2995,0.2421,0.0242,1053.4895,1080.9424,79.3674,79.3674,1.8960,2.3700,160.8746,0.0000,0.0000,0.0000,166.3820,5.3205,2130.9097
06/12/2021 00:00:00,0.4133,0.2137,20.3774,0.0000,0.0000,0.0000,0.0000,0.0000,29.0967,0.0000,268.9489,40.6768,0.6912,0.3149,0.2435,0.0243,1064.7800,1091.6650,79.1130,79.1130,1.8992,2.3740,159.9471,0.0000,0.0000,0.0000,167.4420,5.3683,2153.2212
07/12/2021 00:00:00,0.3995,0.2172,19.5833,0.0000,0.0000,0.0000,0.0000,0.0000,29.7393,0.0000,267.6552,39.7966,0.6866,0.3303,0.2449,0.0245,1076.0705,1102.3875,78.8586,78.8586,1.9024,2.3781,159.0197,0.0000,0.0000,0.0000,168.5019,5.4162,2175.5327
08/12/2021 00:00:00,0.5049,0.2186,18.1180,0.0000,0.0000,0.0000,0.0000,0.0000,30.3819,0.0000,266.3616,38.9165,0.6820,0.3456,0.2463,0.0246,1087.3609,1113.1101,78.6042,78.6042,1.9057,2.3821,158.0923,0.0000,0.0000,0.0000,169.5618,5.4641,2197.8442
09/12/2021 00:00:00,0.5350,0.2198,17.0788,0.0000,0.0000,0.0000,0.0000,0.0000,31.0244,0.0000,265.0679,38.0364,0.6774,0.3610,0.2477,0.0248,1098.6514,1123.8327,78.3499,78.3498,1.9089,2.3862,157.1649,0.0000,0.0000,0.0000,170.6217,5.5119,2220.1557
10/12/2021 00:00:00,0.5672,0.2212,17.0801,0.0000,0.0000,0.0000,0.0000,0.0000,31.6670,0.0000,263.7742,37.1563,0.6728,0.3763,0.2490,0.0249,1109.9418,1134.5553,78.0955,78.0955,1.9122,2.3902,156.2374,0.0000,0.0000,0.0000,171.6816,5.5598,2242.4672
11/12/2021 00:00:00,0.5936,0.2238,18.0796,0.0000,0.0000,0.0000,0.0000,0.0000,32.3096,0.0000,262.4805,36.2762,0.6682,0.3917,0.2504,0.0250,1121.2323,1145.2779,77.8411,77.8411,1.9154,2.3943,155.3100,0.0000,0.0000,0.0000,172.7416,5.6077,2264.7786
12/12/2021 00:00:00,0.5945,0.2245,19.5106,0.0000,0.0000,0.0000,0.0000,0.0000,32.9521,0.0000,261.1869,35.3961,0.6636,0.4071,0.2518,0.0252,1132.5228,1156.0005,77.5867,77.5867,1.9186,2.3983,154.3826,0.0000,0.0000,0.0000,173.8015,5.6555,2287.0901
13/12/2021 00:00:00,0.5085,0.2256,20.1540,0.0000,0.0000,0.0000,0.0000,0.0000,33.5947,0.0000,259.8932,34.5160,0.6590,0.4224,0.2532,0.0253,1143.8132,1166.7231,77.3323,77.3323,1.9219,2.4024,153.4552,0.0000,0.0000,0.0000,174.8614,5.7034,2309.4016
14/12/2021 00:00:00,0.5407,0.2290,19.5536,0.0000,0.0000,0.0000,0.0000,0.0000,34.2373,0.0000,258.5995,33.6358,0.6544,0.4378,0.2546,0.0255,1155.1037,1177.4457,77.0779,77.0779,1.9251,2.4064,152.5277,0.0000,0.0000,0.0000,175.9213,5.7513,2331.7131
15/12/2021 00:00:00,0.5409,0.2333,20.3537,0.0000,0.0000,0.0000,0.0000,0.0000,34.8799,0.0000,257.3059,32.7557,0.6498,0.4531,0.2560,0.0256,1166.3942,1188.1683,76.8235,76.8235,1.9284,2.4105,151.6003,0.0000,0.0000,0.0000,176.9812,5.7991,2354.0246
16/12/2021 00:00:00,0.5633,0.2355,21.3379,0.0000,0.0000,0.0000,0.0000,0.0000,35.5224,0.0000,256.0122,31.8756,0.6452,0.4685,0.2574,0.0257,1177.6846,1198.8909,76.5691,76.5691,1.9316,2.4145,150.6729,0.0000,0.0000,0.0000,178.0412,5.8470,2376.3360
17/12/2021 00:00:00,0.5599,0.2472,22.3549,0.0000,0.0000,0.0000,0.0000,0.0000,36.1650,0.0000,254.7185,30.9955,0.6406,0.4839,0.2588,0.0259,1188.9751,1209.6135,76.3147,76.3147,1.9348,2.4186,149.7455,0.0000,0.0000,0.0000,179.1011,5.8949,2398.6475
18/12/2021 00:00:00,0.4579,0.2613,22.7803,0.0000,0.0000,0.0000,0.0000,0.0000,36.8076,0.0000,253.4249,30.1154,0.6359,0.4992,0.2601,0.0260,1200.2655,1220.3361,76.0603,76.0603,1.9381,2.4226,148.8181,0.0000,0.0000,0.0000,180.1610,5.9427,2420.9590
19/12/2021 00:00:00,0.3629,0.2615,22.0269,0.0000,0.0000,0.0000,0.0000,0.0000,37.4501,0.0000,252.1312,29.2353,0.6313,0.5146,0.2615,0.0262,1211.5560,1231.0586,75.8059,75.8060,1.9413,2.4267,147.8906,0.0000,0.0000,0.0000,181.2209,5.9906,2443.2705
20/12/2021 00:00:00,0.4365,0.2699,20.6803,0.0000,0.0000,0.0000,0.0000,0.0000,38.0927,0.0000,250.8375,28.3551,0.6267,0.5299,0.2629,0.0263,1222.8465,1241.7812,75.5515,75.5516,1.9446,2.4307,146.9632,0.0000,0.0000,0.0000,182.2808,6.0385,2465.5820
21/12/2021 00:00:00,0.4617,0.3075,21.4155,0.0000,0.0000,0.0000,0.0000,0.0000,38.7353,0.0000,249.5439,27.4750,0.6221,0.5453,0.2643,0.0264,1234.1369,1252.5038,75.2971,75.2972,1.9478,2.4348,146.0358,0.0000,0.0000,0.0000,183.3408,6.0863,2487.8934
22/12/2021 00:00:00,0.4840,0.2906,21.5370,0.0000,0.0000,0.0000,0.0000,0.0000,39.3778,0.0000,248.2502,26.5949,0.6175,0.5607,0.2657,0.0266,1245.4274,1263.2264,75.0427,75.0428,1.9510,2.4388,145.1084,0.0000,0.0000,0.0000,184.4007,6.1342,2510.2049
23/12/2021 00:00:00,0.5130,0.2933,21.3425,0.0000,0.0000,0.0000,0.0000,0.0000,40.0204,0.0000,246.9565,25.7148,0.6129,0.5760,0.2671,0.0267,1256.7178,1273.9490,74.7883,74.7884,1.9543,2.4429,144.1809,0.0000,0.0000,0.0000,185.4606,6.1821,2532.5164
24/12/2021 00:00:00,0.4939,0.2931,21.7149,0.0000,0.0000,0.0000,0.0000,0.0000,40.6630,0.0000,245.6629,24.8347,0.6083,0.5914,0.2685,0.0268,1268.0083,1284.6716,74.5339,74.5340,1.9575,2.4469,143.2535,0.0000,0.0000,0.0000,186.5205,6.2299,2554.8279
25/12/2021 00:00:00,0.4929,0.2904,20.9731,0.0000,0.0000,0.0000,0.0000,0.0000,41.3056,0.0000,244.3692,23.9546,0.6037,0.6068,0.2699,0.0270,1279.2988,1295.3942,74.2796,74.2796,1.9608,2.4509,142.3261,0.0000,0.0000,0.0000,187.5804,6.2778,2577.1394
26/12/2021 00:00:00,0.5108,0.2783,19.1972,0.0000,0.0000,0.0000,0.0000,0.0000,41.9481,0.0000,243.0755,23.0745,0.5991,0.6221,0.2712,0.0271,1290.5892,1306.1168,74.0252,74.0252,1.9640,2.4550,141.3987,0.0000,0.0000,0.0000,188.6404,6.3257,2599.4509
27/12/2021 00:00:00,0.5559,0.2684,18.1105,0.0000,0.0000,0.0000,0.0000,0.0000,42.5907,0.0000,241.7819,22.1943,0.5945,0.6375,0.2726,0.0273,1301.8797,1316.8394,73.7708,73.7708,1.9672,2.4590,140.4712,0.0000,0.0000,0.0000,189.7003,6.3735,2621.7623
28/12/2021 00:00:00,0.5776,0.2466,18.5016,0.0000,0.0000,0.0000,0.0000,0.0000,43.2333,0.0000,240.4882,21.3142,0.5899,0.6528,0.2740,0.0274,1313.1701,1327.5620,73.5164,73.5164,1.9705,2.4631,139.5438,0.0000,0.0000,0.0000,190.7602,6.4214,2644.0738
29/12/2021 00:00:00,0.5681,0.2444,20.2391,0.0000,0.0000,0.0000,0.0000,0.0000,43.8758,0.0000,239.1945,20.4341,0.5853,0.6682,0.2754,0.0275,1324.4606,1338.2846,73.2620,73.2621,1.9737,2.4671,138.6164,0.0000,0.0000,0.0000,191.8201,6.4693,2666.3853
30/12/2021 00:00:00,0.5790,0.2433,21.8529,0.0000,0.0000,0.0000,0.0000,0.0000,44.5184,0.0000,237.9009,19.5540,0.5806,0.6836,0.2768,0.0277,1335.7511,1349.0072,73.0076,73.0077,1.9770,2.4712,137.6890,0.0000,0.0000,0.0000,192.8800,6.5172,2688.6968
31/12/2021 00:00:00,0.5581,0.2436,23.6716,0.0000,0.0000,0.0000,0.0000,0.0000,45.1610,0.0000,236.6072,18.6739,0.5760,0.6989,0.2782,0.0278,1347.0415,1359.7298,72.7532,72.7533,1.9802,2.4752,136.7615,0.0000,0.0000,0.0000,193.9400,6.5650,2711.0083
01/01/2022 00:00:00,0.5012,0.2404,23.4146,0.0000,0.0000,0.0000,0.0000,0.0000,45.8036,0.0000,235.3135,17.7938,0.5714,0.7143,0.2796,0.0280,1358.3320,1370.4523,72.4988,72.4989,1.9834,2.4793,135.8341,0.0000,0.0000,0.0000,194.9999,6.6129,2733.3197
02/01/2022 00:00:00,0.4969,0.2413,23.2834,0.0000,0.0000,0.0000,0.0000,0.0000,45.6752,0.0000,235.6147,18.0805,0.5645,0.7131,0.2773,0.0277,1357.5270,1359.8913,72.3007,72.3008,1.9635,2.4544,136.9883,0.0000,0.0000,0.0000,196.0367,6.6056,2723.9303
03/01/2022 00:00:00,0.4683,0.2482,21.7162,0.0000,0.0000,0.0000,0.0000,0.0000,45.5466,0.0000,235.9171,18.3675,0.5576,0.7120,0.2751,0.0275,1356.7205,1349.3187,72.1026,72.1027,1.9436,2.4295,138.1442,0.0000,0.0000,0.0000,197.0736,6.5983,2714.5215
04/01/2022 00:00:00,0.4770,0.2571,20.0115,0.0000,0.0000,0.0000,0.0000,0.0000,45.4180,0.0000,236.2195,18.6545,0.5507,0.7108,0.2728,0.0273,1355.9141,1338.7461,71.9046,71.9047,1.9237,2.4046,139.3002,0.0000,0.0000,0.0000,198.1104,6.5911,2705.1128
05/01/2022 00:00:00,0.4731,0.2558,18.5782,0.0000,0.0000,0.0000,0.0000,0.0000,45.2893,0.0000,236.5219,18.9415,0.5438,0.7097,0.2706,0.0271,1355.1076,1328.1734,71.7065,71.7066,1.9037,2.3797,140.4561,0.0000,0.0000,0.0000,199.1473,6.5838,2695.7040
06/01/2022 00:00:00,0.4679,0.2525,18.5758,0.0000,0.0000,0.0000,0.0000,0.0000,45.1607,0.0000,236.8243,19.2285,0.5369,0.7085,0.2683,0.0268,1354.3012,1317.6008,71.5085,71.5085,1.8838,2.3548,141.6120,0.0000,0.0000,0.0000,200.1841,6.5765,2686.2953
07/01/2022 00:00:00,0.4652,0.2502,18.7280,0.0000,0.0000,0.0000,0.0000,0.0000,45.0321,0.0000,237.1268,19.5155,0.5300,0.7074,0.2660,0.0266,1353.4947,1307.0282,71.3104,71.3105,1.8639,2.3299,142.7680,0.0000,0.0000,0.0000,201.2210,6.5692,2676.8865
08/01/2022 00:00:00,0.4894,0.2510,19.0387,0.0000,0.0000,0.0000,0.0000,0.0000,44.9035,0.0000,237.4292,19.8024,0.5230,0.7062,0.2638,0.0264,1352.6882,1296.4556,71.1124,71.1124,1.8440,2.3050,143.9239,0.0000,0.0000,0.0000,202.2578,6.5619,2667.4778
09/01/2022 00:00:00,0.5450,0.2495,20.4969,0.0000,0.0000,0.0000,0.0000,0.0000,44.7749,0.0000,237.7316,20.0894,0.5161,0.7051,0.2615,0.0262,1351.8818,1285.8829,70.9143,70.9144,1.8241,2.2801,145.0798,0.0000,0.0000,0.0000,203.2947,6.5546,2658.0690
10/01/2022 00:00:00,0.5606,0.2491,22.2230,0.0000,0.0000,0.0000,0.0000,0.0000,44.6463,0.0000,238.0340,20.3764,0.5092,0.7039,0.2593,0.0259,1351.0753,1275.3103,70.7162,70.7163,1.8041,2.2552,146.2358,0.0000,0.0000,0.0000,204.3315,6.5473,2648.6602
11/01/2022 00:00:00,3.7346,0.2409,23.2899,0.0000,0.0000,0.0000,0.0000,0.0000,44.5177,0.0000,238.3364,20.6634,0.5023,0.7028,0.2570,0.0257,1350.2689,1264.7377,70.5182,70.5182,1.7842,2.2303,147.3917,0.0000,0.0000,0.0000,205.3683,6.5401,2639.2515
12/01/2022 00:00:00,9.0961,0.2214,24.5638,0.0000,0.0000,0.0000,0.0000,0.0000,44.3891,0.0000,238.6389,20.9504,0.4954,0.7016,0.2548,0.0255,1349.4624,1254.1651,70.3201,70.3202,1.7643,2.2054,148.5476,0.0000,0.0000,0.0000,206.4052,6.5328,2629.8427
13/01/2022 00:00:00,10.7680,0.2120,24.6311,0.0000,0.0000,0.0000,0.0000,0.0000,44.2605,0.0000,238.9413,21.2374,0.4885,0.7005,0.2525,0.0253,1348.6560,1243.5925,70.1221,70.1221,1.7444,2.1805,149.7036,0.0000,0.0000,0.0000,207.4420,6.5255,2620.4340
14/01/2022 00:00:00,8.0485,0.2115,24.1158,0.0000,0.0000,0.0000,0.0000,0.0000,44.1318,0.0000,239.2437,21.5244,0.4816,0.6993,0.2503,0.0250,1347.8495,1233.0198,69.9240,69.9241,1.7244,2.1555,150.8595,0.0000,0.0000,0.0000,208.4789,6.5182,2611.0252
15/01/2022 00:00:00,3.1646,0.2147,23.2576,0.0000,0.0000,0.0000,0.0000,0.0000,44.0032,0.0000,239.5461,21.8113,0.4747,0.6982,0.2480,0.0248,1347.0431,1222.4472,69.7259,69.7260,1.7045,2.1306,152.0154,0.0000,0.0000,0.0000,209.5157,6.5109,2601.6165
16/01/2022 00:00:00,0.4725,0.2166,23.6366,0.0000,0.0000,0.0000,0.0000,0.0000,43.8746,0.0000,239.8485,22.0983,0.4677,0.6970,0.2458,0.0246,1346.2366,1211.8746,69.5279,69.5279,1.6846,2.1057,153.1714,0.0000,0.0000,0.0000,210.5526,6.5036,2592.2077
17/01/2022 00:00:00,0.4517,0.2177,22.6341,0.0000,0.0000,0.0000,0.0000,0.0000,43.7460,0.0000,240.1509,22.3853,0.4608,0.6959,0.2435,0.0243,1345.4302,1201.3020,69.3298,69.3299,1.6647,2.0808,154.3273,0.0000,0.0000,0.0000,211.5894,6.4964,2582.7989
18/01/2022 00:00:00,0.4521,0.2187,21.1006,0.0000,0.0000,0.0000,0.0000,0.0000,43.6174,0.0000,240.4534,22.6723,0.4539,0.6947,0.2412,0.0241,1344.6237,1190.7293,69.1318,69.1318,1.6447,2.0559,155.4833,0.0000,0.0000,0.0000,212.6263,6.4891,2573.3902
19/01/2022 00:00:00,0.4827,0.2200,20.0729,0.0000,0.0000,0.0000,0.0000,0.0000,43.4888,0.0000,240.7558,22.9593,0.4470,0.6935,0.2390,0.0239,1343.8173,1180.1567,68.9337,68.9338,1.6248,2.0310,156.6392,0.0000,0.0000,0.0000,213.6631,6.4818,2563.9814
20/01/2022 00:00:00,0.5263,0.2208,22.0727,0.0000,0.0000,0.0000,0.0000,0.0000,43.3602,0.0000,241.0582,23.2463,0.4401,0.6924,0.2367,0.0237,1343.0108,1169.5841,68.7356,68.7357,1.6049,2.0061,157.7951,0.0000,0.0000,0.0000,214.6999,6.4745,2554.5727
21/01/2022 00:00:00,0.5461,0.2222,23.4205,0.0000,0.0000,0.0000,0.0000,0.0000,43.2316,0.0000,241.3606,23.5333,0.4332,0.6912,0.2345,0.0234,1342.2043,1159.0115,68.5376,68.5376,1.5850,1.9812,158.9511,0.0000,0.0000,0.0000,215.7368,6.4672,2545.1639
22/01/2022 00:00:00,0.5379,0.2235,23.3389,0.0000,0.0000,0.0000,0.0000,0.0000,43.1030,0.0000,241.6630,23.8203,0.4263,0.6901,0.2322,0.0232,1341.3979,1148.4389,68.3395,68.3396,1.5651,1.9563,160.1070,0.0000,0.0000,0.0000,216.7736,6.4599,2535.7552
23/01/2022 00:00:00,0.5183,0.2235,22.6708,0.0000,0.0000,0.0000,0.0000,0.0000,42.9743,0.0000,241.9654,24.1072,0.4194,0.6889,0.2300,0.0230,1340.5914,1137.8662,68.1415,68.1415,1.5451,1.9314,161.2629,0.0000,0.0000,0.0000,217.8105,6.4527,2526.3464
24/01/2022 00:00:00,0.5150,0.2221,23.1150,0.0000,0.0000,0.0000,0.0000,0.0000,42.8457,0.0000,242.2679,24.3942,0.4124,0.6878,0.2277,0.0228,1339.7850,1127.2936,67.9434,67.9435,1.5252,1.9065,162.4189,0.0000,0.0000,0.0000,218.8473,6.4454,2516.9377
25/01/2022 00:00:00,0.5134,0.2236,24.6651,0.0000,0.0000,0.0000,0.0000,0.0000,42.7171,0.0000,242.5703,24.6812,0.4055,0.6866,0.2255,0.0225,1338.9785,1116.7210,67.7453,67.7454,1.5053,1.8816,163.5748,0.0000,0.0000,0.0000,219.8842,6.4381,2507.5289
26/01/2022 00:00:00,0.4906,0.2244,25.5943,0.0000,0.0000,0.0000,0.0000,0.0000,42.5885,0.0000,242.8727,24.9682,0.3986,0.6855,0.2232,0.0223,1338.1721,1106.1484,67.5473,67.5474,1.4854,1.8567,164.7307,0.0000,0.0000,0.0000,220.9210,6.4308,2498.1201
27/01/2022 00:00:00,0.4778,0.2259,26.1054,0.0000,0.0000,0.0000,0.0000,0.0000,42.4599,0.0000,243.1751,25.2552,0.3917,0.6843,0.2210,0.0221,1337.3656,1095.5757,67.3492,67.3493,1.4654,1.8318,165.8867,0.0000,0.0000,0.0000,221.9579,6.4235,2488.7114
28/01/2022 00:00:00,0.4602,0.2284,25.5838,0.0000,0.0000,0.0000,0.0000,0.0000,42.3313,0.0000,243.4775,25.5422,0.3848,0.6832,0.2187,0.0219,1336.5592,1085.0031,67.1512,67.1512,1.4455,1.8069,167.0426,0.0000,0.0000,0.0000,222.9947,6.4162,2479.3026
29/01/2022 00:00:00,0.4532,0.2294,24.1816,0.0000,0.0000,0.0000,0.0000,0.0000,42.2027,0.0000,243.7799,25.8292,0.3779,0.6820,0.2164,0.0216,1335.7527,1074.4305,66.9531,66.9532,1.4256,1.7820,168.1985,0.0000,0.0000,0.0000,224.0316,6.4090,2469.8939
30/01/2022 00:00:00,0.4781,0.2312,23.6544,0.0000,0.0000,0.0000,0.0000,0.0000,42.0741,0.0000,244.0824,26.1161,0.3710,0.6809,0.2142,0.0214,1334.9463,1063.8579,66.7550,66.7551,1.4057,1.7571,169.3545,0.0000,0.0000,0.0000,225.0684,6.4017,2460.4851
31/01/2022 00:00:00,0.4787,0.2318,24.5007,0.0000,0.0000,0.0000,0.0000,0.0000,41.9455,0.0000,244.3848,26.4031,0.3641,0.6797,0.2119,0.0212,1334.1398,1053.2853,66.5570,66.5571,1.3857,1.7322,170.5104,0.0000,0.0000,0.0000,226.1052,6.3944,2451.0764
01/02/2022 00:00:00,0.4988,0.2474,22.8528,0.0000,0.0000,0.0000,0.0000,0.0000,41.8169,0.0000,244.6872,26.6901,0.3571,0.6786,0.2097,0.0210,1333.3334,1042.7126,66.3589,66.3590,1.3658,1.7073,171.6663,0.0000,0.0000,0.0000,227.1421,6.3871,2441.6676
02/02/2022 00:00:00,0.4837,0.2395,19.5478,0.0000,0.0000,0.0000,0.0000,0.0000,41.6882,0.0000,245.0310,26.6269,0.3571,0.6709,0.2068,0.0207,1330.7551,1040.3103,66.6902,66.6901,1.3906,1.7382,171.4872,0.0000,0.0000,0.0000,226.5119,6.3704,2436.2805
03/02/2022 00:00:00,0.5408,0.2318,18.9902,0.0000,0.0000,0.0000,0.0000,0.0000,41.5596,0.0000,245.3749,26.5634,0.3571,0.6633,0.2039,0.0204,1328.1769,1037.9113,67.0217,67.0216,1.4154,1.7692,171.3076,0.0000,0.0000,0.0000,225.8805,6.3536,2430.8937
04/02/2022 00:00:00,0.5631,0.2265,18.9280,0.0000,0.0000,0.0000,0.0000,0.0000,41.4310,0.0000,245.7188,26.4998,0.3571,0.6556,0.2010,0.0201,1325.5986,1035.5123,67.3532,67.3531,1.4401,1.8002,171.1280,0.0000,0.0000,0.0000,225.2491,6.3368,2425.5070
05/02/2022 00:00:00,0.5851,0.2285,20.1156,0.0000,0.0000,0.0000,0.0000,0.0000,41.3024,0.0000,246.0626,26.4363,0.3571,0.6480,0.1982,0.0198,1323.0203,1033.1132,67.6847,67.6846,1.4649,1.8311,170.9485,0.0000,0.0000,0.0000,224.6177,6.3201,2420.1202
06/02/2022 00:00:00,0.6020,0.2273,21.7622,0.0000,0.0000,0.0000,0.0000,0.0000,41.1738,0.0000,246.4065,26.3727,0.3571,0.6403,0.1953,0.0195,1320.4421,1030.7142,68.0162,68.0161,1.4897,1.8621,170.7689,0.0000,0.0000,0.0000,223.9863,6.3033,2414.7335
07/02/2022 00:00:00,4.4836,0.2223,22.6952,0.0000,0.0000,0.0000,0.0000,0.0000,41.0452,0.0000,246.7504,26.3092,0.3571,0.6327,0.1924,0.0192,1317.8638,1028.3152,68.3477,68.3476,1.5144,1.8930,170.5894,0.0000,0.0000,0.0000,223.3548,6.2866,2409.3467
08/02/2022 00:00:00,10.5472,0.2074,22.7378,0.0000,0.0000,0.0000,0.0000,0.0000,40.9166,0.0000,247.0942,26.2456,0.3571,0.6250,0.1895,0.0190,1315.2855,1025.9162,68.6792,68.6791,1.5392,1.9240,170.4098,0.0000,0.0000,0.0000,222.7234,6.2698,2403.9600
09/02/2022 00:00:00,10.8742,0.1980,22.4737,0.0000,0.0000,0.0000,0.0000,0.0000,40.7880,0.0000,247.4381,26.1821,0.3571,0.6174,0.1866,0.0187,1312.7073,1023.5172,69.0107,69.0106,1.5640,1.9550,170.2303,0.0000,0.0000,0.0000,222.0920,6.2531,2398.5733
10/02/2022 00:00:00,9.4806,0.1969,21.9261,0.0000,0.0000,0.0000,0.0000,0.0000,40.6594,0.0000,247.7819,26.1185,0.3571,0.6097,0.1838,0.0184,1310.1290,1021.1181,69.3422,69.3421,1.5887,1.9859,170.0507,0.0000,0.0000,0.0000,221.4606,6.2363,2393.1865
11/02/2022 00:00:00,14.1695,0.1938,21.3034,0.0000,0.0000,0.0000,0.0000,0.0000,40.5307,0.0000,248.1258,26.0550,0.3571,0.6020,0.1809,0.0181,1307.5507,1018.7191,69.6737,69.6736,1.6135,2.0169,169.8711,0.0000,0.0000,0.0000,220.8292,6.2196,2387.7998
12/02/2022 00:00:00,21.2807,0.1917,20.9584,0.0000,0.0000,0.0000,0.0000,0.0000,40.4021,0.0000,248.4697,25.9914,0.3571,0.5944,0.1780,0.0178,1304.9725,1016.3201,70.0052,70.0051,1.6383,2.0478,169.6916,0.0000,0.0000,0.0000,220.1978,6.2028,2382.4130
13/02/2022 00:00:00,23.8673,0.1910,21.4808,0.0000,0.0000,0.0000,0.0000,0.0000,40.2735,0.0000,248.8135,25.9279,0.3571,0.5867,0.1751,0.0175,1302.3942,1013.9211,70.3367,70.3366,1.6630,2.0788,169.5120,0.0000,0.0000,0.0000,219.5663,6.1861,2377.0263
14/02/2022 00:00:00,22.3608,0.1900,21.8426,0.0000,0.0000,0.0000,0.0000,0.0000,40.1449,0.0000,249.1574,25.8643,0.3571,0.5791,0.1722,0.0172,1299.8159,1011.5221,70.6682,70.6681,1.6878,2.1098,169.3325,0.0000,0.0000,0.0000,218.9349,6.1693,2371.6395
15/02/2022 00:00:00,21.1937,0.1899,21.5936,0.0000,0.0000,0.0000,0.0000,0.0000,40.0163,0.0000,249.5013,25.8008,0.3571,0.5714,0.1694,0.0169,1297.2377,1009.1230,70.9997,70.9996,1.7126,2.1407,169.1529,0.0000,0.0000,0.0000,218.3035,6.1526,2366.2528
16/02/2022 00:00:00,21.0433,0.1898,20.9945,0.0000,0.0000,0.0000,0.0000,0.0000,39.8877,0.0000,249.8451,25.7372,0.3571,0.5638,0.1665,0.0166,1294.6594,1006.7240,71.3312,71.3311,1.7374,2.1717,168.9733,0.0000,0.0000,0.0000,217.6721,6.1358,2360.8661
17/02/2022 00:00:00,19.5195,0.1890,20.7654,0.0000,0.0000,0.0000,0.0000,0.0000,39.7591,0.0000,250.1890,25.6737,0.3571,0.5561,0.1636,0.0164,1292.0811,1004.3250,71.6626,71.6625,1.7621,2.2027,168.7938,0.0000,0.0000,0.0000,217.0407,6.1191,2355.4793
18/02/2022 00:00:00,16.6557,0.1876,20.1941,0.0000,0.0000,0.0000,0.0000,0.0000,39.6305,0.0000,250.5329,25.6101,0.3571,0.5485,0.1607,0.0161,1289.5029,1001.9260,71.9941,71.9940,1.7869,2.2336,168.6142,0.0000,0.0000,0.0000,216.4093,6.1023,2350.0926
19/02/2022 00:00:00,16.0384,0.1852,20.0485,0.0000,0.0000,0.0000,0.0000,0.0000,39.5019,0.0000,250.8767,25.5466,0.3571,0.5408,0.1578,0.0158,1286.9246,999.5270,72.3256,72.3255,1.8117,2.2646,168.4347,0.0000,0.0000,0.0000,215.7779,6.0856,2344.7058
20/02/2022 00:00:00,15.4267,0.1832,20.1881,0.0000,0.0000,0.0000,0.0000,0.0000,39.3732,0.0000,251.2206,25.4830,0.3571,0.5332,0.1550,0.0155,1284.3463,997.1280,72.6571,72.6570,1.8364,2.2955,168.2551,0.0000,0.0000,0.0000,215.1464,6.0688,2339.3191
21/02/2022 00:00:00,14.8115,0.1829,19.4964,0.0000,0.0000,0.0000,0.0000,0.0000,39.2446,0.0000,251.5645,25.4195,0.3571,0.5255,0.1521,0.0152,1281.7681,994.7289,72.9886,72.9885,1.8612,2.3265,168.0756,0.0000,0.0000,0.0000,214.5150,6.0520,2333.9323
22/02/2022 00:00:00,17.5456,0.1810,19.2024,0.0000,0.0000,0.0000,0.0000,0.0000,39.1160,0.0000,251.9083,25.3559,0.3571,0.5179,0.1492,0.0149,1279.1898,992.3299,73.3201,73.3200,1.8860,2.3575,167.8960,0.0000,0.0000,0.0000,213.8836,6.0353,2328.5456
23/02/2022 00:00:00,21.9291,0.1815,20.0270,0.0000,0.0000,0.0000,0.0000,0.0000,38.9874,0.0000,252.2522,25.2924,0.3571,0.5102,0.1463,0.0146,1276.6115,989.9309,73.6516,73.6515,1.9107,2.3884,167.7164,0.0000,0.0000,0.0000,213.2522,6.0185,2323.1589
24/02/2022 00:00:00,23.4998,0.1826,20.7198,0.0000,0.0000,0.0000,0.0000,0.0000,38.8588,0.0000,252.5961,25.2288,0.3571,0.5026,0.1434,0.0143,1274.0332,987.5319,73.9831,73.9830,1.9355,2.4194,167.5369,0.0000,0.0000,0.0000,212.6208,6.0018,2317.7721
25/02/2022 00:00:00,23.1320,0.1829,20.3860,0.0000,0.0000,0.0000,0.0000,0.0000,38.7302,0.0000,252.9399,25.1653,0.3571,0.4949,0.1406,0.0141,1271.4550,985.1329,74.3146,74.3145,1.9603,2.4503,167.3573,0.0000,0.0000,0.0000,211.9894,5.9850,2312.3854
26/02/2022 00:00:00,27.7903,0.1861,20.6700,0.0000,0.0000,0.0000,0.0000,0.0000,38.6016,0.0000,253.2838,25.1017,0.3571,0.4872,0.1377,0.0138,1268.8767,982.7338,74.6461,74.6460,1.9850,2.4813,167.1778,0.0000,0.0000,0.0000,211.3579,5.9683,2306.9986
27/02/2022 00:00:00,31.4860,0.1858,21.0611,0.0000,0.0000,0.0000,0.0000,0.0000,38.4730,0.0000,253.6277,25.0382,0.3571,0.4796,0.1348,0.0135,1266.2984,980.3348,74.9776,74.9775,2.0098,2.5123,166.9982,0.0000,0.0000,0.0000,210.7265,5.9515,2301.6119
28/02/2022 00:00:00,31.8165,0.1835,21.0323,0.0000,0.0000,0.0000,0.0000,0.0000,38.3444,0.0000,253.9715,24.9746,0.3571,0.4719,0.1319,0.0132,1263.7202,977.9358,75.3091,75.3090,2.0346,2.5432,166.8187,0.0000,0.0000,0.0000,210.0951,5.9348,2296.2251
01/03/2022 00:00:00,34.1661,0.1810,20.9920,0.0000,0.0000,0.0000,0.0000,0.0000,38.2157,0.0000,254.3154,24.9111,0.3571,0.4643,0.1290,0.0129,1261.1419,975.5368,75.6406,75.6405,2.0593,2.5742,166.6391,0.0000,0.0000,0.0000,209.4637,5.9180,2290.8384
02/03/2022 00:00:00,41.6931,0.1823,21.5248,0.0000,0.0000,0.0000,0.0000,0.0000,38.0871,0.0000,254.6593,25.4466,0.3571,0.4639,0.1308,0.0131,1258.5636,973.1378,75.2722,75.2723,2.0418,2.5523,166.4595,0.0000,0.0000,0.0000,208.8323,5.9013,2285.4517
03/03/2022 00:00:00,50.2324,0.1819,22.2803,0.0000,0.0000,0.0000,0.0000,0.0000,37.9585,0.0000,255.0031,25.9823,0.3571,0.4635,0.1325,0.0133,1255.9854,970.7388,74.9034,74.9035,2.0243,2.5304,166.2800,0.0000,0.0000,0.0000,208.2009,5.8845,2280.0649
04/03/2022 00:00:00,46.4232,0.1783,22.9325,0.0000,0.0000,0.0000,0.0000,0.0000,37.8299,0.0000,255.3470,26.5180,0.3571,0.4631,0.1342,0.0134,1253.4071,968.3397,74.5346,74.5347,2.0068,2.5085,166.1004,0.0000,0.0000,0.0000,207.5695,5.8678,2274.6782
05/03/2022 00:00:00,35.2914,0.1782,21.8126,0.0000,0.0000,0.0000,0.0000,0.0000,37.7013,0.0000,255.6909,27.0537,0.3571,0.4627,0.1360,0.0136,1250.8288,965.9407,74.1658,74.1659,1.9893,2.4866,165.9209,0.0000,0.0000,0.0000,206.9380,5.8510,2269.2914
06/03/2022 00:00:00,35.3455,0.1737,20.4481,0.0000,0.0000,0.0000,0.0000,0.0000,37.5727,0.0000,256.0347,27.5894,0.3571,0.4624,0.1377,0.0138,1248.2506,963.5417,73.7970,73.7971,1.9718,2.4647,165.7413,0.0000,0.0000,0.0000,206.3066,5.8343,2263.9047
07/03/2022 00:00:00,42.8806,0.1753,19.4595,0.0000,0.0000,0.0000,0.0000,0.0000,37.4441,0.0000,256.3786,28.1252,0.3571,0.4620,0.1394,0.0139,1245.6723,961.1427,73.4282,73.4283,1.9543,2.4428,165.5617,0.0000,0.0000,0.0000,205.6752,5.8175,2258.5179
08/03/2022 00:00:00,45.7769,0.1678,18.6073,0.0000,0.0000,0.0000,0.0000,0.0000,37.3155,0.0000,256.7225,28.6609,0.3571,0.4616,0.1412,0.0141,1243.0940,958.7437,73.0594,73.0595,1.9367,2.4209,165.3822,0.0000,0.0000,0.0000,205.0438,5.8008,2253.1312
09/03/2022 00:00:00,50.3196,0.1689,17.9485,0.0000,0.0000,0.0000,0.0000,0.0000,37.1869,0.0000,257.0663,29.1966,0.3571,0.4612,0.1429,0.0143,1240.5158,956.3446,72.6906,72.6907,1.9192,2.3990,165.2026,0.0000,0.0000,0.0000,204.4124,5.7840,2247.7445
10/03/2022 00:00:00,57.8586,0.1711,18.0280,0.0000,0.0000,0.0000,0.0000,0.0000,37.0582,0.0000,257.4102,29.7323,0.3571,0.4608,0.1446,0.0145,1237.9375,953.9456,72.3219,72.3219,1.9017,2.3771,165.0231,0.0000,0.0000,0.0000,203.7810,5.7673,2242.3577
11/03/2022 00:00:00,56.0753,0.1725,18.2156,0.0000,0.0000,0.0000,0.0000,0.0000,36.9296,0.0000,257.7540,30.2680,0.3571,0.4604,0.1464,0.0146,1235.3592,951.5466,71.9531,71.9531,1.8842,2.3552,164.8435,0.0000,0.0000,0.0000,203.1496,5.7505,2236.9710
12/03/2022 00:00:00,47.8733,0.1751,18.9198,0.0000,0.0000,0.0000,0.0000,0.0000,36.8010,0.0000,258.0979,30.8037,0.3571,0.4601,0.1481,0.0148,1232.7810,949.1476,71.5843,71.5843,1.8667,2.3333,164.6640,0.0000,0.0000,0.0000,202.5181,5.7337,2231.5842
13/03/2022 00:00:00,42.8705,0.1708,19.7837,0.0000,0.0000,0.0000,0.0000,0.0000,36.6724,0.0000,258.4418,31.3394,0.3571,0.4597,0.1498,0.0150,1230.2027,946.7486,71.2155,71.2155,1.8492,2.3114,164.4844,0.0000,0.0000,0.0000,201.8867,5.7170,2226.1975
14/03/2022 00:00:00,41.3678,0.1730,20.7567,0.0000,0.0000,0.0000,0.0000,0.0000,36.5438,0.0000,258.7856,31.8752,0.3571,0.4593,0.1516,0.0152,1227.6244,944.3495,70.8467,70.8467,1.8316,2.2895,164.3048,0.0000,0.0000,0.0000,201.2553,5.7002,2220.8107
15/03/2022 00:00:00,41.6410,0.1742,21.5152,0.0000,0.0000,0.0000,0.0000,0.0000,36.4152,0.0000,259.1295,32.4109,0.3571,0.4589,0.1533,0.0153,1225.0462,941.9505,70.4779,70.4779,1.8141,2.2677,164.1253,0.0000,0.0000,0.0000,200.6239,5.6835,2215.4240
16/03/2022 00:00:00,41.4280,0.1771,22.0425,0.0000,0.0000,0.0000,0.0000,0.0000,36.2866,0.0000,259.4734,32.9466,0.3571,0.4585,0.1550,0.0155,1222.4679,939.5515,70.1091,70.1091,1.7966,2.2458,163.9457,0.0000,0.0000,0.0000,199.9925,5.6667,2210.0373
17/03/2022 00:00:00,38.3777,0.1814,21.9406,0.0000,0.0000,0.0000,0.0000,0.0000,36.1580,0.0000,259.8172,33.4823,0.3571,0.4581,0.1568,0.0157,1219.8896,937.1525,69.7403,69.7404,1.7791,2.2239,163.7662,0.0000,0.0000,0.0000,199.3611,5.6500,2204.6505
18/03/2022 00:00:00,34.9289,0.1866,22.0684,0.0000,0.0000,0.0000,0.0000,0.0000,36.0294,0.0000,260.1611,34.0180,0.3571,0.4578,0.1585,0.0159,1217.3114,934.7535,69.3715,69.3716,1.7616,2.2020,163.5866,0.0000,0.0000,0.0000,198.7296,5.6332,2199.2638
19/03/2022 00:00:00,35.4912,0.1861,21.7875,0.0000,0.0000,0.0000,0.0000,0.0000,35.9008,0.0000,260.5050,34.5537,0.3571,0.4574,0.1602,0.0160,1214.7331,932.3545,69.0027,69.0028,1.7441,2.1801,163.4070,0.0000,0.0000,0.0000,198.0982,5.6165,2193.8770
20/03/2022 00:00:00,34.5684,0.1854,21.9629,0.0000,0.0000,0.0000,0.0000,0.0000,35.7721,0.0000,260.8488,35.0894,0.3571,0.4570,0.1620,0.0162,1212.1548,929.9554,68.6339,68.6340,1.7265,2.1582,163.2275,0.0000,0.0000,0.0000,197.4668,5.5997,2188.4903
21/03/2022 00:00:00,31.2866,0.1871,21.4913,0.0000,0.0000,0.0000,0.0000,0.0000,35.6435,0.0000,261.1927,35.6251,0.3571,0.4566,0.1637,0.0164,1209.5766,927.5564,68.2651,68.2652,1.7090,2.1363,163.0479,0.0000,0.0000,0.0000,196.8354,5.5830,2183.1035
22/03/2022 00:00:00,31.3026,0.1882,20.9146,0.0000,0.0000,0.0000,0.0000,0.0000,35.5149,0.0000,261.5366,36.1609,0.3571,0.4562,0.1655,0.0165,1206.9983,925.1574,67.8963,67.8964,1.6915,2.1144,162.8684,0.0000,0.0000,0.0000,196.2040,5.5662,2177.7168
23/03/2022 00:00:00,32.2687,0.1868,20.1130,0.0000,0.0000,0.0000,0.0000,0.0000,35.3863,0.0000,261.8804,36.6966,0.3571,0.4558,0.1672,0.0167,1204.4200,922.7584,67.5276,67.5276,1.6740,2.0925,162.6888,0.0000,0.0000,0.0000,195.5726,5.5495,2172.3301
24/03/2022 00:00:00,33.3216,0.1861,19.6000,0.0000,0.0000,0.0000,0.0000,0.0000,35.2577,0.0000,262.2243,37.2323,0.3571,0.4555,0.1689,0.0169,1201.8418,920.3594,67.1588,67.1588,1.6565,2.0706,162.5093,0.0000,0.0000,0.0000,194.9412,5.5327,2166.9433
25/03/2022 00:00:00,30.0408,0.1906,19.4181,0.0000,0.0000,0.0000,0.0000,0.0000,35.1291,0.0000,262.5682,37.7680,0.3571,0.4551,0.1707,0.0171,1199.2635,917.9603,66.7900,66.7900,1.6390,2.0487,162.3297,0.0000,0.0000,0.0000,194.3097,5.5160,2161.5566
26/03/2022 00:00:00,22.4755,0.1936,19.1754,0.0000,0.0000,0.0000,0.0000,0.0000,35.0005,0.0000,262.9120,38.3037,0.3571,0.4547,0.1724,0.0172,1196.6852,915.5613,66.4212,66.4212,1.6214,2.0268,162.1501,0.0000,0.0000,0.0000,193.6783,5.4992,2156.1698
27/03/2022 00:00:00,18.6925,0.1942,19.6831,0.0000,0.0000,0.0000,0.0000,0.0000,34.8719,0.0000,263.2559,38.8394,0.3571,0.4543,0.1741,0.0174,1194.1069,913.1623,66.0524,66.0524,1.6039,2.0049,161.9706,0.0000,0.0000,0.0000,193.0469,5.4825,2150.7831
28/03/2022 00:00:00,21.9795,0.1954,20.4131,0.0000,0.0000,0.0000,0.0000,0.0000,34.7433,0.0000,263.5998,39.3751,0.3571,0.4539,0.1759,0.0176,1191.5287,910.7633,65.6836,65.6836,1.5864,1.9830,161.7910,0.0000,0.0000,0.0000,192.4155,5.4657,2145.3963
29/03/2022 00:00:00,28.9364,0.1978,20.4714,0.0000,0.0000,0.0000,0.0000,0.0000,34.6146,0.0000,263.9436,39.9109,0.3571,0.4535,0.1776,0.0178,1188.9504,908.3643,65.3148,65.3148,1.5689,1.9611,161.6115,0.0000,0.0000,0.0000,191.7841,5.4489,2140.0096
30/03/2022 00:00:00,31.5290,0.1988,19.4456,0.0000,0.0000,0.0000,0.0000,0.0000,34.4860,0.0000,264.2875,40.4466,0.3571,0.4531,0.1793,0.0179,1186.3721,905.9653,64.9460,64.9460,1.5514,1.9392,161.4319,0.0000,0.0000,0.0000,191.1527,5.4322,2134.6229
31/03/2022 00:00:00,31.3208,0.2007,17.6087,0.0000,0.0000,0.0000,0.0000,0.0000,34.3574,0.0000,264.6314,40.9823,0.3571,0.4528,0.1811,0.0181,1183.7939,903.5662,64.5772,64.5772,1.5339,1.9173,161.2524,0.0000,0.0000,0.0000,190.5213,5.4154,2129.2361
01/04/2022 00:00:00,29.3888,0.2002,16.4909,0.0000,0.0000,0.0000,0.0000,0.0000,34.2288,0.0000,264.9752,41.5180,0.3571,0.4524,0.1828,0.0183,1181.2156,901.1672,64.2084,64.2084,1.5164,1.8954,161.0728,0.0000,0.0000,0.0000,189.8898,5.3987,2123.8494
02/04/2022 00:00:00,32.5473,0.1998,16.3458,0.0000,0.0000,0.0000,0.0000,0.0000,34.1002,0.0000,265.3191,44.4621,0.3571,0.5397,0.2004,0.0200,1178.6373,898.7682,64.1542,64.1542,1.5199,1.8999,160.8932,0.0000,0.0000,0.0000,189.2584,5.3819,2118.4626
03/04/2022 00:00:00,31.4051,0.1993,17.0141,0.0000,0.0000,0.0000,0.0000,0.0000,33.9716,0.0000,265.6630,47.4080,0.3571,0.6270,0.2179,0.0218,1176.0591,896.3692,64.1001,64.1001,1.5235,1.9043,160.7137,0.0000,0.0000,0.0000,188.6270,5.3652,2113.0759
04/04/2022 00:00:00,24.7005,0.1982,17.6262,0.0000,0.0000,0.0000,0.0000,0.0000,33.8430,0.0000,266.0068,50.3538,0.3571,0.7143,0.2355,0.0235,1173.4808,893.9702,64.0459,64.0459,1.5270,1.9088,160.5341,0.0000,0.0000,0.0000,187.9956,5.3484,2107.6891
05/04/2022 00:00:00,16.9707,0.1966,17.3109,0.0000,0.0000,0.0000,0.0000,0.0000,33.7144,0.0000,266.3507,53.2997,0.3571,0.8016,0.2530,0.0253,1170.9025,891.5711,63.9918,63.9918,1.5306,1.9133,160.3546,0.0000,0.0000,0.0000,187.3642,5.3317,2102.3024
06/04/2022 00:00:00,13.2033,0.1944,17.2607,0.0000,0.0000,0.0000,0.0000,0.0000,33.5858,0.0000,266.6945,56.2456,0.3571,0.8889,0.2706,0.0271,1168.3243,889.1721,63.9376,63.9376,1.5342,1.9177,160.1750,0.0000,0.0000,0.0000,186.7328,5.3149,2096.9157
07/04/2022 00:00:00,13.0449,0.1968,17.0252,0.0000,0.0000,0.0000,0.0000,0.0000,33.4571,0.0000,267.0384,59.1915,0.3571,0.9762,0.2882,0.0288,1165.7460,886.7731,63.8835,63.8835,1.5377,1.9222,159.9954,0.0000,0.0000,0.0000,186.1013,5.2982,2091.5289
08/04/2022 00:00:00,15.0791,0.1965,17.8584,0.0000,0.0000,0.0000,0.0000,0.0000,33.3285,0.0000,267.3823,62.1374,0.3571,1.0635,0.3057,0.0306,1163.1677,884.3741,63.8294,63.8294,1.5413,1.9266,159.8159,0.0000,0.0000,0.0000,185.4699,5.2814,2086.1422
09/04/2022 00:00:00,16.5066,0.1972,18.5901,0.0000,0.0000,0.0000,0.0000,0.0000,33.1999,0.0000,267.7261,65.0832,0.3571,1.1508,0.3233,0.0323,1160.5895,881.9751,63.7752,63.7752,1.5448,1.9311,159.6363,0.0000,0.0000,0.0000,184.8385,5.2647,2080.7554
10/04/2022 00:00:00,15.8560,0.1976,18.9814,0.0000,0.0000,0.0000,0.0000,0.0000,33.0713,0.0000,268.0700,68.0291,0.3571,1.2381,0.3409,0.0341,1158.0112,879.5761,63.7211,63.7211,1.5484,1.9355,159.4568,0.0000,0.0000,0.0000,184.2071,5.2479,2075.3687
11/04/2022 00:00:00,14.6691,0.1963,18.5629,0.0000,0.0000,0.0000,0.0000,0.0000,32.9427,0.0000,268.4139,70.9750,0.3571,1.3254,0.3584,0.0358,1155.4329,877.1770,63.6670,63.6670,1.5520,1.9400,159.2772,0.0000,0.0000,0.0000,183.5757,5.2312,2069.9819
12/04/2022 00:00:00,16.7158,0.1969,17.3014,0.0000,0.0000,0.0000,0.0000,0.0000,32.8141,0.0000,268.7577,73.9209,0.3571,1.4127,0.3760,0.0376,1152.8547,874.7780,63.6128,63.6128,1.5555,1.9444,159.0977,0.0000,0.0000,0.0000,182.9443,5.2144,2064.5952
13/04/2022 00:00:00,19.0928,0.1956,16.3730,0.0000,0.0000,0.0000,0.0000,0.0000,32.6855,0.0000,269.1016,76.8667,0.3571,1.5000,0.3935,0.0394,1150.2764,872.3790,63.5587,63.5587,1.5591,1.9489,158.9181,0.0000,0.0000,0.0000,182.3129,5.1977,2059.2085
14/04/2022 00:00:00,15.4372,0.2017,16.4390,0.0000,0.0000,0.0000,0.0000,0.0000,32.5569,0.0000,269.4455,79.8126,0.3571,1.5873,0.4111,0.0411,1147.6981,869.9800,63.5045,63.5045,1.5627,1.9533,158.7385,0.0000,0.0000,0.0000,181.6814,5.1809,2053.8217
15/04/2022 00:00:00,5.8465,0.2075,17.4014,0.0000,0.0000,0.0000,0.0000,0.0000,32.4283,0.0000,269.7893,82.7585,0.3571,1.6746,0.4287,0.0429,1145.1199,867.5810,63.4504,63.4504,1.5662,1.9578,158.5590,0.0000,0.0000,0.0000,181.0500,5.1642,2048.4350
16/04/2022 00:00:00,0.3572,0.2084,18.7511,0.0000,0.0000,0.0000,0.0000,0.0000,32.2996,0.0000,270.1332,85.7044,0.3571,1.7619,0.4462,0.0446,1142.5416,865.1819,63.3963,63.3963,1.5698,1.9622,158.3794,0.0000,0.0000,0.0000,180.4186,5.1474,2043.0482
17/04/2022 00:00:00,0.3393,0.3742,18.9284,0.0000,0.0000,0.0000,0.0000,0.0000,32.1710,0.0000,270.4771,88.6503,0.3571,1.8492,0.4638,0.0464,1139.9633,862.7829,63.3421,63.3421,1.5733,1.9667,158.1999,0.0000,0.0000,0.0000,179.7872,5.1306,2037.6615
18/04/2022 00:00:00,0.3121,0.3062,18.3487,0.0000,0.0000,0.0000,0.0000,0.0000,32.0424,0.0000,270.8209,91.5961,0.3571,1.9365,0.4814,0.0481,1137.3851,860.3839,63.2880,63.2880,1.5769,1.9711,158.0203,0.0000,0.0000,0.0000,179.1558,5.1139,2032.2747
19/04/2022 00:00:00,0.2979,0.5959,17.3662,0.0000,0.0000,0.0000,0.0000,0.0000,31.9138,0.0000,271.1648,94.5420,0.3571,2.0238,0.4989,0.0499,1134.8068,857.9849,63.2339,63.2339,1.5805,1.9756,157.8408,0.0000,0.0000,0.0000,178.5244,5.0971,2026.8880
20/04/2022 00:00:00,0.2885,0.6987,17.4859,0.0000,0.0000,0.0000,0.0000,0.0000,31.7852,0.0000,271.5087,97.4879,0.3571,2.1111,0.5165,0.0516,1132.2285,855.5859,63.1797,63.1797,1.5840,1.9800,157.6612,0.0000,0.0000,0.0000,177.8930,5.0804,2021.5013
21/04/2022 00:00:00,0.3049,0.5446,17.2771,0.0000,0.0000,0.0000,0.0000,0.0000,31.6566,0.0000,271.8525,100.4338,0.3571,2.1984,0.5340,0.0534,1129.6503,853.1868,63.1256,63.1256,1.5876,1.9845,157.4816,0.0000,0.0000,0.0000,177.2615,5.0636,2016.1145
22/04/2022 00:00:00,8.9831,0.3184,16.7466,0.0000,0.0000,0.0000,0.0000,0.0000,31.5280,0.0000,272.1964,103.3796,0.3571,2.2857,0.5516,0.0552,1127.0720,850.7878,63.0714,63.0714,1.5912,1.9890,157.3021,0.0000,0.0000,0.0000,176.6301,5.0469,2010.7278
23/04/2022 00:00:00,25.1889,0.2444,16.0679,0.0000,0.0000,0.0000,0.0000,0.0000,31.3994,0.0000,272.5403,106.3255,0.3571,2.3730,0.5692,0.0569,1124.4937,848.3888,63.0173,63.0173,1.5947,1.9934,157.1225,0.0000,0.0000,0.0000,175.9987,5.0301,2005.3410
24/04/2022 00:00:00,34.3225,0.2442,16.4091,0.0000,0.0000,0.0000,0.0000,0.0000,31.2708,0.0000,272.8841,109.2714,0.3571,2.4603,0.5867,0.0587,1121.9155,845.9898,62.9632,62.9632,1.5983,1.9979,156.9430,0.0000,0.0000,0.0000,175.3673,5.0134,1999.9543
25/04/2022 00:00:00,34.7468,0.2512,16.7422,0.0000,0.0000,0.0000,0.0000,0.0000,31.1421,0.0000,273.2280,112.2173,0.3571,2.5476,0.6043,0.0604,1119.3372,843.5908,62.9090,62.9090,1.6018,2.0023,156.7634,0.0000,0.0000,0.0000,174.7359,4.9966,1994.5675
26/04/2022 00:00:00,33.5731,0.2575,17.1044,0.0000,0.0000,0.0000,0.0000,0.0000,31.0135,0.0000,273.5719,115.1631,0.3571,2.6349,0.6219,0.0622,1116.7589,841.1918,62.8549,62.8549,1.6054,2.0068,156.5838,0.0000,0.0000,0.0000,174.1045,4.9799,1989.1808
27/04/2022 00:00:00,33.6470,0.2614,17.1587,0.0000,0.0000,0.0000,0.0000,0.0000,30.8849,0.0000,273.9157,118.1090,0.3571,2.7222,0.6394,0.0639,1114.1807,838.7927,62.8007,62.8007,1.6090,2.0112,156.4043,0.0000,0.0000,0.0000,173.4730,4.9631,1983.7941
28/04/2022 00:00:00,32.7926,0.2672,17.4896,0.0000,0.0000,0.0000,0.0000,0.0000,30.7563,0.0000,274.2596,121.0549,0.3571,2.8095,0.6570,0.0657,1111.6024,836.3937,62.7466,62.7466,1.6125,2.0157,156.2247,0.0000,0.0000,0.0000,172.8416,4.9464,1978.4073
29/04/2022 00:00:00,26.4930,0.2579,17.9000,0.0000,0.0000,0.0000,0.0000,0.0000,30.6277,0.0000,274.6035,124.0008,0.3571,2.8968,0.6745,0.0675,1109.0241,833.9947,62.6925,62.6925,1.6161,2.0201,156.0452,0.0000,0.0000,0.0000,172.2102,4.9296,1973.0206
30/04/2022 00:00:00,20.5120,0.2105,17.0636,0.0000,0.0000,0.0000,0.0000,0.0000,30.4991,0.0000,274.9473,126.9467,0.3571,2.9841,0.6921,0.0692,1106.4458,831.5957,62.6383,62.6383,1.6197,2.0246,155.8656,0.0000,0.0000,0.0000,171.5788,4.9129,1967.6338
01/05/2022 00:00:00,28.6810,0.2076,16.9868,0.0000,0.0000,0.0000,0.0000,0.0000,30.3705,0.0000,275.2912,129.8925,0.3571,3.0714,0.7097,0.0710,1103.8676,829.1967,62.5842,62.5842,1.6232,2.0290,155.6861,0.0000,0.0000,0.0000,170.9474,4.8961,1962.2471
02/05/2022 00:00:00,34.1617,0.2075,17.1962,0.0000,0.0000,0.0000,0.0000,0.0000,30.2419,0.0000,275.6351,128.1143,0.3571,2.9885,0.6977,0.0698,1101.2893,826.7976,62.9339,62.9339,1.6282,2.0353,155.5065,0.0000,0.0000,0.0000,170.3160,4.8794,1956.8603
03/05/2022 00:00:00,35.2181,0.2039,17.0300,0.0000,0.0000,0.0000,0.0000,0.0000,30.1133,0.0000,275.9789,126.3350,0.3571,2.9056,0.6857,0.0686,1098.7110,824.3986,63.2840,63.2841,1.6332,2.0415,155.3269,0.0000,0.0000,0.0000,169.6846,4.8626,1951.4736
04/05/2022 00:00:00,27.6128,0.2065,16.4910,0.0000,0.0000,0.0000,0.0000,0.0000,29.9847,0.0000,276.3228,124.5556,0.3571,2.8226,0.6738,0.0674,1096.1328,821.9996,63.6342,63.6342,1.6382,2.0477,155.1474,0.0000,0.0000,0.0000,169.0531,4.8458,1946.0869
05/05/2022 00:00:00,25.8963,0.2040,15.1261,0.0000,0.0000,0.0000,0.0000,0.0000,29.8560,0.0000,276.6666,122.7763,0.3571,2.7397,0.6618,0.0662,1093.5545,819.6006,63.9843,63.9843,1.6432,2.0540,154.9678,0.0000,0.0000,0.0000,168.4217,4.8291,1940.7001
06/05/2022 00:00:00,32.8196,0.2016,14.1802,0.0000,0.0000,0.0000,0.0000,0.0000,29.7274,0.0000,277.0105,120.9969,0.3571,2.6567,0.6498,0.0650,1090.9762,817.2016,64.3344,64.3344,1.6482,2.0602,154.7883,0.0000,0.0000,0.0000,167.7903,4.8123,1935.3134
07/05/2022 00:00:00,36.9120,0.2003,13.8805,0.0000,0.0000,0.0000,0.0000,0.0000,29.5988,0.0000,277.3544,119.2175,0.3571,2.5738,0.6379,0.0638,1088.3980,814.8026,64.6845,64.6845,1.6531,2.0664,154.6087,0.0000,0.0000,0.0000,167.1589,4.7956,1929.9266
08/05/2022 00:00:00,39.1986,0.2038,14.3223,0.0000,0.0000,0.0000,0.0000,0.0000,29.4702,0.0000,277.6982,117.4382,0.3571,2.4908,0.6259,0.0626,1085.8197,812.4035,65.0346,65.0347,1.6581,2.0727,154.4291,0.0000,0.0000,0.0000,166.5275,4.7788,1924.5399
09/05/2022 00:00:00,47.5459,0.2024,14.3135,0.0000,0.0000,0.0000,0.0000,0.0000,29.3416,0.0000,278.0421,115.6588,0.3571,2.4079,0.6139,0.0614,1083.2414,810.0045,65.3847,65.3848,1.6631,2.0789,154.2496,0.0000,0.0000,0.0000,165.8961,4.7621,1919.1531
10/05/2022 00:00:00,54.2619,0.2035,14.2623,0.0000,0.0000,0.0000,0.0000,0.0000,29.2130,0.0000,278.3860,113.8795,0.3571,2.3249,0.6020,0.0602,1080.6632,807.6055,65.7348,65.7349,1.6681,2.0851,154.0700,0.0000,0.0000,0.0000,165.2647,4.7453,1913.7664
11/05/2022 00:00:00,50.8838,0.2043,14.3628,0.0000,0.0000,0.0000,0.0000,0.0000,29.0844,0.0000,278.7298,112.1001,0.3571,2.2420,0.5900,0.0590,1078.0849,805.2065,66.0849,66.0850,1.6731,2.0914,153.8905,0.0000,0.0000,0.0000,164.6332,4.7286,1908.3797
12/05/2022 00:00:00,46.4738,0.2043,14.8043,0.0000,0.0000,0.0000,0.0000,0.0000,28.9558,0.0000,279.0737,110.3208,0.3571,2.1590,0.5780,0.0578,1075.5066,802.8075,66.4351,66.4351,1.6781,2.0976,153.7109,0.0000,0.0000,0.0000,164.0018,4.7118,1902.9929
13/05/2022 00:00:00,47.2024,0.2040,15.1425,0.0000,0.0000,0.0000,0.0000,0.0000,28.8272,0.0000,279.4176,108.5414,0.3571,2.0761,0.5661,0.0566,1072.9284,800.4084,66.7852,66.7853,1.6831,2.1038,153.5314,0.0000,0.0000,0.0000,163.3704,4.6951,1897.6062
14/05/2022 00:00:00,39.7439,0.2025,15.7106,0.0000,0.0000,0.0000,0.0000,0.0000,28.6985,0.0000,279.7614,106.7621,0.3571,1.9931,0.5541,0.0554,1070.3501,798.0094,67.1353,67.1354,1.6881,2.1101,153.3518,0.0000,0.0000,0.0000,162.7390,4.6783,1892.2194
15/05/2022 00:00:00,19.4604,0.3456,15.9014,0.0000,0.0000,0.0000,0.0000,0.0000,28.5699,0.0000,280.1053,104.9827,0.3571,1.9102,0.5421,0.0542,1067.7718,795.6104,67.4854,67.4855,1.6931,2.1163,153.1722,0.0000,0.0000,0.0000,162.1076,4.6616,1886.8327
16/05/2022 00:00:00,5.1878,4.9985,15.3423,0.0000,0.0000,0.0000,0.0000,0.0000,28.4413,0.0000,280.4492,103.2034,0.3571,1.8273,0.5302,0.0530,1065.1936,793.2114,67.8355,67.8356,1.6980,2.1226,152.9927,0.0000,0.0000,0.0000,161.4762,4.6448,1881.4459
17/05/2022 00:00:00,3.1843,4.5062,14.7259,0.0000,0.0000,0.0000,0.0000,0.0000,28.3127,0.0000,280.7930,101.4240,0.3571,1.7443,0.5182,0.0518,1062.6153,790.8124,68.1856,68.1857,1.7030,2.1288,152.8131,0.0000,0.0000,0.0000,160.8447,4.6281,1876.0592
18/05/2022 00:00:00,9.2334,2.9581,14.3070,0.0000,0.0000,0.0000,0.0000,0.0000,28.1841,0.0000,281.1369,99.6447,0.3571,1.6614,0.5062,0.0506,1060.0370,788.4134,68.5357,68.5358,1.7080,2.1350,152.6336,0.0000,0.0000,0.0000,160.2133,4.6113,1870.6725
19/05/2022 00:00:00,30.5634,0.2121,14.4466,0.0000,0.0000,0.0000,0.0000,0.0000,28.0555,0.0000,281.4808,97.8653,0.3571,1.5784,0.4943,0.0494,1057.4588,786.0143,68.8858,68.8860,1.7130,2.1413,152.4540,0.0000,0.0000,0.0000,159.5819,4.5946,1865.2857
20/05/2022 00:00:00,53.4482,0.2024,14.0197,0.0000,0.0000,0.0000,0.0000,0.0000,27.9269,0.0000,281.8246,96.0859,0.3571,1.4955,0.4823,0.0482,1054.8805,783.6153,69.2359,69.2361,1.7180,2.1475,152.2745,0.0000,0.0000,0.0000,158.9505,4.5778,1859.8990
21/05/2022 00:00:00,59.1657,0.2056,13.3937,0.0000,0.0000,0.0000,0.0000,0.0000,27.7983,0.0000,282.1685,94.3066,0.3571,1.4125,0.4703,0.0470,1052.3022,781.2163,69.5861,69.5862,1.7230,2.1537,152.0949,0.0000,0.0000,0.0000,158.3191,4.5611,1854.5122
22/05/2022 00:00:00,58.2892,0.2372,13.5531,0.0000,0.0000,0.0000,0.0000,0.0000,27.6697,0.0000,282.5124,92.5272,0.3571,1.3296,0.4584,0.0458,1049.7240,778.8173,69.9362,69.9363,1.7280,2.1600,151.9153,0.0000,0.0000,0.0000,157.6877,4.5443,1849.1255
23/05/2022 00:00:00,58.3888,0.2949,13.9205,0.0000,0.0000,0.0000,0.0000,0.0000,27.5410,0.0000,282.8562,90.7479,0.3571,1.2466,0.4464,0.0446,1047.1457,776.4183,70.2863,70.2864,1.7330,2.1662,151.7358,0.0000,0.0000,0.0000,157.0563,4.5275,1843.7387
24/05/2022 00:00:00,60.0688,0.2757,13.9958,0.0000,0.0000,0.0000,0.0000,0.0000,27.4124,0.0000,283.2001,88.9685,0.3571,1.1637,0.4344,0.0434,1044.5674,774.0192,70.6364,70.6366,1.7379,2.1724,151.5562,0.0000,0.0000,0.0000,156.4248,4.5108,1838.3520
25/05/2022 00:00:00,51.4146,0.2567,13.8874,0.0000,0.0000,0.0000,0.0000,0.0000,27.2838,0.0000,283.5440,87.1892,0.3571,1.0807,0.4225,0.0422,1041.9892,771.6202,70.9865,70.9867,1.7429,2.1787,151.3767,0.0000,0.0000,0.0000,155.7934,4.4940,1832.9653
26/05/2022 00:00:00,37.6046,0.2483,14.0233,0.0000,0.0000,0.0000,0.0000,0.0000,27.1552,0.0000,283.8878,85.4098,0.3571,0.9978,0.4105,0.0411,1039.4109,769.2212,71.3366,71.3368,1.7479,2.1849,151.1971,0.0000,0.0000,0.0000,155.1620,4.4773,1827.5785
27/05/2022 00:00:00,36.6942,0.2502,14.0029,0.0000,0.0000,0.0000,0.0000,0.0000,27.0266,0.0000,284.2317,83.6305,0.3571,0.9148,0.3985,0.0399,1036.8326,766.8222,71.6867,71.6869,1.7529,2.1911,151.0175,0.0000,0.0000,0.0000,154.5306,4.4605,1822.1918
28/05/2022 00:00:00,36.2186,0.2360,13.9455,0.0000,0.0000,0.0000,0.0000,0.0000,26.8980,0.0000,284.5756,81.8511,0.3571,0.8319,0.3866,0.0387,1034.2544,764.4232,72.0368,72.0370,1.7579,2.1974,150.8380,0.0000,0.0000,0.0000,153.8992,4.4438,1816.8050
29/05/2022 00:00:00,34.5437,0.2362,13.7378,0.0000,0.0000,0.0000,0.0000,0.0000,26.7694,0.0000,284.9194,80.0718,0.3571,0.7489,0.3746,0.0375,1031.6761,762.0241,72.3870,72.3871,1.7629,2.2036,150.6584,0.0000,0.0000,0.0000,153.2678,4.4270,1811.4183
30/05/2022 00:00:00,28.1428,0.2189,13.5791,0.0000,0.0000,0.0000,0.0000,0.0000,26.6408,0.0000,285.2633,78.2924,0.3571,0.6660,0.3626,0.0363,1029.0978,759.6251,72.7371,72.7373,1.7679,2.2098,150.4789,0.0000,0.0000,0.0000,152.6364,4.4103,1806.0315
31/05/2022 00:00:00,9.8761,0.6232,11.8146,0.0000,0.0000,0.0000,0.0000,0.0000,26.5122,0.0000,285.6072,76.5131,0.3571,0.5830,0.3507,0.0351,1026.5195,757.2261,73.0872,73.0874,1.7729,2.2161,150.2993,0.0000,0.0000,0.0000,152.0049,4.3935,1800.6448
01/06/2022 00:00:00,2.7739,1.9147,10.9647,0.0000,0.0000,0.0000,0.0000,0.0000,26.3835,0.0000,285.9510,74.7337,0.3571,0.5001,0.3387,0.0339,1023.9413,754.8271,73.4373,73.4375,1.7778,2.2223,150.1198,0.0000,0.0000,0.0000,151.3735,4.3768,1795.2581
02/06/2022 00:00:00,16.6642,1.9979,11.4426,0.0000,0.0000,0.0000,0.0000,0.0000,26.2549,0.0000,286.2949,73.7251,0.3571,0.5214,0.3414,0.0341,1021.3630,752.4281,72.8157,72.8153,1.7831,2.2289,149.9402,0.0000,0.0000,0.0000,150.7421,4.3600,1789.8713
03/06/2022 00:00:00,29.9771,0.4851,11.6990,0.0000,0.0000,0.0000,0.0000,0.0000,26.1263,0.0000,286.6387,72.7168,0.3571,0.5428,0.3441,0.0344,1018.7847,750.0291,72.1934,72.1930,1.7884,2.2355,149.7606,0.0000,0.0000,0.0000,150.1107,4.3433,1784.4846
04/06/2022 00:00:00,16.2730,0.7087,12.0715,0.0000,0.0000,0.0000,0.0000,0.0000,25.9977,0.0000,286.9826,71.7086,0.3571,0.5643,0.3468,0.0347,1016.2065,747.6300,71.5711,71.5707,1.7937,2.2421,149.5811,0.0000,0.0000,0.0000,149.4793,4.3265,1779.0978
05/06/2022 00:00:00,0.2377,2.8880,11.9151,0.0000,0.0000,0.0000,0.0000,0.0000,25.8691,0.0000,287.3265,70.7003,0.3571,0.5857,0.3495,0.0349,1013.6282,745.2310,70.9488,70.9485,1.7989,2.2487,149.4015,0.0000,0.0000,0.0000,148.8479,4.3098,1773.7111
06/06/2022 00:00:00,2.2191,4.0463,11.0515,0.0000,0.0000,0.0000,0.0000,0.0000,25.7405,0.0000,287.6703,69.6920,0.3571,0.6071,0.3522,0.0352,1011.0499,742.8320,70.3266,70.3262,1.8042,2.2552,149.2220,0.0000,0.0000,0.0000,148.2164,4.2930,1768.3243
07/06/2022 00:00:00,18.5037,2.6366,10.8976,0.0000,0.0000,0.0000,0.0000,0.0000,25.6119,0.0000,288.0142,68.6837,0.3571,0.6286,0.3548,0.0355,1008.4717,740.4330,69.7043,69.7039,1.8095,2.2618,149.0424,0.0000,0.0000,0.0000,147.5850,4.2763,1762.9376
08/06/2022 00:00:00,46.1561,4.3470,11.1314,0.0000,0.0000,0.0000,0.0000,0.0000,25.4833,0.0000,288.3581,67.6754,0.3571,0.6500,0.3575,0.0358,1005.8934,738.0340,69.0820,69.0816,1.8147,2.2684,148.8629,0.0000,0.0000,0.0000,146.9536,4.2595,1757.5509
09/06/2022 00:00:00,56.5401,3.5921,11.4037,0.0000,0.0000,0.0000,0.0000,0.0000,25.3547,0.0000,288.7019,66.6671,0.3571,0.6714,0.3602,0.0360,1003.3151,735.6349,68.4597,68.4594,1.8200,2.2750,148.6833,0.0000,0.0000,0.0000,146.3222,4.2427,1752.1641
10/06/2022 00:00:00,52.5924,2.8370,11.6402,0.0000,0.0000,0.0000,0.0000,0.0000,25.2260,0.0000,289.0458,65.6588,0.3571,0.6928,0.3629,0.0363,1000.7369,733.2359,67.8374,67.8371,1.8253,2.2816,148.5037,0.0000,0.0000,0.0000,145.6908,4.2260,1746.7774
11/06/2022 00:00:00,52.8133,2.1946,11.9790,0.0000,0.0000,0.0000,0.0000,0.0000,25.0974,0.0000,289.3897,64.6505,0.3571,0.7143,0.3656,0.0366,998.1586,730.8369,67.2151,67.2148,1.8305,2.2882,148.3242,0.0000,0.0000,0.0000,145.0594,4.2092,1741.3906
12/06/2022 00:00:00,53.9629,1.6691,11.8976,0.0000,0.0000,0.0000,0.0000,0.0000,24.9688,0.0000,289.7335,63.6422,0.3571,0.7357,0.3683,0.0368,995.5803,728.4379,66.5929,66.5925,1.8358,2.2948,148.1446,0.0000,0.0000,0.0000,144.4280,4.1925,1736.0039
13/06/2022 00:00:00,56.8270,1.1415,11.7190,0.0000,0.0000,0.0000,0.0000,0.0000,24.8402,0.0000,290.0774,62.6339,0.3571,0.7571,0.3710,0.0371,993.0021,726.0389,65.9706,65.9703,1.8411,2.3013,147.9651,0.0000,0.0000,0.0000,143.7965,4.1757,1730.6171
14/06/2022 00:00:00,57.5182,0.9058,11.1970,0.0000,0.0000,0.0000,0.0000,0.0000,24.7116,0.0000,290.4213,61.6256,0.3571,0.7786,0.3737,0.0374,990.4238,723.6399,65.3483,65.3480,1.8463,2.3079,147.7855,0.0000,0.0000,0.0000,143.1651,4.1590,1725.2304
15/06/2022 00:00:00,39.7778,0.8683,11.9400,0.0000,0.0000,0.0000,0.0000,0.0000,24.5830,0.0000,290.7651,60.6173,0.3571,0.8000,0.3763,0.0376,987.8455,721.2408,64.7260,64.7257,1.8516,2.3145,147.6059,0.0000,0.0000,0.0000,142.5337,4.1422,1719.8437
16/06/2022 00:00:00,30.5569,1.0025,12.2097,0.0000,0.0000,0.0000,0.0000,0.0000,24.4544,0.0000,291.1090,59.6090,0.3571,0.8214,0.3790,0.0379,985.2673,718.8418,64.1037,64.1034,1.8569,2.3211,147.4264,0.0000,0.0000,0.0000,141.9023,4.1255,1714.4569
17/06/2022 00:00:00,43.3512,1.0203,12.3167,0.0000,0.0000,0.0000,0.0000,0.0000,24.3258,0.0000,291.4529,58.6007,0.3571,0.8428,0.3817,0.0382,982.6890,716.4428,63.4815,63.4812,1.8621,2.3277,147.2468,0.0000,0.0000,0.0000,141.2709,4.1087,1709.0702
18/06/2022 00:00:00,54.2161,0.9097,12.1554,0.0000,0.0000,0.0000,0.0000,0.0000,24.1972,0.0000,291.7967,57.5924,0.3571,0.8643,0.3844,0.0384,980.1107,714.0438,62.8592,62.8589,1.8674,2.3343,147.0673,0.0000,0.0000,0.0000,140.6395,4.0920,1703.6834
19/06/2022 00:00:00,59.8962,0.6511,11.4222,0.0000,0.0000,0.0000,0.0000,0.0000,24.0686,0.0000,292.1406,56.5841,0.3571,0.8857,0.3871,0.0387,977.5325,711.6448,62.2369,62.2366,1.8727,2.3409,146.8877,0.0000,0.0000,0.0000,140.0081,4.0752,1698.2967
20/06/2022 00:00:00,44.7564,0.6456,11.3557,0.0000,0.0000,0.0000,0.0000,0.0000,23.9399,0.0000,292.4845,55.5758,0.3571,0.9071,0.3898,0.0390,974.9542,709.2457,61.6146,61.6144,1.8780,2.3474,146.7082,0.0000,0.0000,0.0000,139.3766,4.0585,1692.9099
21/06/2022 00:00:00,21.7048,0.6828,11.5394,0.0000,0.0000,0.0000,0.0000,0.0000,23.8113,0.0000,292.8283,54.5675,0.3571,0.9286,0.3925,0.0392,972.3759,706.8467,60.9923,60.9921,1.8832,2.3540,146.5286,0.0000,0.0000,0.0000,138.7452,4.0417,1687.5232
22/06/2022 00:00:00,23.5690,0.7493,12.0492,0.0000,0.0000,0.0000,0.0000,0.0000,23.6827,0.0000,293.1722,53.5593,0.3571,0.9500,0.3952,0.0395,969.7977,704.4477,60.3701,60.3698,1.8885,2.3606,146.3490,0.0000,0.0000,0.0000,138.1138,4.0250,1682.1365
23/06/2022 00:00:00,40.9066,0.7228,12.2745,0.0000,0.0000,0.0000,0.0000,0.0000,23.5541,0.0000,293.5161,52.5510,0.3571,0.9714,0.3978,0.0398,967.2194,702.0487,59.7478,59.7475,1.8938,2.3672,146.1695,0.0000,0.0000,0.0000,137.4824,4.0082,1676.7497
24/06/2022 00:00:00,44.0378,0.7247,12.5785,0.0000,0.0000,0.0000,0.0000,0.0000,23.4255,0.0000,293.8599,51.5427,0.3571,0.9928,0.4005,0.0401,964.6411,699.6497,59.1255,59.1253,1.8990,2.3738,145.9899,0.0000,0.0000,0.0000,136.8510,3.9915,1671.3630
25/06/2022 00:00:00,35.5674,0.5358,12.4603,0.0000,0.0000,0.0000,0.0000,0.0000,23.2969,0.0000,294.2038,50.5344,0.3571,1.0143,0.4032,0.0403,962.0629,697.2507,58.5032,58.5030,1.9043,2.3804,145.8104,0.0000,0.0000,0.0000,136.2196,3.9747,1665.9762
26/06/2022 00:00:00,33.1991,0.4666,12.2338,0.0000,0.0000,0.0000,0.0000,0.0000,23.1683,0.0000,294.5477,49.5261,0.3571,1.0357,0.4059,0.0406,959.4846,694.8516,57.8809,57.8807,1.9096,2.3870,145.6308,0.0000,0.0000,0.0000,135.5881,3.9580,1660.5895
27/06/2022 00:00:00,41.8565,0.4475,12.0268,0.0000,0.0000,0.0000,0.0000,0.0000,23.0397,0.0000,294.8915,48.5178,0.3571,1.0571,0.4086,0.0409,956.9063,692.4526,57.2587,57.2584,1.9148,2.3935,145.4512,0.0000,0.0000,0.0000,134.9567,3.9412,1655.2027
28/06/2022 00:00:00,50.1373,0.4840,11.5830,0.0000,0.0000,0.0000,0.0000,0.0000,22.9111,0.0000,295.2354,47.5095,0.3571,1.0786,0.4113,0.0411,954.3281,690.0536,56.6364,56.6362,1.9201,2.4001,145.2717,0.0000,0.0000,0.0000,134.3253,3.9244,1649.8160
29/06/2022 00:00:00,43.9315,0.5037,11.0358,0.0000,0.0000,0.0000,0.0000,0.0000,22.7824,0.0000,295.5792,46.5012,0.3571,1.1000,0.4140,0.0414,951.7498,687.6546,56.0141,56.0139,1.9254,2.4067,145.0921,0.0000,0.0000,0.0000,133.6939,3.9077,1644.4293
30/06/2022 00:00:00,38.0379,0.4529,10.9670,0.0000,0.0000,0.0000,0.0000,0.0000,22.6538,0.0000,295.9231,45.4929,0.3571,1.1214,0.4167,0.0417,949.1715,685.2556,55.3918,55.3916,1.9306,2.4133,144.9126,0.0000,0.0000,0.0000,133.0625,3.8909,1639.0425
01/07/2022 00:00:00,38.0379,0.4384,11.3035,0.0000,0.0000,0.0000,0.0000,0.0000,22.5252,0.0000,296.2670,44.4846,0.3571,1.1428,0.4194,0.0419,946.5933,682.8565,54.7695,54.7693,1.9359,2.4199,144.7330,0.0000,0.0000,0.0000,132.4311,3.8742,1633.6558
